date,close,broken_net_rate,bn_z10y,erp,breadth,new_low,new_high_rate,vol_ratio,ret5,vol_temp,iv_temp,rsi14,bias60,drawdown,margin_chg5,margin_buy_ratio,limit_up_rate,limit_down_rate,max_consec_limit,n_sample,asi_v2,coverage,zone_v2,asi_v2_noerp,asi_v2_nolvspec,asi_v2_nov3,asi_v1
2005-01-04,1242.77,,,,31.68,28.43,0.0,0.637,-2.93,31.0,,28.24,-6.2,-30.08,,,0.49,1.471,1,204,39.5,0.34,Neutral,39.5,39.1,39.5,15.1
2005-01-05,1251.94,2.663,,,42.42,3.43,0.0,0.691,-2.11,33.7,,32.98,-5.36,-29.57,,,0.98,0.49,2,204,58.5,0.89,Neutral,58.5,59.1,58.5,38.3
2005-01-06,1239.43,2.293,,,39.83,11.33,0.0,0.638,-2.74,31.65,,30.06,-6.13,-30.27,,,0.0,0.0,1,203,59.9,0.89,Neutral,59.9,61.1,59.9,36.2
2005-01-07,1244.75,2.367,,,46.75,6.9,0.0,0.726,-2.27,33.04,,32.79,-5.62,-29.97,,,0.493,0.0,1,203,60.0,0.89,Optimistic,60.0,60.9,60.0,40.9
2005-01-10,1252.4,2.441,,,56.14,5.91,0.49,0.594,-1.11,37.02,,36.62,-4.94,-29.54,,,0.493,0.0,1,203,60.5,0.89,Optimistic,60.5,61.4,60.5,43.6
2005-01-11,1257.46,2.145,,,61.29,1.97,0.99,0.64,1.18,44.95,,39.09,-4.47,-29.26,,,0.493,0.0,1,203,64.3,0.89,Optimistic,64.3,65.5,64.3,47.7
2005-01-12,1256.92,1.997,,,51.09,2.45,0.49,0.562,0.4,41.55,,38.91,-4.41,-29.29,,,0.0,0.0,1,204,64.0,0.89,Optimistic,64.0,65.5,64.0,43.6
2005-01-13,1256.31,1.997,,,56.56,1.96,0.0,0.733,1.36,46.84,,38.7,-4.37,-29.32,,,0.0,0.0,1,204,65.3,0.89,Optimistic,65.3,66.9,65.3,47.7
2005-01-14,1245.62,1.997,,,45.32,4.9,0.49,0.833,0.07,42.74,,35.13,-5.1,-29.92,,,0.0,0.0,1,204,64.4,0.89,Optimistic,64.4,65.9,64.4,43.8
2005-01-17,1216.65,2.219,,,33.1,27.09,0.0,0.852,-2.85,30.29,,27.67,-7.18,-31.55,,,0.0,1.478,1,203,59.8,0.89,Neutral,59.8,61.4,59.8,36.1
2005-01-18,1225.45,2.737,,,39.13,7.84,0.0,0.876,-2.55,31.54,,32.37,-6.4,-31.06,,,1.961,0.49,1,204,57.5,0.89,Neutral,57.5,58.2,57.5,38.8
2005-01-19,1218.11,2.441,,,38.02,11.88,0.5,0.814,-3.09,29.49,,30.58,-6.84,-31.47,,,0.99,0.495,2,202,59.0,0.89,Neutral,59.0,59.7,59.0,37.5
2005-01-20,1204.39,2.367,,,33.02,22.06,0.49,0.905,-4.13,24.24,,27.53,-7.72,-32.24,,,0.0,0.49,1,204,57.7,0.89,Neutral,57.7,58.9,57.7,36.2
2005-01-21,1234.48,2.663,,,46.25,1.47,0.49,1.513,-0.89,41.35,,41.36,-5.29,-30.55,,,1.471,0.98,1,204,60.0,0.89,Optimistic,60.0,61.1,60.0,50.7
2005-01-24,1255.78,2.293,,,62.51,0.49,0.99,1.613,3.22,72.96,,48.81,-3.57,-29.35,,,0.985,0.0,1,203,70.0,0.89,Optimistic,70.0,71.5,70.0,60.3
2005-01-25,1254.23,2.219,,,52.02,1.47,0.98,1.057,2.35,56.41,,48.33,-3.63,-29.44,,,0.49,0.49,1,204,66.0,0.89,Optimistic,66.0,67.6,66.0,52.8
2005-01-26,1241.96,2.219,,,49.5,2.94,0.49,0.863,1.96,51.22,,44.58,-4.5,-30.13,,,0.49,0.0,1,204,65.2,0.89,Optimistic,65.2,66.4,65.2,48.0
2005-01-27,1225.89,2.293,,,48.05,7.39,0.49,0.844,1.78,50.17,,40.19,-5.61,-31.03,,,0.0,0.0,1,203,64.4,0.89,Optimistic,64.4,65.9,64.4,45.4
2005-01-28,1213.67,2.367,,,34.73,21.67,0.49,0.737,-1.69,35.27,,37.19,-6.44,-31.72,,,0.493,3.448,1,203,60.0,0.89,Optimistic,60.0,61.7,60.0,37.5
2005-01-31,1191.82,2.959,,,17.51,44.0,0.5,0.826,-5.09,21.39,,32.51,-8.0,-32.95,,,0.0,7.5,1,200,52.7,0.89,Neutral,52.7,54.3,52.7,30.5
2005-02-01,1188.93,4.142,,,18.16,36.63,0.0,0.851,-5.21,21.04,,31.94,-8.08,-33.11,,,0.99,1.98,1,202,46.5,0.89,Neutral,46.5,46.8,46.5,27.9
2005-02-02,1252.5,4.438,,,33.75,0.0,0.98,1.732,0.85,56.35,,51.96,-3.1,-29.54,,,11.765,0.0,1,204,54.6,0.89,Neutral,54.6,54.0,54.6,46.9
2005-02-03,1242.31,2.735,,,33.57,2.48,0.99,1.822,1.34,61.25,,49.45,-3.75,-30.11,,,0.0,0.0,1,202,64.0,0.89,Optimistic,64.0,65.5,64.0,50.0
2005-02-04,1269.0,3.178,,,48.13,1.98,0.99,1.527,4.56,80.78,,55.52,-1.58,-28.61,,,0.0,0.0,1,202,65.6,0.89,Optimistic,65.6,67.3,65.6,55.6
2005-02-16,1278.88,2.882,,,61.61,0.0,0.49,1.316,7.3,77.77,,57.55,-0.72,-28.05,,,1.478,0.0,1,203,67.1,0.89,Optimistic,67.1,68.3,67.1,60.3
2005-02-17,1276.13,2.587,,,66.45,0.49,0.0,1.024,7.33,69.2,,56.77,-0.81,-28.21,,,0.98,0.0,2,204,66.9,0.89,Optimistic,66.9,67.9,66.9,59.4
2005-02-18,1258.97,2.365,,,48.8,0.0,0.0,0.98,0.52,46.1,,52.05,-2.01,-29.17,,,0.0,0.0,1,204,62.2,0.89,Optimistic,62.2,63.5,62.2,52.1
2005-02-21,1284.48,2.587,,,64.45,0.0,0.0,1.155,3.39,64.04,,57.68,0.07,-27.74,,,0.985,0.0,1,203,65.2,0.89,Optimistic,65.2,66.4,65.2,61.0
2005-02-22,1309.28,2.439,,,66.92,0.0,0.0,2.082,3.17,76.66,,62.32,2.08,-26.34,,,2.01,0.0,1,199,69.0,0.89,Optimistic,69.0,70.3,69.0,69.0
2005-02-23,1309.47,1.848,,,65.67,0.0,0.98,2.191,2.39,70.1,,62.35,2.19,-26.33,,,1.961,0.0,2,204,71.5,0.89,Optimistic,71.5,72.7,71.5,70.5
2005-02-24,1309.95,1.774,,,64.49,0.0,0.49,1.795,2.65,72.16,,62.44,2.33,-26.3,,,0.49,0.0,1,204,72.2,0.89,Optimistic,72.2,73.9,72.2,69.4
2005-02-25,1312.44,1.552,,,70.32,0.0,0.99,2.137,4.25,85.68,,62.95,2.6,-26.16,,,0.0,0.0,1,203,77.0,0.89,Optimistic,77.0,79.4,77.0,72.9
2005-02-28,1306.0,1.7,,,57.48,0.0,0.49,1.549,1.68,60.3,,60.67,2.17,-26.53,,,0.0,0.0,1,204,69.6,0.89,Optimistic,69.6,71.5,69.6,66.0
2005-03-01,1303.41,1.7,,,46.95,0.0,0.49,1.225,-0.45,42.85,,59.73,2.04,-26.67,,,0.0,0.0,1,203,65.3,0.89,Optimistic,65.3,66.9,65.3,59.9
2005-03-02,1287.45,1.774,,,36.06,0.49,0.49,1.631,-1.68,35.78,,54.17,0.88,-27.57,,,0.98,0.49,1,204,63.3,0.89,Optimistic,63.3,64.6,63.3,56.4
2005-03-03,1294.34,1.846,,,37.52,0.5,0.5,1.109,-1.19,38.14,,56.07,1.48,-27.18,,,0.495,0.0,1,201,63.4,0.89,Optimistic,63.4,64.5,63.4,54.0
2005-03-04,1287.71,1.92,,,35.15,0.0,0.5,0.952,-1.88,34.44,,53.76,1.03,-27.56,,,0.0,0.493,1,203,61.4,0.89,Optimistic,61.4,62.9,61.4,50.1
2005-03-07,1293.74,1.846,,,41.64,0.0,0.5,0.925,-0.94,38.82,,55.56,1.55,-27.22,,,0.0,0.0,1,202,63.2,0.89,Optimistic,63.2,64.7,63.2,53.0
2005-03-08,1318.27,2.068,,,50.9,0.0,1.99,1.543,1.14,56.3,,62.01,3.5,-25.84,,,0.99,0.0,1,202,65.8,0.89,Optimistic,65.8,67.0,65.8,63.7
2005-03-09,1316.79,1.625,,,58.79,0.0,1.98,1.751,2.28,68.29,,61.43,3.41,-25.92,,,0.985,0.0,1,203,72.3,0.89,Optimistic,72.3,74.0,72.3,68.4
2005-03-10,1286.23,1.773,,,48.52,0.0,0.0,1.509,-0.63,43.25,,50.86,1.08,-27.64,,,0.0,0.0,1,203,65.1,0.89,Optimistic,65.1,66.7,65.1,59.6
2005-03-11,1289.94,2.142,,,52.52,0.49,0.99,1.252,0.17,46.76,,51.94,1.42,-27.43,,,0.98,0.0,1,204,63.5,0.89,Optimistic,63.5,64.6,63.5,58.4
2005-03-14,1293.5,2.363,,,47.46,1.47,1.47,1.55,-0.02,47.91,,53.01,1.74,-27.23,,,0.976,0.0,1,205,62.3,0.89,Optimistic,62.3,63.3,62.3,58.6
2005-03-15,1269.14,2.437,,,34.12,0.98,0.49,1.279,-3.73,23.0,,45.55,-0.08,-28.6,,,0.0,0.0,1,205,56.1,0.89,Neutral,56.1,57.0,56.1,49.0
2005-03-16,1255.59,2.511,,,28.94,0.49,0.49,1.117,-4.65,19.32,,42.0,-1.07,-29.36,,,0.0,0.0,1,205,55.1,0.89,Neutral,55.1,56.0,55.1,44.4
2005-03-17,1243.47,2.511,,,31.07,2.45,0.49,1.05,-3.32,26.97,,39.08,-1.94,-30.04,,,0.0,1.463,1,205,56.9,0.89,Neutral,56.9,58.4,56.9,43.1
2005-03-18,1227.4,2.954,,,24.31,10.84,0.0,1.008,-4.85,19.64,,35.54,-3.1,-30.95,,,0.49,1.961,1,204,52.7,0.89,Neutral,52.7,53.6,52.7,37.7
2005-03-21,1231.05,3.767,,,26.6,11.33,0.99,0.802,-4.83,22.43,,36.93,-2.71,-30.74,,,0.98,1.471,1,204,48.5,0.89,Neutral,48.5,48.9,48.5,34.1
2005-03-22,1206.92,3.767,,,24.76,38.92,0.99,1.182,-4.9,17.06,,32.0,-4.49,-32.1,,,0.49,5.392,1,204,46.8,0.89,Neutral,46.8,47.6,46.8,35.7
2005-03-23,1201.65,4.874,,,29.59,20.2,0.99,1.076,-4.3,21.67,,31.02,-4.8,-32.4,,,0.49,0.49,1,204,44.1,0.89,Neutral,44.1,44.0,44.1,33.9
2005-03-24,1208.19,4.948,,,41.39,1.47,0.49,0.912,-2.84,30.1,,33.72,-4.2,-32.03,,,0.0,0.976,1,205,45.5,0.89,Neutral,45.5,46.0,45.5,36.9
2005-03-25,1205.63,4.354,,,45.22,3.45,0.0,0.753,-1.77,34.93,,33.18,-4.31,-32.17,,,0.488,0.0,1,204,49.4,0.89,Neutral,49.4,49.5,49.4,36.5
2005-03-28,1200.11,4.357,,,41.58,22.61,0.0,0.711,-2.51,32.19,,31.97,-4.61,-32.48,,,0.498,0.0,1,201,48.8,0.89,Neutral,48.8,48.8,48.8,34.0
2005-03-29,1195.02,4.579,,,44.78,17.73,0.0,0.732,-0.99,37.91,,30.86,-4.91,-32.77,,,0.976,0.0,2,205,49.7,0.89,Neutral,49.7,49.5,49.7,34.7
2005-03-30,1172.57,4.579,,,36.34,44.83,0.0,0.901,-2.42,32.03,,26.48,-6.56,-34.03,,,0.976,1.951,2,205,47.8,0.89,Neutral,47.8,48.1,47.8,32.4
2005-03-31,1181.24,5.835,,,33.38,18.32,0.0,0.822,-2.23,33.03,,30.57,-5.74,-33.55,,,0.98,0.49,1,204,43.7,0.89,Neutral,43.7,43.6,43.7,29.7
2005-04-01,1223.57,5.835,,,46.12,1.49,1.0,1.542,1.49,58.82,,46.3,-2.29,-31.16,,,2.956,0.0,1,203,49.5,0.89,Neutral,49.5,49.3,49.5,47.3
2005-04-04,1202.97,4.727,,,43.43,9.05,1.51,1.065,0.24,45.5,,41.39,-3.85,-32.32,,,0.498,0.995,1,201,49.9,0.89,Neutral,49.9,50.4,49.9,42.2
2005-04-05,1191.74,5.17,,,43.01,15.69,1.47,0.888,-0.27,41.65,,38.96,-4.64,-32.95,,,0.0,0.0,1,206,47.7,0.89,Neutral,47.7,48.0,47.7,38.1
2005-04-06,1214.87,5.391,,,56.63,7.46,2.49,1.279,3.61,68.12,,45.99,-2.72,-31.65,,,1.478,0.0,1,203,53.3,0.89,Neutral,53.3,53.5,53.3,49.4
2005-04-07,1225.49,5.17,,,61.14,0.5,0.99,1.836,3.75,81.47,,48.9,-1.85,-31.06,,,1.471,0.0,1,204,57.2,0.89,Neutral,57.2,57.7,57.2,55.3
2005-04-08,1248.52,4.727,,,58.76,0.5,1.5,1.317,2.04,59.11,,54.61,0.0,-29.76,,,2.475,0.0,2,202,53.2,0.89,Neutral,53.2,53.0,53.2,54.9
2005-04-11,1240.97,4.136,,,63.22,0.5,0.0,1.415,3.16,68.28,,52.54,-0.61,-30.19,,,0.49,0.49,1,204,56.9,0.89,Neutral,56.9,57.8,56.9,57.0
2005-04-12,1219.51,4.059,,,59.74,1.97,0.0,0.945,2.33,54.31,,47.07,-2.29,-31.39,,,0.0,1.951,1,205,53.5,0.89,Neutral,53.5,54.8,53.5,49.5
2005-04-13,1248.2,4.945,,,63.2,1.48,0.49,1.406,2.74,65.31,,53.97,0.01,-29.78,,,1.463,0.488,1,205,53.3,0.89,Neutral,53.3,53.8,53.3,56.4
2005-04-14,1234.33,4.133,,,50.31,3.92,1.47,1.107,0.72,48.49,,50.54,-1.07,-30.56,,,0.485,0.485,1,206,52.1,0.89,Neutral,52.1,52.6,52.1,49.7
2005-04-15,1216.96,4.871,,,36.8,16.75,0.0,1.002,-2.53,31.23,,46.55,-2.41,-31.54,,,0.0,2.927,1,205,44.8,0.89,Neutral,44.8,45.6,44.8,40.9
2005-04-18,1197.73,5.383,,,33.87,24.37,0.0,0.813,-3.48,27.86,,42.55,-3.87,-32.62,,,0.0,2.01,1,199,42.6,0.89,Neutral,42.6,43.1,42.6,34.8
2005-04-19,1199.9,5.9,,,42.61,15.35,0.0,0.76,-1.61,35.58,,43.14,-3.64,-32.38,,,0.49,1.961,1,204,42.9,0.89,Neutral,42.9,43.1,42.9,36.6
2005-04-20,1184.19,6.047,,,26.47,36.68,0.0,0.775,-5.13,22.09,,39.92,-4.86,-33.11,,,0.0,1.99,1,201,39.1,0.89,Neutral,39.1,39.4,39.1,29.8
2005-04-21,1172.56,6.711,,,28.21,42.65,0.98,0.918,-5.0,20.12,,37.68,-5.73,-32.12,,,0.485,2.913,1,206,36.8,0.89,Neutral,36.8,36.7,36.8,30.5
2005-04-22,1169.19,8.407,,,30.5,44.44,1.01,0.936,-3.93,24.9,,37.03,-5.94,-32.14,,,0.0,4.5,1,200,31.9,0.89,Neutral,31.9,31.9,31.9,28.9
2005-04-25,1157.97,9.366,,,29.66,55.28,0.5,0.93,-3.32,27.77,,34.88,-6.78,-32.49,,,0.498,3.98,1,201,29.8,0.89,Pessimistic,29.8,29.4,29.8,26.2
2005-04-26,1165.34,11.578,,,34.68,8.59,0.51,0.956,-2.88,29.69,,37.45,-6.1,-31.34,,,3.0,0.0,2,200,25.6,0.89,Pessimistic,25.6,23.3,25.6,27.0
2005-04-27,1148.76,10.169,,,36.53,34.83,1.0,0.934,-2.99,29.27,,34.18,-7.31,-32.18,,,1.478,3.448,1,203,27.9,0.89,Pessimistic,27.9,27.1,27.9,27.2
2005-04-28,1169.12,11.422,,,47.6,5.08,1.52,1.201,-0.29,43.62,,40.99,-5.56,-30.98,,,2.513,0.0,1,199,28.9,0.89,Pessimistic,28.9,27.2,28.9,35.6
2005-04-29,1159.15,10.096,,,45.33,15.31,0.51,0.967,-0.86,39.36,,38.87,-6.26,-30.83,,,0.0,2.525,1,198,30.0,0.89,Neutral,30.0,29.7,30.0,32.8
2005-05-09,1130.84,10.677,,,43.67,43.37,0.0,0.741,-2.34,32.74,,33.56,-8.43,-32.26,,,0.0,4.04,1,198,27.2,0.89,Pessimistic,27.2,26.9,27.2,25.7
2005-05-10,1135.56,13.76,,,36.78,32.5,0.0,0.896,-2.55,31.44,,35.15,-7.95,-31.5,,,0.0,1.97,1,202,19.8,0.89,Pessimistic,19.8,18.6,19.8,23.4
2005-05-11,1124.27,13.245,,,37.17,34.0,0.0,0.744,-2.13,33.55,,33.11,-8.78,-32.18,,,0.985,0.985,1,203,22.1,0.89,Pessimistic,22.1,20.5,22.1,20.6
2005-05-12,1103.99,13.171,,,27.9,23.81,0.0,0.834,-5.57,21.28,,29.76,-10.32,-32.5,,,1.042,1.562,1,192,19.4,0.89,Pessimistic,19.4,17.7,19.4,17.3
2005-05-13,1107.63,13.171,,,39.2,5.05,0.0,0.907,-4.44,22.81,,31.1,-9.85,-32.28,,,2.488,0.0,2,201,20.5,0.89,Pessimistic,20.5,18.0,20.5,22.7
2005-05-16,1095.47,12.362,,,43.67,12.69,0.0,0.693,-3.13,30.01,,29.1,-10.66,-32.04,,,2.5,1.0,2,200,24.1,0.89,Pessimistic,24.1,22.2,24.1,21.1
2005-05-17,1099.64,12.362,,,49.37,3.05,0.0,0.793,-3.16,29.3,,30.75,-10.12,-31.56,,,2.0,0.0,1,200,23.9,0.89,Pessimistic,23.9,21.9,23.9,25.4
2005-05-18,1102.96,11.25,,,58.61,0.51,0.0,0.716,-1.9,34.47,,32.1,-9.63,-31.23,,,1.508,0.0,2,199,27.9,0.89,Pessimistic,27.9,26.1,27.9,29.1
2005-05-19,1103.47,11.25,,,59.28,1.49,0.0,0.738,-0.05,41.53,,32.32,-9.37,-31.19,,,0.0,0.488,1,205,28.7,0.89,Pessimistic,28.7,27.9,28.7,29.8
2005-05-20,1099.27,10.956,,,50.27,3.11,0.0,0.664,-0.75,38.48,,31.42,-9.52,-31.46,,,0.0,1.02,1,196,28.6,0.89,Pessimistic,28.6,27.9,28.6,25.7
2005-05-23,1070.84,11.976,,,45.54,33.68,0.0,0.662,-2.25,33.26,,26.13,-11.6,-33.23,,,0.518,5.181,1,193,25.0,0.89,Pessimistic,25.0,24.2,25.0,20.6
2005-05-24,1073.85,14.401,,,46.87,5.03,0.0,0.768,-2.35,32.67,,27.52,-11.06,-33.04,,,0.99,0.495,1,202,20.0,0.89,Pessimistic,20.0,18.1,20.0,20.9
2005-05-25,1072.14,13.226,,,43.24,3.5,0.0,0.692,-2.8,31.22,,27.2,-10.91,-32.89,,,0.985,0.0,1,203,22.2,0.89,Pessimistic,22.2,20.3,22.2,19.5
2005-05-26,1058.87,12.408,,,39.23,8.25,0.0,0.682,-4.04,26.8,,24.84,-11.71,-32.97,,,0.508,1.015,1,197,22.9,0.89,Pessimistic,22.9,21.4,22.9,17.9
2005-05-27,1051.95,12.628,,,38.58,11.11,0.0,0.738,-4.3,25.26,,23.68,-11.97,-33.41,,,0.498,1.493,1,201,21.9,0.89,Pessimistic,21.9,20.5,21.9,17.8
2005-05-30,1060.16,13.142,,,52.68,5.64,0.0,0.636,-1.0,37.54,,27.97,-10.97,-32.89,,,0.0,1.01,1,198,23.3,0.89,Pessimistic,23.3,22.2,23.3,22.3
2005-05-31,1060.74,12.399,,,44.58,3.57,0.0,0.691,-1.22,36.92,,28.27,-10.62,-32.85,,,0.0,0.0,1,199,25.2,0.89,Pessimistic,25.2,23.9,25.2,21.1
2005-06-01,1039.19,12.472,,,35.98,16.67,0.0,0.757,-3.07,29.86,,24.16,-12.13,-34.21,,,0.0,1.456,1,206,23.1,0.89,Pessimistic,23.1,22.1,23.1,17.3
2005-06-02,1016.06,13.5,,,37.39,23.27,0.0,0.872,-4.04,24.97,,20.68,-13.75,-35.68,,,0.98,3.431,1,204,19.8,0.89,Pessimistic,19.8,18.5,19.8,17.2
2005-06-03,1013.64,13.416,,,40.12,15.76,0.0,0.763,-3.64,27.59,,20.35,-13.62,-35.83,,,0.0,1.463,1,205,20.6,0.89,Pessimistic,20.6,19.4,20.6,16.5
2005-06-06,1034.38,13.333,,,39.75,6.93,0.0,0.843,-2.43,32.13,,30.58,-11.53,-34.52,,,1.471,0.0,1,204,22.5,0.89,Pessimistic,22.5,20.5,22.5,20.7
2005-06-07,1030.94,13.177,,,41.07,7.39,0.0,1.198,-2.81,28.99,,29.9,-11.46,-34.74,,,0.488,0.488,1,205,21.6,0.89,Pessimistic,21.6,20.0,21.6,25.2
2005-06-08,1115.58,12.884,,,58.93,0.49,0.49,3.082,7.35,92.0,,56.02,-3.91,-29.38,,,23.415,0.488,2,205,37.7,0.89,Neutral,37.7,35.8,37.7,48.6
2005-06-09,1131.05,8.419,,,64.52,0.5,0.0,3.037,11.32,92.0,,59.03,-2.36,-28.4,,,1.961,0.0,3,204,49.2,0.89,Neutral,49.2,48.7,49.2,56.8
2005-06-10,1108.29,7.906,,,59.08,0.5,0.0,2.062,9.34,92.0,,53.26,-4.08,-29.84,,,0.0,0.985,1,203,50.1,0.89,Neutral,50.1,50.9,50.1,51.8
2005-06-13,1106.29,9.444,,,55.3,1.48,0.0,1.371,6.95,79.41,,52.77,-3.99,-29.97,,,0.488,0.0,1,205,42.5,0.89,Neutral,42.5,42.1,42.5,45.4
2005-06-14,1093.46,8.785,,,48.57,0.49,0.0,1.311,6.06,77.63,,49.63,-4.86,-30.22,,,0.488,0.0,1,205,44.4,0.89,Neutral,44.4,44.1,44.4,42.3
2005-06-15,1072.84,10.176,,,30.14,2.99,0.0,1.086,-3.83,24.03,,45.0,-6.41,-30.49,,,0.0,0.985,1,203,26.3,0.89,Pessimistic,26.3,25.4,26.3,30.5
2005-06-16,1086.01,12.445,,,32.27,1.0,0.0,1.028,-3.98,23.77,,48.32,-5.04,-29.58,,,1.478,0.493,1,203,21.0,0.89,Pessimistic,21.0,19.1,21.0,29.8
2005-06-17,1085.61,12.372,,,35.76,3.45,0.0,1.187,-2.05,33.43,,48.22,-4.88,-28.44,,,0.0,1.463,1,205,22.8,0.89,Pessimistic,22.8,21.8,22.8,32.8
2005-06-20,1115.62,12.006,,,42.73,0.51,0.0,1.514,0.84,53.81,,55.33,-2.09,-25.32,,,3.046,0.0,1,197,29.3,0.89,Pessimistic,29.3,27.6,29.3,41.6
2005-06-21,1101.49,10.395,,,44.21,2.02,0.0,1.077,0.73,48.22,,51.73,-3.18,-25.34,,,0.0,0.5,1,200,31.2,0.89,Neutral,31.2,30.6,31.2,39.0
2005-06-22,1102.03,11.201,,,53.43,1.52,0.0,0.858,2.72,54.45,,51.86,-2.99,-25.31,,,0.0,0.0,1,200,31.0,0.89,Neutral,31.0,30.1,31.0,38.7
2005-06-23,1093.7,10.469,,,42.7,3.5,0.0,0.799,0.71,45.07,,49.66,-3.56,-25.87,,,0.0,0.0,1,202,30.6,0.89,Neutral,30.6,29.7,30.6,33.8
2005-06-24,1101.88,11.274,,,47.45,1.51,0.0,0.774,1.5,47.94,,51.82,-2.69,-25.32,,,0.5,0.0,1,200,29.4,0.89,Pessimistic,29.4,28.1,29.4,35.4
2005-06-27,1124.64,11.054,,,48.16,0.0,0.0,1.517,0.81,53.6,,57.32,-0.57,-23.77,,,1.026,0.0,1,195,31.1,0.89,Neutral,31.1,29.7,31.1,45.9
2005-06-28,1108.59,9.663,,,46.9,1.09,0.0,0.921,0.64,46.11,,52.75,-1.86,-24.86,,,0.543,0.543,1,184,32.9,0.89,Neutral,32.9,32.0,32.9,39.7
2005-06-29,1104.99,10.981,,,41.25,5.08,0.0,0.917,0.27,44.34,,51.75,-2.08,-24.56,,,0.505,1.01,1,198,28.8,0.89,Pessimistic,28.8,27.8,28.8,35.9
2005-06-30,1080.94,11.42,,,39.53,18.32,0.0,0.937,-1.17,37.8,,45.55,-4.07,-26.2,,,0.0,3.646,1,192,25.7,0.89,Pessimistic,25.7,25.2,25.7,32.5
2005-07-01,1055.59,13.47,,,30.92,47.5,0.0,0.921,-4.2,23.77,,40.1,-6.09,-27.93,,,0.0,11.94,1,201,17.4,0.89,Pessimistic,17.4,16.6,17.4,24.8
2005-07-04,1047.28,16.691,,,16.29,47.26,0.0,0.837,-6.88,21.24,,38.48,-6.61,-28.5,,,0.495,2.475,1,202,12.5,0.89,Ice-cold,12.5,10.6,12.5,17.4
2005-07-05,1039.04,18.462,,,19.25,39.6,0.0,0.717,-6.27,22.9,,36.88,-7.14,-29.06,,,0.493,0.493,1,203,13.5,0.89,Ice-cold,13.5,11.2,13.5,14.8
2005-07-06,1033.55,18.388,,,22.93,27.59,0.0,0.629,-6.47,24.1,,35.81,-7.38,-29.44,,,0.98,0.98,1,204,13.8,0.89,Ice-cold,13.8,11.6,13.8,14.0
2005-07-07,1038.6,18.681,,,34.91,8.37,0.0,0.591,-3.92,28.07,,37.6,-6.66,-29.1,,,0.0,0.49,1,204,14.4,0.89,Ice-cold,14.4,12.5,14.4,18.2
2005-07-08,1017.98,18.022,,,34.6,52.24,0.0,0.726,-3.56,28.18,,33.5,-8.2,-30.5,,,0.0,4.95,1,202,14.1,0.89,Ice-cold,14.1,12.8,14.1,17.8
2005-07-11,1011.5,20.806,,,35.05,52.22,0.0,0.803,-3.42,28.2,,32.31,-8.47,-30.95,,,0.0,1.471,1,204,14.5,0.89,Ice-cold,14.5,12.9,14.5,18.6
2005-07-12,1046.16,21.392,,,47.09,5.88,0.0,1.32,0.69,50.59,,43.83,-5.08,-28.58,,,2.439,0.0,1,205,20.4,0.89,Pessimistic,20.4,18.1,20.4,33.5
2005-07-13,1037.39,19.634,,,42.95,15.69,0.0,0.911,0.37,44.76,,41.88,-5.58,-29.18,,,0.488,0.488,2,205,18.8,0.89,Pessimistic,18.8,16.7,18.8,27.2
2005-07-14,1040.42,20.366,,,38.16,17.56,0.0,0.9,0.18,43.76,,42.83,-5.02,-28.97,,,0.971,1.456,1,206,18.1,0.89,Pessimistic,18.1,16.3,18.1,25.9
2005-07-15,1026.12,20.513,,,39.58,38.54,0.0,0.917,0.8,46.77,,39.56,-6.06,-29.95,,,0.0,6.311,1,206,18.2,0.89,Pessimistic,18.2,17.3,18.2,25.1
2005-07-18,1012.1,22.271,,,37.62,56.16,0.0,0.79,0.06,42.35,,36.62,-7.08,-30.9,,,0.0,6.373,1,204,17.3,0.89,Pessimistic,17.3,16.4,17.3,21.1
2005-07-19,1014.36,24.396,,,33.72,12.75,0.0,0.712,-3.04,30.22,,37.43,-6.6,-30.75,,,1.951,0.976,1,205,15.3,0.89,Pessimistic,15.3,13.0,15.3,19.1
2005-07-20,1021.05,23.81,,,41.75,8.78,0.0,0.763,-1.58,35.71,,39.87,-5.75,-30.29,,,0.485,1.456,1,206,16.2,0.89,Pessimistic,16.2,14.3,16.2,23.8
2005-07-21,1020.63,23.297,,,39.65,13.73,0.0,0.805,-1.9,34.41,,39.77,-5.57,-30.32,,,0.488,0.0,1,205,16.2,0.89,Pessimistic,16.2,13.9,16.2,23.7
2005-07-22,1046.32,23.59,,,55.08,0.98,0.0,1.846,1.97,66.54,,48.68,-3.01,-28.57,,,0.971,0.485,1,206,23.5,0.89,Pessimistic,23.5,21.9,23.5,41.1
2005-07-25,1045.4,21.612,,,58.55,4.39,0.0,1.009,3.29,60.24,,48.4,-2.93,-28.63,,,1.456,0.971,1,206,21.9,0.89,Pessimistic,21.9,20.2,21.9,36.7
2005-07-26,1072.81,21.905,,,63.13,0.0,0.0,1.825,5.76,92.0,,56.34,-0.24,-26.76,,,1.463,0.0,1,205,29.6,0.89,Pessimistic,29.6,28.1,29.6,47.0
2005-07-27,1089.91,20.366,,,68.85,0.49,0.49,1.676,6.74,88.35,,60.44,1.44,-25.59,,,1.463,0.0,1,205,28.3,0.89,Pessimistic,28.3,26.7,28.3,49.8
2005-07-28,1086.55,19.121,,,70.1,0.5,0.0,1.717,6.46,89.57,,59.26,1.26,-25.82,,,2.463,0.0,1,203,28.8,0.89,Pessimistic,28.8,27.1,28.8,49.8
2005-07-29,1083.03,18.901,,,57.69,0.0,0.0,1.219,3.51,66.15,,57.99,1.05,-26.06,,,0.0,0.495,1,202,22.2,0.89,Pessimistic,22.2,20.9,22.2,43.0
2005-08-01,1088.95,18.755,,,64.26,0.0,0.0,1.012,4.17,64.67,,59.56,1.67,-25.66,,,0.99,0.0,1,202,22.3,0.89,Pessimistic,22.3,20.4,22.3,43.7
2005-08-02,1104.04,18.681,,,64.53,0.0,0.0,1.3,2.91,64.27,,63.33,3.13,-24.63,,,1.5,0.0,2,200,22.3,0.89,Pessimistic,22.3,20.0,22.3,48.1
2005-08-03,1107.7,17.656,,,60.29,0.0,0.0,2.135,1.63,63.71,,64.2,3.5,-24.38,,,1.0,0.0,2,200,22.0,0.89,Pessimistic,22.0,19.7,22.0,51.1
2005-08-04,1102.59,16.337,,,56.86,0.0,0.0,1.29,1.48,55.17,,61.99,3.02,-24.73,,,0.0,0.0,1,202,19.3,0.89,Pessimistic,19.3,17.6,19.3,45.3
2005-08-05,1128.74,17.07,,,69.83,0.0,0.5,1.785,4.22,85.06,,68.06,5.43,-22.94,,,2.488,0.0,1,201,26.8,0.89,Pessimistic,26.8,25.0,26.8,54.5
2005-08-08,1138.88,15.836,,,70.99,0.0,0.0,1.962,4.59,88.52,,70.06,6.31,-22.25,,,1.493,0.0,1,201,27.7,0.89,Pessimistic,27.7,26.1,27.7,56.6
2005-08-09,1152.53,15.103,,,69.42,0.0,0.99,1.725,4.39,84.89,,72.55,7.49,-21.32,,,0.99,0.0,1,202,28.1,0.89,Pessimistic,28.1,26.6,28.1,57.0
2005-08-10,1165.03,13.636,,,68.29,0.5,0.5,1.964,5.18,92.0,,74.63,8.56,-20.46,,,0.0,0.0,1,202,32.3,0.89,Neutral,32.3,31.5,32.3,59.8
2005-08-11,1183.58,12.683,,,78.02,0.49,0.99,2.261,7.35,92.0,,77.37,10.15,-19.2,,,0.493,0.493,1,203,34.2,0.89,Neutral,34.2,33.5,34.2,64.8
2005-08-12,1167.91,12.023,,,63.07,0.5,0.0,2.411,3.47,79.15,,70.45,8.57,-20.27,,,0.99,0.99,1,202,32.9,0.89,Neutral,32.9,32.1,32.9,60.1
2005-08-15,1187.01,13.856,,,66.75,0.0,1.5,1.752,4.23,84.24,,73.55,10.15,-18.96,,,1.5,0.0,1,200,30.1,0.89,Neutral,30.1,28.6,30.1,59.0
2005-08-16,1177.28,12.243,,,58.92,0.5,0.5,1.878,2.15,68.03,,69.54,9.07,-19.63,,,0.495,1.485,1,202,29.3,0.89,Pessimistic,29.3,28.4,29.3,57.5
2005-08-17,1192.83,11.804,,,61.64,0.98,0.98,1.793,2.39,69.91,,72.16,10.31,-18.57,,,1.961,0.49,2,204,31.4,0.89,Neutral,31.4,29.9,31.4,59.6
2005-08-18,1148.04,10.484,,,48.63,0.98,0.0,2.674,-3.0,24.77,,56.99,6.02,-21.62,,,0.0,2.451,1,204,23.5,0.89,Pessimistic,23.5,22.7,23.5,53.0
2005-08-19,1150.18,12.757,,,52.51,0.49,0.49,1.653,-1.52,37.06,,57.45,6.06,-21.48,,,2.451,0.0,1,204,22.1,0.89,Pessimistic,22.1,19.9,22.1,49.7
2005-08-22,1158.6,12.683,,,49.04,1.46,0.49,1.238,-2.39,31.31,,59.29,6.67,-20.9,,,1.951,0.488,1,205,20.3,0.89,Pessimistic,20.3,18.3,20.3,46.8
2005-08-23,1149.96,11.804,,,43.85,0.98,0.0,1.11,-2.32,32.02,,56.58,5.73,-21.49,,,0.49,1.471,1,204,22.5,0.89,Pessimistic,22.5,21.1,22.5,43.7
2005-08-24,1167.14,13.343,,,44.07,0.98,0.0,1.14,-2.15,32.88,,60.46,7.1,-20.32,,,1.463,0.0,1,205,19.3,0.89,Pessimistic,19.3,17.0,19.3,44.2
2005-08-25,1172.47,12.61,,,57.2,0.49,0.0,1.206,2.13,57.79,,61.6,7.33,-19.96,,,2.941,0.0,2,204,27.4,0.89,Pessimistic,27.4,25.3,27.4,50.3
2005-08-26,1171.86,11.437,,,60.14,2.45,0.49,1.197,1.88,56.21,,61.38,7.02,-20.0,,,0.98,0.49,2,204,29.4,0.89,Pessimistic,29.4,28.0,29.4,52.2
2005-08-29,1154.43,10.924,,,52.08,1.96,0.0,1.185,-0.36,43.12,,55.33,5.24,-21.19,,,1.961,0.0,1,204,28.2,0.89,Pessimistic,28.2,26.6,28.2,47.6
2005-08-30,1146.38,10.924,,,53.62,0.49,0.49,0.893,-0.31,41.52,,52.75,4.32,-21.74,,,1.463,0.488,1,205,27.8,0.89,Pessimistic,27.8,26.4,27.8,43.7
2005-08-31,1162.8,11.51,,,55.09,0.49,0.97,1.042,-0.37,42.17,,57.14,5.74,-20.62,,,2.427,0.0,2,206,26.7,0.89,Pessimistic,26.7,24.6,26.7,47.4
2005-09-01,1184.93,10.411,,,60.01,0.0,0.97,1.65,1.06,57.07,,62.25,7.66,-19.1,,,2.913,0.0,1,206,32.3,0.89,Neutral,32.3,30.9,32.3,56.6
2005-09-02,1188.85,9.018,,,60.64,0.49,0.49,1.419,1.45,56.81,,63.08,7.89,-18.84,,,0.488,0.0,1,205,36.0,0.89,Neutral,36.0,35.2,36.0,57.7
2005-09-05,1196.22,8.724,,,70.9,0.0,0.99,1.309,3.62,68.91,,64.67,8.41,-18.33,,,0.0,0.0,1,202,39.5,0.89,Neutral,39.5,39.3,39.5,60.5
2005-09-06,1173.32,8.065,,,67.2,0.98,0.49,1.642,2.35,66.89,,56.53,6.2,-19.9,,,0.98,0.49,1,204,42.3,0.89,Neutral,42.3,42.0,42.3,59.5
2005-09-07,1194.31,9.384,,,69.14,0.0,0.49,1.377,2.71,64.51,,61.34,7.91,-18.46,,,1.951,0.0,1,205,37.2,0.89,Neutral,37.2,36.2,37.2,58.7
2005-09-08,1194.41,8.065,,,60.31,0.0,0.0,1.454,0.8,52.82,,61.36,7.74,-18.46,,,0.49,0.0,1,204,38.4,0.89,Neutral,38.4,37.7,38.4,58.7
2005-09-09,1189.62,7.845,,,53.09,0.49,0.0,1.042,0.07,44.41,,59.62,7.14,-18.78,,,0.0,0.0,1,205,36.9,0.89,Neutral,36.9,36.5,36.9,52.5
2005-09-12,1188.21,8.211,,,48.84,0.52,0.0,0.801,-0.67,39.45,,59.08,6.9,-18.88,,,0.515,0.0,1,194,34.9,0.89,Neutral,34.9,33.9,34.9,47.0
2005-09-13,1207.16,7.771,,,66.08,0.0,1.02,1.218,2.88,62.43,,63.76,8.43,-17.59,,,1.523,0.0,1,197,41.7,0.89,Neutral,41.7,41.0,41.7,59.8
2005-09-14,1217.26,7.038,,,60.16,0.0,0.51,1.503,1.92,61.36,,66.0,9.15,-16.9,,,1.523,0.0,2,197,43.8,0.89,Neutral,43.8,43.1,43.8,62.2
2005-09-15,1217.28,6.525,,,59.91,0.51,1.52,1.249,1.91,57.23,,66.0,8.95,-16.9,,,0.508,0.0,1,197,44.2,0.89,Neutral,44.2,43.9,44.2,60.9
2005-09-16,1212.95,6.525,,,62.88,0.52,1.04,1.016,1.96,53.71,,64.04,8.38,-17.19,,,0.518,0.0,2,193,43.7,0.89,Neutral,43.7,43.2,43.7,58.9
2005-09-19,1220.63,6.31,,,67.45,0.0,1.06,1.109,2.73,59.38,,65.97,8.91,-16.67,,,0.529,0.0,3,189,45.8,0.89,Neutral,45.8,45.3,45.8,62.2
2005-09-20,1212.62,5.796,,,53.83,0.0,0.54,1.449,0.45,50.37,,62.22,8.03,-17.22,,,2.174,0.0,4,184,46.1,0.89,Neutral,46.1,45.2,46.1,60.1
2005-09-21,1187.99,6.021,,,44.55,0.0,0.0,1.407,-2.4,30.8,,52.35,5.71,-18.9,,,0.529,0.529,1,189,40.6,0.89,Neutral,40.6,40.3,40.6,52.8
2005-09-22,1159.96,6.996,,,35.86,0.52,0.0,1.249,-4.71,17.33,,43.84,3.09,-20.81,,,0.524,6.806,1,191,33.6,0.89,Neutral,33.6,33.5,33.6,43.6
2005-09-23,1151.98,9.285,,,32.44,0.52,1.04,0.811,-5.03,21.6,,41.75,2.24,-21.35,,,2.073,2.591,1,193,27.7,0.89,Pessimistic,27.7,26.6,27.7,33.4
2005-09-26,1155.04,10.169,,,27.51,0.0,1.05,0.626,-5.37,24.15,,42.88,2.35,-21.15,,,1.053,0.526,2,190,26.0,0.89,Pessimistic,26.0,24.3,26.0,28.4
2005-09-27,1133.24,9.948,,,25.62,0.52,0.0,0.777,-6.55,22.06,,37.36,0.27,-22.63,,,0.524,1.571,1,191,25.7,0.89,Pessimistic,25.7,24.6,25.7,27.6
2005-09-28,1131.77,11.349,,,30.22,1.58,0.0,0.63,-4.73,24.98,,37.02,-0.0,-22.73,,,0.526,1.053,1,190,23.0,0.89,Pessimistic,23.0,21.6,23.0,25.2
2005-09-29,1155.48,11.496,,,47.15,0.0,0.0,0.789,-0.39,40.54,,45.74,1.92,-21.12,,,1.01,0.505,1,198,26.5,0.89,Pessimistic,26.5,25.1,26.5,36.7
2005-09-30,1155.61,10.391,,,50.59,0.51,0.0,0.613,0.32,41.76,,45.78,1.72,-21.11,,,0.0,1.515,1,198,28.9,0.89,Pessimistic,28.9,28.4,28.9,36.4
2005-10-10,1138.95,10.685,,,42.42,1.55,0.0,0.494,-1.39,35.94,,41.14,0.07,-22.24,,,0.0,3.109,1,193,26.7,0.89,Pessimistic,26.7,26.2,26.7,29.6
2005-10-11,1157.19,11.496,,,56.98,0.0,0.52,0.566,2.11,46.86,,47.42,1.51,-21.0,,,1.042,0.0,1,192,28.3,0.89,Pessimistic,28.3,26.8,28.3,37.1
2005-10-12,1161.85,10.612,,,61.96,0.52,1.57,0.781,2.66,52.68,,48.92,1.73,-20.68,,,0.0,0.0,1,191,31.5,0.89,Neutral,31.5,30.7,31.5,43.2
2005-10-13,1152.61,10.022,,,49.22,0.52,0.0,0.712,-0.25,40.58,,46.11,0.76,-19.71,,,1.571,0.0,1,191,30.3,0.89,Neutral,30.3,28.9,30.3,37.5
2005-10-14,1139.55,10.169,,,45.25,1.6,0.53,0.636,-1.39,36.21,,42.41,-0.55,-20.62,,,0.0,0.532,1,188,28.3,0.89,Pessimistic,28.3,27.4,28.3,33.3
2005-10-17,1131.38,10.759,,,49.78,3.33,1.67,0.634,-0.67,38.65,,40.23,-1.43,-21.19,,,0.0,0.556,1,180,27.6,0.89,Pessimistic,27.6,26.7,27.6,33.3
2005-10-18,1141.2,10.833,,,48.03,2.21,1.1,0.791,-1.38,36.52,,43.96,-0.76,-19.8,,,3.315,1.105,1,181,27.4,0.89,Pessimistic,27.4,25.8,27.4,36.3
2005-10-19,1134.61,10.317,,,41.09,1.67,1.11,0.785,-2.34,32.64,,42.06,-1.5,-20.26,,,1.111,0.0,2,180,28.1,0.89,Pessimistic,28.1,26.3,28.1,33.3
2005-10-20,1135.95,10.464,,,43.62,3.28,0.55,0.717,-1.45,36.15,,42.6,-1.54,-20.17,,,0.546,1.639,1,183,27.8,0.89,Pessimistic,27.8,26.8,27.8,33.2
2005-10-21,1141.32,10.538,,,52.93,0.54,1.63,0.741,0.16,42.32,,44.83,-1.21,-19.24,,,0.0,0.543,1,184,29.0,0.89,Pessimistic,29.0,28.2,29.0,37.6
2005-10-24,1141.17,10.022,,,55.25,2.17,2.17,0.714,0.87,44.73,,44.78,-1.36,-17.71,,,0.543,1.087,1,184,31.1,0.89,Neutral,31.1,30.3,31.1,38.6
2005-10-25,1121.92,10.022,,,40.99,2.76,0.0,0.698,-1.69,35.23,,38.56,-3.09,-19.1,,,0.0,0.552,1,181,28.9,0.89,Pessimistic,28.9,28.1,28.9,30.8
2005-10-26,1097.16,10.98,,,36.59,7.03,0.0,0.797,-3.3,28.72,,32.35,-5.24,-20.67,,,0.0,3.784,1,185,24.8,0.89,Pessimistic,24.8,24.4,24.8,26.7
2005-10-27,1097.78,12.454,,,34.68,7.45,0.0,0.716,-3.36,29.02,,32.64,-5.2,-20.62,,,0.532,2.66,1,188,21.7,0.89,Pessimistic,21.7,20.5,21.7,23.5
2005-10-28,1080.87,13.633,,,24.59,8.95,0.0,0.752,-5.3,22.41,,28.96,-6.66,-21.85,,,0.0,6.316,1,190,17.2,0.89,Pessimistic,17.2,16.2,17.2,17.9
2005-10-31,1092.82,15.402,,,27.3,5.26,0.0,0.62,-4.24,26.75,,34.58,-5.64,-20.98,,,1.053,2.105,1,190,15.2,0.89,Pessimistic,15.2,13.3,15.2,17.6
2005-11-01,1089.95,15.107,,,30.73,7.33,0.0,0.585,-2.85,31.5,,33.88,-5.86,-21.19,,,0.0,1.047,1,191,16.8,0.89,Pessimistic,16.8,15.2,16.8,18.1
2005-11-02,1104.79,15.328,,,46.4,1.54,0.0,0.788,0.7,44.9,,40.52,-4.58,-20.12,,,2.564,1.538,1,195,19.8,0.89,Pessimistic,19.8,18.0,19.8,28.9
2005-11-03,1095.27,14.149,,,46.0,3.54,0.0,0.714,-0.23,40.67,,37.89,-5.39,-20.81,,,0.505,1.01,1,198,21.3,0.89,Pessimistic,21.3,19.7,21.3,27.4
2005-11-04,1100.05,14.738,,,56.59,2.53,0.0,0.542,1.77,45.45,,39.99,-4.94,-20.46,,,0.0,0.505,1,198,20.9,0.89,Pessimistic,20.9,19.5,20.9,29.1
2005-11-07,1100.65,14.075,,,55.59,2.58,0.0,0.518,0.72,42.04,,40.27,-4.83,-20.42,,,1.031,0.0,1,194,22.0,0.89,Pessimistic,22.0,20.0,22.0,29.1
2005-11-08,1110.15,13.78,,,63.51,3.11,0.0,0.665,1.85,47.62,,44.58,-3.95,-19.73,,,1.554,0.0,2,193,23.9,0.89,Pessimistic,23.9,21.8,23.9,35.4
2005-11-09,1108.15,13.191,,,51.2,2.05,0.0,0.732,0.3,42.81,,43.86,-4.05,-19.87,,,0.513,0.513,3,195,23.8,0.89,Pessimistic,23.8,21.9,23.8,32.6
2005-11-10,1088.3,13.338,,,46.98,6.7,0.0,0.715,-0.64,39.16,,37.42,-5.64,-21.31,,,0.515,0.515,4,194,23.1,0.89,Pessimistic,23.1,21.1,23.1,28.1
2005-11-11,1090.19,15.328,,,46.5,4.66,0.52,0.565,-0.9,37.6,,38.35,-5.37,-21.17,,,1.036,0.518,1,193,18.2,0.89,Pessimistic,18.2,16.2,18.2,24.7
2005-11-14,1088.65,15.107,,,46.07,5.24,0.0,0.423,-1.09,36.56,,37.86,-5.37,-21.28,,,1.047,0.0,1,191,18.7,0.89,Pessimistic,18.7,16.5,18.7,23.6
2005-11-15,1087.51,14.296,,,38.08,8.95,0.0,0.57,-2.04,34.08,,37.48,-5.34,-21.37,,,0.526,0.0,2,190,19.9,0.89,Pessimistic,19.9,17.6,19.9,22.3
2005-11-16,1095.89,14.591,,,46.16,2.62,0.0,0.598,-1.11,37.05,,42.12,-4.48,-20.76,,,0.0,0.524,1,191,19.0,0.89,Pessimistic,19.0,17.4,19.0,27.1
2005-11-17,1095.31,13.928,,,51.62,3.61,0.0,0.577,0.64,42.45,,41.89,-4.46,-20.8,,,0.0,0.0,1,194,21.9,0.89,Pessimistic,21.9,20.4,21.9,29.2
2005-11-18,1117.0,14.296,,,58.26,0.0,0.52,1.117,2.46,58.07,,52.43,-2.52,-19.23,,,1.031,0.0,1,194,24.5,0.89,Pessimistic,24.5,22.7,24.5,42.1
2005-11-21,1119.94,12.97,,,57.92,0.0,0.0,0.778,2.87,53.49,,53.66,-2.21,-19.02,,,0.0,0.0,1,188,25.7,0.89,Pessimistic,25.7,24.4,25.7,39.1
2005-11-22,1098.65,12.749,,,53.32,0.54,0.54,0.738,1.03,45.62,,44.67,-3.99,-20.56,,,0.0,1.075,1,186,24.6,0.89,Pessimistic,24.6,23.6,24.6,34.0
2005-11-23,1105.75,13.78,,,54.44,0.53,0.0,0.639,0.9,43.98,,47.81,-3.29,-20.05,,,0.526,0.526,1,190,22.1,0.89,Pessimistic,22.1,20.4,22.1,33.2
2005-11-24,1113.37,13.707,,,58.73,0.52,0.0,0.877,1.65,50.08,,51.02,-2.54,-19.5,,,0.0,0.518,1,193,23.1,0.89,Pessimistic,23.1,21.9,23.1,39.4
2005-11-25,1114.92,13.486,,,48.28,1.06,0.0,0.798,-0.19,41.41,,51.67,-2.32,-19.39,,,0.0,0.0,1,188,21.7,0.89,Pessimistic,21.7,20.1,21.7,35.1
2005-11-28,1110.82,13.043,,,42.89,1.63,0.0,0.667,-0.81,38.29,,49.79,-2.62,-19.68,,,0.0,0.543,1,184,21.7,0.89,Pessimistic,21.7,20.3,21.7,31.0
2005-11-29,1096.99,13.191,,,43.86,1.61,0.0,0.622,-0.15,40.29,,43.95,-3.76,-20.68,,,0.0,1.613,1,186,22.3,0.89,Pessimistic,22.3,21.2,22.3,28.5
2005-11-30,1099.26,14.149,,,37.85,2.66,0.0,0.573,-0.59,38.59,,45.09,-3.47,-20.52,,,0.0,1.064,1,188,19.9,0.89,Pessimistic,19.9,18.5,19.9,25.4
2005-12-01,1098.75,14.296,,,34.31,1.6,0.0,0.475,-1.31,36.12,,44.87,-3.39,-20.55,,,0.0,0.0,1,188,19.3,0.89,Pessimistic,19.3,17.6,19.3,23.0
2005-12-02,1094.29,14.149,,,28.31,3.66,0.0,0.579,-1.85,34.66,,42.9,-3.65,-20.88,,,0.0,0.0,1,191,19.4,0.89,Pessimistic,19.4,17.7,19.4,21.6
2005-12-05,1079.2,14.959,,,23.57,11.05,0.53,0.621,-2.85,31.35,,36.98,-4.82,-21.3,,,0.0,1.579,1,190,16.7,0.89,Pessimistic,16.7,15.3,16.7,17.9
2005-12-06,1087.79,17.097,,,32.52,6.81,0.52,0.62,-0.84,38.01,,41.9,-3.94,-19.96,,,0.0,0.524,1,191,16.3,0.89,Pessimistic,16.3,14.5,16.3,21.8
2005-12-07,1099.62,16.949,,,39.23,1.55,0.0,0.596,0.03,40.69,,47.92,-2.76,-19.05,,,0.0,0.518,1,193,16.4,0.89,Pessimistic,16.4,14.6,16.4,25.8
2005-12-08,1098.32,16.433,,,38.04,5.13,0.0,0.607,-0.04,40.55,,47.34,-2.74,-19.05,,,0.0,0.0,1,195,16.6,0.89,Pessimistic,16.6,14.7,16.6,25.4
2005-12-09,1113.48,16.433,,,53.14,0.0,1.04,0.802,1.75,49.39,,54.3,-1.28,-16.95,,,0.0,0.0,1,193,18.2,0.89,Pessimistic,18.2,16.4,18.2,36.2
2005-12-12,1116.37,15.623,,,63.58,1.06,1.06,0.717,3.44,54.38,,55.51,-0.92,-16.74,,,1.596,0.0,1,188,20.7,0.89,Pessimistic,20.7,18.5,20.7,39.1
2005-12-13,1117.85,15.033,,,59.11,2.07,1.04,0.686,2.76,51.24,,56.15,-0.66,-16.56,,,0.518,1.036,2,193,20.8,0.89,Pessimistic,20.8,18.9,20.8,38.0
2005-12-14,1125.39,15.033,,,60.32,0.0,1.05,0.92,2.34,53.91,,59.35,0.15,-15.99,,,1.571,0.0,1,191,21.7,0.89,Pessimistic,21.7,19.6,21.7,43.1
2005-12-15,1123.56,14.444,,,58.52,1.55,0.52,1.048,2.3,55.98,,58.24,0.12,-16.13,,,0.518,0.0,1,193,23.3,0.89,Pessimistic,23.3,21.5,23.3,44.3
2005-12-16,1127.51,15.107,,,55.52,0.0,0.52,0.794,1.26,47.26,,59.98,0.6,-15.84,,,0.0,0.0,1,193,19.4,0.89,Pessimistic,19.4,17.7,19.4,40.0
2005-12-19,1131.75,14.444,,,53.12,0.54,0.0,0.778,1.38,47.52,,61.82,1.12,-15.47,,,0.541,0.541,1,185,20.9,0.89,Pessimistic,20.9,19.2,20.9,40.2
2005-12-20,1136.34,14.37,,,54.67,0.54,0.54,0.755,1.65,48.29,,63.77,1.64,-15.12,,,0.0,0.0,1,186,21.1,0.89,Pessimistic,21.1,19.5,21.1,41.2
2005-12-21,1130.76,14.37,,,41.53,0.53,0.53,0.811,0.48,44.25,,59.78,1.23,-15.54,,,0.0,0.532,1,188,19.9,0.89,Pessimistic,19.9,18.4,19.9,36.2
2005-12-22,1135.24,14.886,,,47.61,0.53,0.53,0.75,1.04,45.82,,61.84,1.67,-13.88,,,0.532,0.0,1,188,19.6,0.89,Pessimistic,19.6,17.5,19.6,38.0
2005-12-23,1144.87,14.738,,,49.5,0.0,0.55,0.995,1.54,51.3,,65.89,2.54,-13.15,,,0.552,0.0,1,181,21.2,0.89,Pessimistic,21.2,19.3,21.2,43.8
2005-12-26,1156.82,13.854,,,54.77,0.56,0.56,1.289,2.22,59.73,,70.13,3.61,-12.25,,,0.556,0.0,1,180,25.0,0.89,Pessimistic,25.0,23.4,25.0,50.7
2005-12-27,1154.29,13.633,,,54.53,0.0,0.0,1.078,1.58,52.71,,68.19,3.35,-12.44,,,0.0,0.0,1,184,23.4,0.89,Pessimistic,23.4,22.0,23.4,48.5
2005-12-28,1157.03,13.707,,,60.81,0.0,0.0,1.012,2.32,55.47,,69.18,3.56,-12.23,,,0.543,0.0,1,184,24.2,0.89,Pessimistic,24.2,22.5,24.2,50.0
2005-12-29,1169.86,13.707,,,64.61,0.53,0.0,1.504,3.05,69.41,,73.36,4.68,-11.26,,,0.535,0.535,1,187,27.3,0.89,Pessimistic,27.3,26.0,27.3,56.7
2005-12-30,1161.06,13.117,,,50.37,1.67,0.0,1.376,1.41,55.98,,66.68,3.89,-11.93,,,0.556,0.0,1,180,25.6,0.89,Pessimistic,25.6,23.9,25.6,49.8
2006-01-04,1180.96,13.864,,,52.48,0.0,0.56,1.588,2.09,63.97,,72.73,5.6,-10.42,,,0.556,0.0,1,180,25.7,0.89,Pessimistic,25.7,24.1,25.7,53.5
2006-01-05,1197.27,11.669,,,60.65,0.53,1.58,1.987,3.72,81.28,,76.49,6.99,-9.18,,,4.211,0.0,2,190,35.5,0.89,Neutral,35.5,33.8,35.5,61.3
2006-01-06,1209.42,11.152,,,65.12,0.0,0.53,2.273,4.53,88.03,,78.84,8.0,-8.26,,,1.064,0.532,3,188,37.8,0.89,Neutral,37.8,36.8,37.8,64.6
2006-01-09,1215.67,10.709,,,66.21,0.53,1.6,1.868,3.92,82.89,,79.94,8.46,-7.78,,,0.532,0.532,1,188,37.1,0.89,Neutral,37.1,36.6,37.1,64.8
2006-01-10,1220.62,10.561,,,72.96,0.53,1.06,1.721,5.13,89.69,,80.8,8.77,-7.41,,,1.058,0.0,1,189,39.5,0.89,Neutral,39.5,38.7,39.5,66.2
2006-01-11,1211.05,10.044,,,62.19,0.53,2.65,1.943,2.55,71.4,,74.2,7.79,-8.13,,,1.058,0.529,2,189,36.3,0.89,Neutral,36.3,35.4,36.3,63.3
2006-01-12,1226.7,10.266,,,64.05,0.0,2.67,1.687,2.46,68.56,,77.45,9.05,-6.95,,,2.139,0.0,1,187,35.0,0.89,Neutral,35.0,33.8,35.0,63.8
2006-01-13,1221.46,9.453,,,58.56,0.54,2.16,1.715,1.0,57.33,,74.08,8.44,-7.34,,,2.162,0.541,1,185,34.6,0.89,Neutral,34.6,33.6,34.6,62.4
2006-01-16,1202.87,9.38,,,46.01,0.55,0.55,1.55,-1.05,40.34,,63.55,6.68,-8.75,,,1.657,0.0,1,181,31.1,0.89,Neutral,31.1,29.6,31.1,54.3
2006-01-17,1208.44,10.044,-0.05,,45.65,0.0,0.0,1.2,-1.0,39.51,,65.15,7.07,-8.33,,,0.559,0.0,1,179,28.5,0.89,Pessimistic,28.5,27.0,28.5,51.4
2006-01-18,1233.35,10.044,-0.05,,57.19,0.0,1.67,1.62,1.84,62.63,,71.23,9.13,-6.44,,,0.556,0.0,1,180,33.8,0.89,Neutral,33.8,32.8,33.8,60.6
2006-01-19,1251.58,9.084,-0.23,,51.49,0.0,3.87,2.023,2.03,67.03,,74.7,10.53,-5.06,,,0.552,0.552,1,181,37.6,0.89,Neutral,37.6,37.1,37.6,62.9
2006-01-20,1255.31,8.346,-0.36,,50.08,0.56,3.89,1.965,2.77,73.28,,75.36,10.6,-4.78,,,0.556,0.556,1,180,41.6,0.89,Neutral,41.6,41.4,41.6,63.5
2006-01-23,1255.77,7.976,-0.43,,57.67,0.58,4.65,1.695,4.4,84.12,,75.45,10.39,-4.74,,,0.581,1.744,1,172,45.3,0.89,Neutral,45.3,45.6,45.3,65.4
2006-01-24,1252.06,7.829,-0.46,,55.84,1.16,1.74,1.712,3.61,78.28,,73.26,9.79,-5.02,,,0.0,3.488,1,172,43.9,0.89,Neutral,43.9,44.7,43.9,64.4
2006-01-25,1258.05,8.05,-0.42,,46.3,2.86,4.0,1.516,2.0,62.14,,74.54,10.05,-4.57,,,2.286,3.429,1,175,39.7,0.89,Neutral,39.7,39.6,39.7,60.5
2006-02-06,1287.63,8.124,-0.4,,52.55,0.0,6.86,1.647,2.88,71.1,,79.71,12.31,-2.32,,,2.857,0.0,2,175,42.3,0.89,Neutral,42.3,41.3,42.3,65.3
2006-02-07,1282.1,7.459,-0.52,,54.77,0.56,2.81,2.137,2.13,67.93,,76.58,11.54,-2.74,,,1.685,0.0,1,178,43.5,0.89,Neutral,43.5,43.0,43.5,67.6
2006-02-08,1290.06,7.016,-0.61,,55.66,0.57,1.14,1.796,2.73,72.85,,77.93,11.92,-2.14,,,1.136,0.568,1,176,45.8,0.89,Neutral,45.8,45.7,45.8,68.0
2006-02-09,1269.45,6.647,-0.67,,52.43,1.1,1.1,1.566,1.39,58.44,,67.18,9.86,-3.7,,,0.0,1.105,1,181,43.3,0.89,Neutral,43.3,43.6,43.3,63.3
2006-02-10,1282.66,7.164,-0.57,,58.16,1.12,2.23,1.397,1.96,59.88,,70.03,10.71,-2.7,,,0.0,0.559,1,179,41.8,0.89,Neutral,41.8,41.9,41.8,64.6
2006-02-13,1279.64,6.869,-0.63,,48.52,0.56,1.69,1.37,-0.62,42.58,,68.56,10.18,-2.93,,,1.124,0.562,1,178,39.0,0.89,Neutral,39.0,38.4,39.0,61.0
2006-02-14,1286.33,6.942,-0.61,,50.83,0.0,2.75,1.171,0.33,46.96,,70.06,10.48,-2.42,,,2.198,1.099,1,182,39.8,0.89,Neutral,39.8,39.3,39.8,60.7
2006-02-15,1299.17,6.795,-0.64,,46.86,0.54,2.72,1.558,0.71,53.31,,72.74,11.24,-1.45,,,1.087,1.087,2,184,41.8,0.89,Neutral,41.8,41.4,41.8,63.2
2006-02-16,1270.63,6.869,-0.62,,44.62,2.19,2.19,1.652,0.09,49.57,,59.9,8.52,-3.61,,,1.093,1.639,1,183,40.8,0.89,Neutral,40.8,40.7,40.8,58.3
2006-02-17,1267.41,8.419,-0.33,,35.65,3.72,1.6,1.301,-1.19,38.67,,58.63,7.97,-3.86,,,0.0,0.532,1,188,32.9,0.89,Neutral,32.9,32.4,32.9,50.5
2006-02-20,1267.54,8.715,-0.27,,33.89,2.82,0.56,1.067,-0.95,39.32,,58.67,7.71,-3.85,,,0.565,0.565,1,177,32.5,0.89,Neutral,32.5,31.6,32.5,47.5
2006-02-21,1288.42,8.721,-0.27,,39.78,0.56,1.12,1.31,0.16,47.2,,64.31,9.18,-2.26,,,1.124,0.0,1,178,34.5,0.89,Neutral,34.5,33.4,34.5,53.7
2006-02-22,1284.23,8.352,-0.34,,40.72,0.0,1.11,1.386,-1.15,39.16,,62.47,8.54,-2.58,,,0.556,0.556,1,180,33.5,0.89,Neutral,33.5,32.7,33.5,54.3
2006-02-23,1288.85,8.5,-0.31,,47.64,1.11,1.67,1.097,1.43,52.2,,63.7,8.66,-2.23,,,0.0,0.556,1,180,35.9,0.89,Neutral,35.9,35.6,35.9,54.8
2006-02-24,1296.87,8.278,-0.35,,55.69,0.56,1.12,1.13,2.32,57.58,,65.8,9.07,-1.62,,,0.0,0.0,1,178,38.1,0.89,Neutral,38.1,37.7,38.1,58.9
2006-02-27,1297.19,7.982,-0.41,,55.94,1.17,1.75,1.277,2.34,60.29,,65.89,8.79,-1.6,,,0.0,1.754,1,171,39.3,0.89,Neutral,39.3,39.5,39.3,60.4
2006-02-28,1299.03,7.761,-0.45,,47.79,0.0,1.16,1.115,0.82,49.14,,66.4,8.66,-1.46,,,0.578,0.578,1,173,37.7,0.89,Neutral,37.7,37.2,37.7,56.8
2006-03-01,1306.59,7.908,-0.42,,53.6,0.0,2.3,1.106,1.74,53.99,,68.51,8.99,-0.89,,,0.575,0.575,1,174,38.3,0.89,Neutral,38.3,37.8,38.3,59.3
2006-03-02,1285.67,7.687,-0.46,,46.77,1.71,0.0,1.323,-0.25,44.71,,57.72,6.99,-2.47,,,0.571,0.0,1,175,37.5,0.89,Neutral,37.5,36.7,37.5,55.2
2006-03-03,1293.3,8.647,-0.28,,43.05,2.27,0.57,1.148,-0.28,43.37,,60.18,7.36,-1.89,,,0.568,0.0,1,176,34.0,0.89,Neutral,34.0,32.9,34.0,52.2
2006-03-06,1288.95,8.647,-0.28,,42.08,2.81,1.12,0.928,-0.63,40.24,,58.11,6.71,-2.22,,,0.0,1.124,1,178,32.6,0.89,Neutral,32.6,32.2,32.6,48.5
2006-03-07,1259.92,8.574,-0.29,,33.74,6.82,0.0,1.027,-3.01,28.7,,46.55,4.08,-4.43,,,0.0,0.568,1,176,30.6,0.89,Neutral,30.6,30.0,30.6,42.6
2006-03-08,1250.38,10.052,-0.01,,27.84,5.08,0.0,0.892,-4.3,23.62,,43.49,3.08,-5.15,,,0.0,0.0,1,177,25.0,0.89,Pessimistic,25.0,23.7,25.0,35.7
2006-03-09,1245.17,10.2,0.02,,31.95,5.49,0.0,0.686,-3.15,29.97,,41.86,2.43,-5.55,,,0.549,0.549,1,182,26.4,0.89,Pessimistic,26.4,25.1,26.4,33.0
2006-03-10,1245.65,10.347,0.05,,32.29,4.4,0.0,0.626,-3.68,28.53,,42.08,2.24,-5.51,,,0.0,0.549,1,182,25.4,0.89,Pessimistic,25.4,24.3,25.4,32.1
2006-03-13,1259.67,10.347,0.05,,41.54,1.14,1.14,0.611,-2.27,33.28,,48.09,3.15,-4.44,,,0.0,1.143,1,175,26.3,0.89,Pessimistic,26.3,25.4,26.3,37.2
2006-03-14,1259.04,10.126,0.01,,48.98,3.43,1.14,0.658,-0.07,40.84,,47.85,2.87,-4.49,,,0.571,0.571,1,175,29.2,0.89,Pessimistic,29.2,28.1,29.2,40.5
2006-03-15,1274.81,9.904,-0.04,,57.0,0.56,1.13,0.814,1.95,50.4,,54.04,3.91,-3.3,,,0.565,0.565,1,177,32.0,0.89,Neutral,32.0,31.0,32.0,47.9
2006-03-16,1274.19,9.83,-0.05,,59.66,2.82,1.13,0.803,2.33,51.77,,53.77,3.64,-3.34,,,0.0,0.0,1,177,32.5,0.89,Neutral,32.5,31.7,32.5,48.6
2006-03-17,1269.46,9.83,-0.05,,56.96,3.37,1.12,0.819,1.91,50.31,,51.65,3.04,-3.7,,,0.562,2.247,1,178,32.0,0.89,Neutral,32.0,31.5,32.0,47.1
2006-03-20,1288.42,9.83,-0.05,,56.77,3.49,0.58,0.882,2.28,52.97,,58.69,4.33,-2.26,,,2.326,1.163,2,172,33.1,0.89,Neutral,33.1,31.8,33.1,50.5
2006-03-21,1290.39,9.313,-0.15,,58.67,0.58,1.16,1.052,2.49,57.03,,59.35,4.26,-2.11,,,1.163,0.0,2,172,35.9,0.89,Neutral,35.9,34.7,35.9,54.2
2006-03-22,1296.71,9.017,-0.21,,55.77,1.14,2.29,0.958,1.72,51.61,,61.48,4.53,-1.53,,,1.714,1.143,1,175,34.8,0.89,Neutral,34.8,34.0,34.8,53.2
2006-03-23,1302.46,9.091,-0.19,,59.99,2.29,2.86,1.088,2.22,56.27,,63.36,4.75,-0.32,,,1.143,0.0,1,175,35.7,0.89,Neutral,35.7,34.7,35.7,56.9
2006-03-24,1294.7,8.728,-0.26,,57.32,1.13,2.82,1.034,1.99,54.15,,59.16,3.9,-0.91,,,0.565,0.565,1,177,36.6,0.89,Neutral,36.6,36.0,36.6,54.3
2006-03-27,1295.91,8.876,-0.24,,54.95,1.17,1.75,0.865,0.58,45.24,,59.61,3.77,-0.82,,,1.17,0.0,1,171,34.2,0.89,Neutral,34.2,33.0,34.2,51.2
2006-03-28,1298.79,8.432,-0.32,,55.31,1.18,2.94,1.044,0.65,47.43,,60.72,3.77,-0.6,,,0.588,0.0,1,170,36.0,0.89,Neutral,36.0,35.1,36.0,54.5
2006-03-29,1305.57,8.21,-0.37,,51.19,1.16,2.89,1.413,0.68,51.57,,63.28,4.07,-0.08,,,1.156,1.156,1,173,37.2,0.89,Neutral,37.2,36.6,37.2,57.4
2006-03-30,1294.72,8.432,-0.32,,42.9,1.16,0.58,1.06,-0.59,41.12,,56.89,3.0,-0.91,,,1.734,0.578,1,173,34.8,0.89,Neutral,34.8,33.9,34.8,49.1
2006-03-31,1298.3,8.802,-0.25,,49.78,3.49,4.07,1.076,0.28,45.81,,58.38,3.1,-0.63,,,1.163,0.0,1,172,34.7,0.89,Neutral,34.7,33.6,34.7,51.7
2006-04-03,1319.47,9.393,-0.13,,52.44,1.18,5.88,1.318,1.82,57.73,,65.9,4.55,0.0,,,0.588,0.588,2,170,34.7,0.89,Neutral,34.7,33.8,34.7,56.4
2006-04-04,1329.8,8.654,-0.28,,54.21,1.76,5.29,1.475,2.39,64.17,,68.86,5.13,0.0,,,1.765,0.0,1,170,38.7,0.89,Neutral,38.7,37.8,38.7,60.1
2006-04-05,1340.16,8.506,-0.3,,57.17,0.58,6.98,1.478,2.65,66.07,,71.52,5.71,0.0,,,1.744,1.163,1,172,39.0,0.89,Neutral,39.0,38.6,39.0,62.1
2006-04-06,1339.74,8.062,-0.39,,60.71,2.87,8.62,1.616,3.48,75.01,,71.25,5.43,-0.03,,,2.874,0.0,1,174,43.2,0.89,Neutral,43.2,42.5,43.2,64.3
2006-04-07,1342.96,8.136,-0.38,,61.13,1.7,7.39,1.554,3.44,73.32,,72.11,5.46,0.0,,,4.545,1.136,2,176,42.5,0.89,Neutral,42.5,41.7,42.5,64.3
2006-04-10,1359.08,8.062,-0.39,,63.27,0.58,9.88,1.565,3.0,70.34,,75.97,6.5,0.0,,,3.488,0.0,2,172,42.2,0.89,Neutral,42.2,41.1,42.2,66.2
2006-04-11,1362.23,7.396,-0.52,,59.53,0.57,5.68,1.645,2.44,67.65,,76.65,6.53,0.0,,,3.409,0.0,3,176,43.9,0.89,Neutral,43.9,42.8,43.9,66.4
2006-04-12,1360.13,7.322,-0.54,,54.66,1.13,5.65,1.384,1.49,56.6,,75.13,6.17,-0.15,,,2.26,1.13,3,177,40.9,0.89,Neutral,40.9,40.2,40.9,63.0
2006-04-13,1332.33,7.47,-0.51,,48.5,0.56,1.11,1.532,-0.55,43.9,,58.51,3.85,-2.19,,,0.0,2.222,1,180,37.6,0.89,Neutral,37.6,37.8,37.6,56.5
2006-04-14,1359.54,8.358,-0.33,,55.01,0.56,3.91,1.392,1.23,55.01,,66.35,5.76,-0.2,,,1.676,0.0,1,179,37.7,0.89,Neutral,37.7,36.7,37.7,59.8
2006-04-17,1378.61,7.249,-0.55,,47.84,0.57,5.71,1.545,1.44,58.5,,70.56,7.04,0.0,,,1.143,1.143,1,175,41.3,0.89,Neutral,41.3,41.1,41.3,61.3
2006-04-18,1385.11,7.544,-0.49,,45.56,2.2,4.95,1.334,1.68,57.09,,71.85,7.31,0.0,,,2.198,2.747,2,182,39.9,0.89,Neutral,39.9,39.5,39.9,59.0
2006-04-19,1396.7,7.766,-0.44,,45.26,2.23,7.82,1.463,2.69,66.05,,74.03,7.94,0.0,,,2.235,0.0,3,179,42.1,0.89,Neutral,42.1,41.0,42.1,60.2
2006-04-20,1385.9,7.988,-0.4,,48.62,6.15,7.26,1.547,4.02,77.42,,68.68,6.86,-0.77,,,2.235,2.793,1,179,43.5,0.89,Neutral,43.5,43.6,43.5,59.9
2006-04-21,1416.79,8.95,-0.2,,40.86,7.95,5.68,1.606,4.21,80.33,,74.38,8.99,0.0,,,1.705,2.273,1,176,40.8,0.89,Neutral,40.8,40.7,40.8,58.2
2006-04-24,1409.79,8.673,-0.26,,34.46,10.29,4.57,1.813,2.26,68.99,,71.22,8.23,-0.49,,,1.714,10.857,1,175,38.6,0.89,Neutral,38.6,38.8,38.6,56.2
2006-04-25,1399.77,10.089,0.03,,36.49,9.3,6.4,1.491,1.06,55.07,,66.83,7.26,-1.2,,,3.488,1.163,2,172,32.0,0.89,Neutral,32.0,30.6,32.0,52.2
2006-04-26,1417.48,10.089,0.03,,44.06,3.93,6.74,1.66,1.49,60.5,,70.31,8.4,0.0,,,8.989,1.124,2,178,33.5,0.89,Neutral,33.5,31.6,33.5,57.0
2006-04-27,1416.73,10.089,0.03,,48.36,2.81,6.18,1.275,2.22,59.55,,69.98,8.11,-0.05,,,1.685,0.562,3,178,32.8,0.89,Neutral,32.8,31.4,32.8,56.1
2006-04-28,1440.22,9.792,-0.03,,48.43,5.78,10.4,1.504,1.65,59.47,,74.13,9.65,0.0,,,3.468,1.156,4,173,33.7,0.89,Neutral,33.7,32.2,33.7,59.6
2006-05-08,1497.1,10.015,0.01,,62.86,1.23,10.49,1.725,6.19,89.8,,80.99,13.68,0.0,,,10.494,0.0,4,162,41.3,0.89,Neutral,41.3,39.4,41.3,67.4
2006-05-09,1531.16,8.68,-0.26,,71.66,0.59,12.43,2.135,9.39,92.0,,83.77,15.9,0.0,,,12.426,0.0,5,169,46.2,0.89,Neutral,46.2,44.4,46.2,73.4
2006-05-10,1545.69,7.047,-0.59,,70.67,0.0,13.02,2.041,9.04,92.0,,84.79,16.62,0.0,,,7.101,0.0,2,169,51.0,0.89,Neutral,51.0,50.1,51.0,75.4
2006-05-11,1537.38,6.454,-0.71,,67.12,0.0,10.0,2.344,8.52,92.0,,81.63,15.61,-0.54,,,7.059,0.0,3,170,53.3,0.89,Neutral,53.3,52.5,53.3,75.3
2006-05-12,1602.83,7.27,-0.54,,75.17,0.0,19.16,2.139,11.29,92.0,,86.04,20.05,0.0,,,14.371,0.0,2,167,50.2,0.89,Neutral,50.2,49.0,50.2,77.3
2006-05-15,1664.09,5.564,-0.89,,75.11,0.0,27.49,2.685,11.15,92.0,,88.76,24.04,0.0,,,25.146,0.585,3,171,55.9,0.89,Neutral,55.9,55.2,55.9,81.2
2006-05-16,1613.25,4.896,-1.03,,62.19,0.57,9.2,2.62,5.36,92.0,,75.59,19.76,-3.05,,,2.874,13.793,3,174,57.1,0.89,Neutral,57.1,58.2,57.1,76.3
2006-05-17,1625.15,5.415,-0.92,,62.79,0.0,9.44,2.04,5.14,92.0,,76.47,20.16,-2.34,,,5.556,3.333,3,180,55.9,0.89,Neutral,55.9,56.2,55.9,75.1
2006-05-18,1617.28,4.97,-1.0,,69.78,0.0,8.47,1.708,5.2,89.3,,74.56,19.07,-2.81,,,8.475,1.13,4,177,57.7,0.89,Neutral,57.7,57.3,57.7,75.5
2006-05-19,1659.55,4.748,-1.05,,67.69,0.0,17.58,2.145,3.54,79.72,,77.78,21.6,-0.27,,,10.44,0.549,5,182,56.1,0.89,Neutral,56.1,55.4,56.1,78.2
2006-05-22,1657.69,4.154,-1.16,,65.61,0.0,20.93,2.1,-0.38,46.77,,77.31,20.89,-0.38,,,5.814,2.907,2,172,49.0,0.89,Neutral,49.0,48.9,49.0,78.3
2006-05-23,1604.55,3.561,-1.28,,63.42,0.0,3.45,1.853,-0.54,45.47,,65.34,16.56,-3.58,,,1.724,12.644,2,174,52.1,0.89,Neutral,52.1,53.0,52.1,74.2
2006-05-24,1590.92,4.599,-1.06,,53.86,0.0,0.58,1.49,-2.11,32.71,,62.66,15.15,-4.4,,,3.488,1.744,3,172,45.1,0.89,Neutral,45.1,44.6,45.1,66.6
2006-05-25,1591.42,5.119,-0.95,,55.29,0.0,2.27,1.055,-1.6,35.89,,62.72,14.76,-4.37,,,3.409,1.705,2,176,44.0,0.89,Neutral,44.0,43.5,44.0,62.8
2006-05-26,1613.89,4.822,-1.01,,55.66,0.0,5.26,1.115,-2.75,29.67,,65.42,15.94,-3.02,,,4.094,0.585,3,171,43.7,0.89,Neutral,43.7,42.7,43.7,65.2
2006-05-29,1648.54,4.303,-1.12,,57.85,0.0,13.02,1.307,-0.55,42.69,,69.15,17.93,-0.93,,,7.101,1.183,2,169,48.5,0.89,Neutral,48.5,47.9,48.5,69.9
2006-05-30,1657.29,3.858,-1.2,,68.5,0.0,17.92,1.328,3.29,67.23,,70.02,18.06,-0.41,,,6.936,0.0,3,173,56.8,0.89,Neutral,56.8,56.3,56.8,74.2
2006-05-31,1641.3,3.412,-1.29,,70.7,0.0,11.8,1.409,3.17,68.2,,66.31,16.45,-1.37,,,2.809,0.562,1,178,59.0,0.89,Neutral,59.0,59.7,59.0,75.0
2006-06-01,1684.19,3.487,-1.27,,75.38,0.0,26.52,1.654,5.83,87.7,,70.79,18.94,0.0,,,13.26,0.552,2,181,64.1,0.89,Optimistic,64.1,64.2,64.1,79.1
2006-06-02,1669.4,2.967,-1.37,,69.1,0.0,19.1,1.875,3.44,78.89,,67.46,17.37,-0.88,,,3.933,1.124,2,178,64.6,0.89,Optimistic,64.6,65.4,64.6,78.4
2006-06-05,1684.62,2.671,-1.42,,65.5,0.0,20.45,1.581,2.19,64.61,,69.07,17.9,0.0,,,4.545,0.568,3,176,63.1,0.89,Optimistic,63.1,63.5,63.1,77.8
2006-06-06,1679.13,2.3,-1.49,,59.25,0.0,11.93,1.348,1.32,54.96,,67.76,16.94,-0.33,,,2.841,0.568,4,176,62.9,0.89,Optimistic,62.9,63.4,62.9,74.9
2006-06-07,1589.55,2.522,-1.44,,52.73,0.56,1.12,1.481,-3.15,25.36,,50.89,10.27,-5.64,,,0.559,36.872,3,179,53.6,0.89,Neutral,53.6,54.9,53.6,66.2
2006-06-08,1591.49,3.858,-1.16,,42.9,0.55,2.21,1.221,-5.5,15.96,,51.18,9.96,-5.53,,,2.21,1.657,1,181,43.6,0.89,Neutral,43.6,43.5,43.6,57.5
2006-06-09,1551.38,3.487,-1.24,,35.89,0.56,0.56,1.036,-7.07,18.5,,45.35,6.81,-7.91,,,1.111,5.0,1,180,46.3,0.89,Neutral,46.3,47.0,46.3,51.3
2006-06-12,1552.8,4.154,-1.1,,31.17,0.56,0.56,0.686,-7.83,23.32,,45.58,6.55,-7.83,,,2.235,3.911,2,179,44.2,0.89,Neutral,44.2,44.2,44.2,43.2
2006-06-13,1548.49,4.08,-1.11,,35.6,0.55,1.09,0.702,-7.78,23.09,,44.95,5.91,-8.08,,,1.639,1.639,1,183,44.5,0.89,Neutral,44.5,44.6,44.5,44.6
2006-06-14,1531.33,3.932,-1.13,,43.13,1.64,2.19,0.698,-3.66,28.03,,42.41,4.43,-9.1,,,1.093,2.732,1,183,46.5,0.89,Neutral,46.5,47.0,46.5,46.0
2006-06-15,1533.98,4.377,-1.04,,43.63,1.09,1.63,0.609,-3.61,28.9,,42.95,4.3,-8.94,,,0.543,0.543,1,184,45.3,0.89,Neutral,45.3,45.4,45.3,44.3
2006-06-16,1574.47,4.377,-1.04,,58.64,0.0,2.75,0.716,1.49,47.07,,50.51,6.69,-6.54,,,2.198,1.099,1,182,49.5,0.89,Neutral,49.5,49.7,49.5,54.3
2006-06-19,1586.29,3.706,-1.17,,62.55,0.56,3.91,0.754,2.16,50.22,,52.49,7.13,-5.84,,,2.235,1.117,1,179,53.3,0.89,Neutral,53.3,53.8,53.3,58.2
2006-06-20,1592.33,3.41,-1.23,,62.67,0.0,5.11,0.75,2.83,52.75,,53.52,7.17,-5.48,,,1.705,0.568,1,176,55.9,0.89,Neutral,55.9,56.5,55.9,59.2
2006-06-21,1598.12,3.558,-1.19,,60.05,0.0,3.35,0.834,4.36,60.93,,54.53,7.2,-5.14,,,1.676,0.0,1,179,57.1,0.89,Neutral,57.1,57.6,57.1,59.6
2006-06-22,1596.07,3.484,-1.2,,57.19,0.0,3.85,0.678,4.05,55.65,,54.08,6.71,-5.26,,,1.648,0.0,1,182,56.4,0.89,Neutral,56.4,56.8,56.4,56.2
2006-06-23,1605.71,3.778,-1.14,,51.92,0.57,3.98,0.73,1.98,49.15,,55.92,6.98,-4.68,,,2.273,1.136,1,176,52.6,0.89,Neutral,52.6,53.1,52.6,55.1
2006-06-26,1633.45,3.556,-1.18,,54.81,0.59,7.06,0.82,2.97,54.76,,60.78,8.42,-3.04,,,2.941,1.176,2,170,55.5,0.89,Neutral,55.5,55.8,55.5,60.0
2006-06-27,1639.55,3.328,-1.22,,52.38,0.0,4.17,0.752,2.97,53.32,,61.78,8.42,-2.68,,,0.0,0.595,1,168,55.8,0.89,Neutral,55.8,56.9,55.8,59.0
2006-06-28,1639.29,3.18,-1.25,,55.68,0.0,1.75,0.683,2.58,50.5,,61.71,8.01,-2.69,,,1.754,0.585,1,171,56.6,0.89,Neutral,56.6,57.2,56.6,59.3
2006-06-29,1671.62,3.18,-1.24,,66.38,0.0,4.52,1.065,4.73,69.01,,66.88,9.68,-0.77,,,2.825,0.0,1,177,61.2,0.89,Optimistic,61.2,61.8,61.2,70.1
2006-06-30,1672.21,2.739,-1.33,,60.13,0.0,3.7,1.015,4.14,64.64,,66.97,9.27,-0.74,,,1.852,0.0,2,162,62.9,0.89,Optimistic,62.9,63.6,62.9,68.7
2006-07-03,1697.28,2.739,-1.32,,59.23,0.0,4.65,0.983,3.91,62.68,,70.54,10.46,0.0,,,1.163,0.581,3,172,61.9,0.89,Optimistic,61.9,62.7,61.9,69.4
2006-07-04,1681.55,2.443,-1.38,,57.27,0.0,2.29,1.092,2.56,58.17,,65.74,9.02,-0.93,,,0.571,0.571,1,175,62.7,0.89,Optimistic,62.7,64.0,62.7,69.1
2006-07-05,1718.56,2.515,-1.36,,54.12,0.0,3.93,1.214,4.84,73.82,,70.78,10.96,0.0,,,2.809,0.562,1,178,65.9,0.89,Optimistic,65.9,67.0,65.9,70.8
2006-07-06,1741.47,2.663,-1.32,,55.38,0.0,9.94,0.993,4.18,64.26,,73.39,11.96,0.0,,,6.63,0.0,2,181,63.4,0.89,Optimistic,63.4,63.5,63.4,69.5
2006-07-07,1730.19,2.589,-1.33,,56.46,0.0,8.79,0.978,3.47,60.41,,70.07,10.77,-0.65,,,2.747,0.549,2,182,62.4,0.89,Optimistic,62.4,63.1,62.4,68.7
2006-07-10,1734.33,2.367,-1.37,,51.2,0.0,7.95,0.77,2.18,50.6,,70.6,10.6,-0.41,,,1.705,0.568,3,176,61.2,0.89,Optimistic,61.2,61.9,61.2,64.6
2006-07-11,1745.81,2.293,-1.38,,55.87,0.0,9.04,0.791,3.82,57.6,,72.06,10.88,0.0,,,1.13,0.0,1,177,63.2,0.89,Optimistic,63.2,64.2,63.2,67.1
2006-07-12,1740.0,2.219,-1.39,,56.36,0.0,7.22,0.964,1.25,49.46,,70.16,10.07,-0.33,,,1.667,1.111,1,180,61.5,0.89,Optimistic,61.5,62.6,61.5,69.2
2006-07-13,1655.77,2.589,-1.31,,38.56,1.65,2.75,1.329,-4.92,14.98,,49.66,4.38,-5.16,,,1.099,28.022,1,182,51.1,0.89,Neutral,51.1,52.4,51.1,57.5
2006-07-14,1665.21,3.846,-1.05,,41.46,1.62,2.16,0.812,-3.76,26.74,,51.37,4.64,-4.62,,,2.162,0.541,1,185,47.2,0.89,Neutral,47.2,47.1,47.2,50.4
2006-07-17,1682.89,3.846,-1.05,,47.0,0.0,4.42,0.628,-2.97,30.92,,54.5,5.42,-3.6,,,2.21,0.552,2,181,48.3,0.89,Neutral,48.3,48.1,48.3,51.1
2006-07-18,1684.25,3.476,-1.12,,46.52,0.0,4.42,0.614,-3.53,29.15,,54.74,5.17,-3.53,,,3.315,0.552,2,181,50.4,0.89,Neutral,50.4,50.1,50.4,51.6
2006-07-19,1645.16,3.18,-1.18,,43.47,1.09,3.28,0.687,-5.45,23.3,,47.03,2.47,-5.77,,,0.546,0.546,1,183,50.7,0.89,Neutral,50.7,51.1,50.7,48.7
2006-07-20,1655.12,3.772,-1.06,,56.39,0.0,2.72,0.563,-0.04,40.21,,49.0,2.8,-5.19,,,0.0,0.543,1,184,50.9,0.89,Neutral,50.9,51.6,50.9,50.8
2006-07-21,1665.33,3.624,-1.08,,57.57,0.0,3.3,0.591,0.01,40.58,,51.01,3.17,-4.61,,,1.099,0.0,1,182,52.4,0.89,Neutral,52.4,52.7,52.4,52.7
2006-07-24,1665.94,3.402,-1.12,,49.04,0.0,2.23,0.618,-1.01,37.44,,51.14,2.93,-4.57,,,1.117,0.559,1,179,52.8,0.89,Neutral,52.8,53.3,52.8,50.7
2006-07-25,1685.46,3.102,-1.18,,53.52,0.0,3.35,0.684,0.07,41.54,,55.06,3.83,-3.46,,,0.559,0.559,2,179,55.6,0.89,Neutral,55.6,56.2,55.6,55.4
2006-07-26,1686.65,2.88,-1.22,,60.57,0.0,3.33,0.624,2.52,49.21,,55.3,3.62,-3.39,,,0.0,1.111,1,180,58.3,0.89,Neutral,58.3,59.7,58.3,57.5
2006-07-27,1675.17,2.806,-1.23,,50.18,0.0,4.4,0.729,1.21,46.22,,52.44,2.64,-4.05,,,0.0,0.549,1,182,58.3,0.89,Neutral,58.3,59.6,58.3,54.4
2006-07-28,1662.03,3.176,-1.15,,44.57,1.1,4.4,0.671,-0.2,40.48,,49.3,1.61,-4.8,,,0.549,1.099,1,182,55.0,0.89,Neutral,55.0,55.9,55.0,49.3
2006-07-31,1612.73,3.1,-1.16,,37.83,2.17,0.54,0.681,-3.19,29.84,,39.7,-1.52,-7.62,,,0.541,5.946,1,184,53.0,0.89,Neutral,53.0,54.3,53.0,42.9
2006-08-01,1600.61,3.909,-1.0,,27.07,1.6,0.0,0.658,-5.03,23.71,,37.75,-2.33,-8.32,,,0.0,1.064,1,188,46.8,0.89,Neutral,46.8,47.4,46.8,35.9
2006-08-02,1600.87,4.268,-0.93,,24.9,1.06,0.0,0.573,-5.09,24.86,,37.82,-2.37,-8.3,,,0.0,0.529,1,189,45.8,0.89,Neutral,45.8,46.2,45.8,33.5
2006-08-03,1601.06,4.415,-0.9,,31.43,1.6,1.06,0.434,-4.42,28.23,,37.88,-2.42,-8.29,,,0.529,0.529,1,189,46.4,0.89,Neutral,46.4,46.5,46.4,34.4
2006-08-04,1570.15,4.268,-0.92,,27.2,2.7,0.0,0.549,-5.53,25.2,,32.77,-4.27,-10.06,,,0.0,3.763,1,186,45.7,0.89,Neutral,45.7,46.7,45.7,31.2
2006-08-07,1547.44,5.224,-0.73,,29.61,4.28,0.0,0.519,-4.05,28.35,,29.61,-5.55,-11.36,,,1.064,4.255,1,188,43.8,0.89,Neutral,43.8,44.2,43.8,28.5
2006-08-08,1580.58,6.328,-0.51,,43.98,0.53,0.0,0.515,-1.25,36.38,,38.87,-3.49,-9.46,,,1.058,1.058,1,189,41.9,0.89,Neutral,41.9,41.7,41.9,35.8
2006-08-09,1578.57,5.445,-0.69,,44.88,0.0,0.0,0.489,-1.39,35.93,,38.54,-3.57,-9.58,,,1.579,0.526,1,190,45.1,0.89,Neutral,45.1,44.9,45.1,37.0
2006-08-10,1606.07,5.511,-0.67,,52.84,0.0,0.0,0.606,0.31,41.69,,45.4,-1.88,-8.0,,,0.521,1.042,1,191,45.6,0.89,Neutral,45.6,45.8,45.6,43.9
2006-08-11,1605.93,5.143,-0.74,,61.7,0.0,0.0,0.547,2.28,47.03,,45.37,-1.83,-8.01,,,2.062,0.515,1,194,48.6,0.89,Neutral,48.6,48.6,48.6,46.6
2006-08-14,1570.74,4.849,-0.8,,60.08,1.06,0.0,0.611,1.51,45.64,,38.93,-3.9,-10.03,,,0.526,2.632,1,190,49.1,0.89,Neutral,49.1,49.8,49.1,44.4
2006-08-15,1595.66,5.584,-0.65,,58.74,0.53,0.0,0.492,0.95,42.42,,44.89,-2.36,-8.6,,,1.042,0.0,1,192,46.1,0.89,Neutral,46.1,45.8,46.1,43.9
2006-08-16,1616.41,5.282,-0.71,,67.81,0.0,0.53,0.709,2.4,50.33,,49.33,-1.12,-7.41,,,0.0,0.0,1,192,48.3,0.89,Neutral,48.3,48.6,48.3,51.6
2006-08-17,1603.33,4.916,-0.78,,54.91,0.0,0.0,0.587,-0.17,39.99,,46.78,-1.93,-8.16,,,0.521,0.521,1,192,47.4,0.89,Neutral,47.4,47.6,47.4,45.5
2006-08-18,1598.02,4.985,-0.77,,47.92,0.53,0.0,0.606,-0.49,39.07,,45.74,-2.24,-8.47,,,0.0,0.0,1,193,46.9,0.89,Neutral,46.9,47.2,46.9,42.8
2006-08-21,1601.15,5.279,-0.71,,54.41,0.53,0.53,0.596,1.94,46.81,,46.49,-2.0,-8.29,,,0.0,0.518,1,193,47.6,0.89,Neutral,47.6,48.1,47.6,44.8
2006-08-22,1613.36,5.352,-0.69,,50.51,0.0,1.05,0.689,1.11,45.33,,49.44,-1.21,-7.59,,,0.0,0.515,1,194,46.6,0.89,Neutral,46.6,47.0,46.6,45.9
2006-08-23,1612.4,5.263,-0.71,,39.57,0.0,0.52,0.711,-0.25,40.57,,49.21,-1.24,-7.64,,,0.508,0.0,1,195,46.3,0.89,Neutral,46.3,46.1,46.3,42.3
2006-08-24,1623.02,5.263,-0.71,,48.62,0.0,1.05,0.663,1.23,45.41,,51.87,-0.53,-7.03,,,0.513,0.0,1,195,47.2,0.89,Neutral,47.2,47.1,47.2,46.0
2006-08-25,1623.03,5.336,-0.69,,52.74,0.0,0.52,0.75,1.57,47.86,,51.87,-0.48,-7.03,,,1.02,0.0,1,196,47.6,0.89,Neutral,47.6,47.5,47.6,48.5
2006-08-28,1650.44,5.19,-0.72,,62.57,0.0,1.6,1.085,3.08,60.79,,58.4,1.24,-5.46,,,0.521,0.0,1,192,50.6,0.89,Neutral,50.6,50.8,50.6,59.2
2006-08-29,1651.02,4.678,-0.82,,56.55,0.0,1.05,1.343,2.33,61.44,,58.53,1.3,-5.43,,,1.538,0.513,1,195,52.5,0.89,Neutral,52.5,52.8,52.5,60.1
2006-08-30,1655.19,4.459,-0.86,,61.37,0.0,1.58,0.883,2.65,54.64,,59.49,1.49,-5.19,,,1.026,0.513,1,195,51.3,0.89,Neutral,51.3,51.7,51.3,57.7
2006-08-31,1658.64,4.386,-0.87,,58.59,0.52,3.11,1.002,2.19,54.66,,60.31,1.63,-4.99,,,0.508,1.015,1,197,51.3,0.89,Neutral,51.3,51.9,51.3,58.8
2006-09-01,1636.69,4.167,-0.92,,54.06,0.0,1.04,1.035,0.84,48.32,,52.94,0.2,-6.25,,,0.505,0.0,1,198,51.7,0.89,Neutral,51.7,51.9,51.7,55.3
2006-09-04,1657.52,4.825,-0.78,,53.47,0.52,1.57,0.958,0.43,45.47,,58.17,1.37,-5.06,,,1.02,0.51,1,196,47.9,0.89,Neutral,47.9,48.1,47.9,55.2
2006-09-05,1664.08,4.459,-0.85,,54.3,0.52,1.56,1.173,0.79,49.6,,59.69,1.65,-4.68,,,1.015,0.0,1,197,50.3,0.89,Neutral,50.3,50.4,50.3,59.0
2006-09-06,1672.12,4.386,-0.87,,54.04,0.0,0.52,0.968,1.02,48.42,,61.53,1.99,-4.22,,,0.51,0.0,1,196,50.0,0.89,Neutral,50.0,50.1,50.0,57.4
2006-09-07,1661.19,3.947,-0.95,,45.85,0.53,0.53,0.908,0.15,43.73,,57.67,1.19,-4.85,,,0.0,0.513,1,195,50.3,0.89,Neutral,50.3,51.1,50.3,53.1
2006-09-08,1667.98,4.459,-0.85,,52.06,0.53,1.05,0.764,1.91,49.42,,59.38,1.51,-4.46,,,0.0,0.513,1,195,49.7,0.89,Neutral,49.7,50.3,49.7,53.0
2006-09-11,1674.97,4.459,-0.85,,44.1,1.05,1.57,0.883,1.05,47.51,,61.11,1.84,-4.06,,,1.02,0.0,1,196,49.6,0.89,Neutral,49.6,49.6,49.6,52.6
2006-09-12,1695.86,4.459,-0.84,,46.79,0.0,2.59,1.082,1.91,54.51,,65.82,3.01,-2.86,,,0.505,0.505,2,198,50.8,0.89,Neutral,50.8,51.0,50.8,58.0
2006-09-13,1689.39,4.313,-0.87,,38.21,0.52,1.57,1.244,1.03,51.86,,63.26,2.52,-3.23,,,0.0,0.0,1,196,50.6,0.89,Neutral,50.6,51.1,50.6,55.6
2006-09-14,1689.69,4.532,-0.83,,43.49,0.51,1.02,0.978,1.72,51.91,,63.33,2.44,-3.21,,,0.498,0.0,1,201,50.1,0.89,Neutral,50.1,50.3,50.1,54.5
2006-09-15,1721.05,4.453,-0.84,,48.93,0.0,4.1,1.356,3.18,67.16,,69.88,4.22,-1.42,,,0.995,0.0,1,200,53.5,0.89,Neutral,53.5,53.9,53.5,62.8
2006-09-18,1732.99,4.234,-0.88,,56.64,0.0,5.64,1.285,3.46,67.39,,71.94,4.84,-0.73,,,1.493,0.0,1,201,54.4,0.89,Neutral,54.4,54.6,54.4,66.0
2006-09-19,1735.24,3.869,-0.95,,54.18,0.0,5.64,1.243,2.32,59.57,,72.32,4.87,-0.61,,,0.0,0.0,1,201,53.5,0.89,Neutral,53.5,54.3,53.5,65.6
2006-09-20,1732.45,3.869,-0.95,,60.93,0.0,5.61,1.107,2.55,58.38,,71.03,4.61,-0.76,,,0.99,0.0,1,202,53.7,0.89,Neutral,53.7,54.0,53.7,66.4
2006-09-21,1740.9,3.942,-0.94,,61.86,0.52,4.71,1.124,3.03,61.34,,72.63,5.04,-0.28,,,1.02,1.02,1,196,53.6,0.89,Neutral,53.6,54.2,53.6,67.3
2006-09-22,1725.36,3.72,-0.98,,50.16,0.52,2.58,1.28,0.25,47.48,,65.47,4.05,-1.17,,,0.5,1.0,1,200,52.1,0.89,Neutral,52.1,52.7,52.1,62.9
2006-09-25,1722.37,4.158,-0.89,,40.31,1.05,4.21,1.151,-0.61,41.5,,64.16,3.84,-1.34,,,1.02,0.51,2,196,48.9,0.89,Neutral,48.9,48.8,48.9,57.0
2006-09-26,1712.64,4.303,-0.86,,38.81,0.0,3.68,0.953,-1.3,37.2,,59.95,3.22,-1.9,,,2.551,1.02,1,196,47.6,0.89,Neutral,47.6,47.6,47.6,52.6
2006-09-27,1725.04,4.449,-0.83,,43.48,1.04,2.59,0.85,-0.43,40.74,,63.26,3.97,-1.19,,,0.503,0.503,1,199,47.5,0.89,Neutral,47.5,47.7,47.5,53.9
2006-09-28,1736.96,4.227,-0.87,,46.31,0.52,4.17,1.003,-0.23,42.65,,66.15,4.69,-0.51,,,0.0,0.505,1,198,48.1,0.89,Neutral,48.1,48.6,48.1,58.5
2006-09-29,1752.42,4.155,-0.88,,56.41,0.0,5.15,1.227,1.57,54.82,,69.5,5.6,0.0,,,2.5,0.0,1,200,51.8,0.89,Neutral,51.8,51.7,51.8,65.6
2006-10-09,1785.38,4.155,-0.88,,65.45,0.0,9.28,1.582,3.66,75.58,,75.15,7.53,0.0,,,3.5,0.0,1,200,56.8,0.89,Neutral,56.8,57.0,56.8,72.5
2006-10-10,1784.86,4.082,-0.89,,68.25,0.0,3.63,1.636,4.22,81.16,,74.92,7.45,-0.03,,,2.01,0.0,1,199,58.2,0.89,Neutral,58.2,58.7,58.2,73.4
2006-10-11,1790.1,3.863,-0.93,,64.18,0.0,5.67,1.452,3.77,73.29,,75.74,7.72,0.0,,,2.0,0.0,1,200,57.4,0.89,Neutral,57.4,57.9,57.4,72.2
2006-10-12,1778.18,3.639,-0.98,,58.18,0.0,3.63,1.566,2.37,65.7,,70.09,6.87,-0.67,,,3.015,0.0,2,199,57.5,0.89,Neutral,57.5,57.5,57.5,70.1
2006-10-13,1784.66,3.421,-1.02,,54.34,0.0,5.18,1.262,1.84,56.97,,71.34,7.13,-0.3,,,0.503,0.0,1,199,56.0,0.89,Neutral,56.0,56.6,56.0,67.7
2006-10-16,1771.3,3.636,-0.97,,46.02,0.0,7.81,1.386,-0.79,41.55,,65.27,6.23,-1.05,,,1.515,0.0,1,198,51.6,0.89,Neutral,51.6,51.7,51.6,63.4
2006-10-17,1763.9,3.561,-0.99,,44.0,0.5,4.52,1.155,-1.17,38.36,,62.12,5.7,-1.46,,,0.0,0.49,1,204,51.0,0.89,Neutral,51.0,51.8,51.0,60.0
2006-10-18,1787.18,3.553,-0.99,,49.09,0.51,4.55,1.079,-0.16,43.51,,67.45,6.95,-0.16,,,1.456,0.0,1,204,52.4,0.89,Neutral,52.4,52.6,52.4,63.2
2006-10-19,1792.25,3.336,-1.03,,52.03,0.0,9.64,1.215,0.79,50.08,,68.49,7.1,0.0,,,0.488,0.0,2,205,55.3,0.89,Neutral,55.3,55.6,55.3,66.2
2006-10-20,1790.36,3.408,-1.01,,48.38,0.0,5.64,1.207,0.32,47.24,,67.62,6.86,-0.11,,,0.493,0.985,1,203,53.7,0.89,Neutral,53.7,54.4,53.7,64.4
2006-10-23,1759.39,3.408,-1.01,,41.86,1.03,0.0,1.286,-0.67,41.83,,55.28,4.91,-1.83,,,0.0,3.448,1,203,52.5,0.89,Neutral,52.5,54.0,52.5,58.6
2006-10-24,1805.18,4.133,-0.86,,52.34,0.0,2.05,1.148,2.34,57.98,,65.35,7.52,0.0,,,1.478,0.493,1,203,52.7,0.89,Neutral,52.7,53.1,52.7,63.4
2006-10-25,1806.65,3.693,-0.95,,43.65,0.0,3.65,1.277,1.09,52.6,,65.61,7.47,0.0,,,1.0,1.5,2,200,53.7,0.89,Neutral,53.7,54.2,53.7,62.3
2006-10-26,1810.65,3.907,-0.9,,40.95,0.51,3.06,1.389,1.03,53.59,,66.38,7.57,0.0,,,0.488,0.488,1,204,52.4,0.89,Neutral,52.4,53.0,52.4,61.8
2006-10-27,1807.17,4.049,-0.87,,38.91,0.0,1.52,2.09,0.94,57.89,,65.03,7.21,-0.19,,,0.0,1.456,1,206,52.4,0.89,Neutral,52.4,53.5,52.4,63.3
2006-10-30,1809.66,4.338,-0.81,,45.68,0.51,2.02,1.261,2.86,63.14,,65.57,7.15,-0.05,,,0.485,0.971,1,206,53.0,0.89,Neutral,53.0,53.7,53.0,61.5
2006-10-31,1837.99,4.121,-0.85,,40.19,0.0,1.02,1.287,1.82,57.25,,71.04,8.57,0.0,,,0.0,0.0,1,204,51.7,0.89,Neutral,51.7,52.3,51.7,61.8
2006-11-01,1855.71,3.977,-0.88,,44.07,0.0,0.5,1.313,2.72,63.3,,73.84,9.34,0.0,,,1.442,0.0,1,208,54.2,0.89,Neutral,54.2,54.4,54.2,64.4
2006-11-02,1851.31,3.76,-0.92,,45.47,0.0,0.5,1.409,2.25,62.02,,71.98,8.82,-0.24,,,0.0,0.0,1,206,54.8,0.89,Neutral,54.8,55.6,54.8,65.6
2006-11-03,1866.36,3.977,-0.88,,52.94,0.0,1.52,1.339,3.28,67.39,,74.36,9.38,0.0,,,0.485,0.0,1,206,55.0,0.89,Neutral,55.0,55.5,55.0,67.9
2006-11-06,1886.31,3.76,-0.92,,51.29,0.0,3.54,1.316,4.24,72.96,,77.13,10.19,0.0,,,0.971,0.971,1,206,57.5,0.89,Neutral,57.5,58.5,57.5,68.5
2006-11-07,1889.53,3.905,-0.89,,43.91,0.0,3.55,1.441,2.8,66.4,,77.55,10.04,0.0,,,0.976,0.0,1,205,55.3,0.89,Neutral,55.3,55.8,55.3,66.5
2006-11-08,1866.82,4.049,-0.86,,40.35,0.51,1.02,0.979,0.6,46.49,,68.02,8.42,-1.2,,,0.0,0.0,1,205,49.6,0.89,Neutral,49.6,50.1,49.6,58.0
2006-11-09,1896.48,3.905,-0.88,,48.14,0.0,3.5,1.135,2.44,58.3,,72.73,9.83,0.0,,,0.483,0.966,1,207,52.9,0.89,Neutral,52.9,53.6,52.9,64.7
2006-11-10,1883.35,3.905,-0.88,,38.06,1.52,1.52,1.604,0.91,55.34,,67.96,8.78,-0.69,,,0.49,1.961,2,204,52.6,0.89,Neutral,52.6,53.3,52.6,62.7
2006-11-13,1863.77,4.338,-0.79,,32.35,5.08,1.02,1.256,-1.2,38.52,,61.47,7.35,-1.73,,,0.0,2.941,1,204,46.5,0.89,Neutral,46.5,47.5,46.5,55.6
2006-11-14,1888.24,4.989,-0.66,,40.94,0.51,0.51,1.074,-0.07,43.97,,65.86,8.45,-0.43,,,0.0,0.488,1,205,45.8,0.89,Neutral,45.8,46.2,45.8,57.8
2006-11-15,1922.93,4.772,-0.7,,51.37,0.5,2.01,1.15,3.01,61.74,,70.91,10.12,0.0,,,2.927,0.0,1,205,51.2,0.89,Neutral,51.2,51.1,51.2,64.4
2006-11-16,1941.55,4.545,-0.75,,39.43,2.0,2.0,1.564,2.38,65.7,,73.2,10.83,0.0,,,1.463,0.0,2,205,52.9,0.89,Neutral,52.9,52.9,52.9,64.0
2006-11-17,1971.79,4.69,-0.72,,52.28,0.99,3.96,1.188,4.7,72.29,,76.45,12.16,0.0,,,0.481,0.0,1,208,53.7,0.89,Neutral,53.7,54.1,53.7,66.8
2006-11-20,2017.28,4.464,-0.76,,56.79,2.02,3.54,1.408,8.24,80.49,,80.31,14.29,0.0,,,0.0,0.0,1,204,56.2,0.89,Neutral,56.2,57.1,56.2,71.5
2006-11-21,2037.55,4.752,-0.7,,53.36,0.5,2.97,1.265,7.91,76.29,,81.75,14.98,0.0,,,0.966,0.0,1,207,54.4,0.89,Neutral,54.4,54.8,54.4,69.2
2006-11-22,2041.36,4.824,-0.69,,50.75,0.0,3.48,1.507,6.16,83.39,,82.01,14.73,0.0,,,0.485,0.0,1,206,55.8,0.89,Neutral,55.8,56.4,55.8,70.0
2006-11-23,2062.36,4.532,-0.74,,58.49,0.0,3.94,1.39,6.22,79.96,,83.45,15.44,0.0,,,0.962,0.0,1,208,56.1,0.89,Neutral,56.1,56.6,56.1,72.4
2006-11-24,2050.81,4.382,-0.77,,58.25,0.0,3.41,1.383,4.01,73.2,,79.69,14.34,-0.56,,,0.0,0.474,1,210,54.4,0.89,Neutral,54.4,55.4,54.4,71.8
2006-11-27,2047.28,4.239,-0.8,,68.87,0.0,6.31,1.29,1.49,55.24,,78.53,13.72,-0.73,,,0.943,0.472,1,212,50.9,0.89,Neutral,50.9,51.2,50.9,73.8
2006-11-28,2038.72,3.945,-0.86,,67.66,0.0,5.39,1.22,0.06,45.81,,75.65,12.84,-1.15,,,1.422,0.0,1,210,50.1,0.89,Neutral,50.1,50.1,50.1,72.6
2006-11-29,2054.09,3.874,-0.87,,63.76,0.0,9.36,1.237,0.62,49.33,,77.26,13.27,-0.4,,,0.952,0.0,1,210,51.4,0.89,Neutral,51.4,51.5,51.4,72.5
2006-11-30,2099.29,4.009,-0.84,,68.6,0.0,13.3,1.594,1.79,61.83,,81.2,15.3,0.0,,,1.905,0.0,1,210,53.5,0.89,Neutral,53.5,53.7,53.5,76.9
2006-12-01,2102.05,3.582,-0.93,,62.85,0.0,11.27,1.645,2.5,68.11,,81.42,14.96,0.0,,,1.422,0.0,1,211,57.7,0.89,Neutral,57.7,58.2,57.7,76.7
2006-12-04,2161.65,3.51,-0.94,,63.02,0.0,14.71,1.857,5.59,92.0,,85.28,17.68,0.0,,,1.422,0.0,2,211,64.0,0.89,Optimistic,64.0,64.7,64.0,78.7
2006-12-05,2173.28,3.295,-0.98,,64.83,0.0,7.88,1.842,6.6,92.0,,85.89,17.77,0.0,,,3.333,0.0,2,210,65.5,0.89,Optimistic,65.5,66.1,65.5,79.7
2006-12-06,2156.6,2.937,-1.05,,58.74,0.0,3.45,2.144,4.99,91.92,,80.68,16.36,-0.77,,,2.381,0.476,3,210,67.6,0.89,Optimistic,67.6,68.6,67.6,78.8
2006-12-07,2156.75,3.08,-1.02,,49.31,0.0,3.45,1.992,2.74,72.99,,80.69,15.85,-0.76,,,1.429,0.476,3,210,62.0,0.89,Optimistic,62.0,62.7,62.0,74.9
2006-12-08,2093.64,2.931,-1.05,,42.96,0.0,0.49,1.587,-0.4,45.34,,63.73,12.03,-3.66,,,0.0,4.739,1,211,55.4,0.89,Neutral,55.4,57.2,55.4,66.3
2006-12-11,2180.5,3.645,-0.9,,45.23,0.0,6.37,1.208,0.87,50.47,,72.34,16.15,0.0,,,4.286,0.0,1,210,53.4,0.89,Neutral,53.4,53.2,53.4,66.5
2006-12-12,2218.95,3.217,-0.99,,42.89,0.0,7.39,1.339,2.1,59.88,,75.16,17.66,0.0,,,1.914,0.0,1,209,57.8,0.89,Neutral,57.8,58.3,57.8,68.7
2006-12-13,2223.45,3.145,-1.0,,48.18,0.0,6.37,1.086,3.1,60.91,,75.47,17.34,0.0,,,0.948,0.0,2,211,58.6,0.89,Neutral,58.6,59.0,58.6,68.8
2006-12-14,2249.11,3.217,-0.98,,56.15,0.0,6.44,1.098,4.28,67.54,,77.24,18.11,0.0,,,1.914,0.0,1,209,59.5,0.89,Neutral,59.5,60.1,59.5,72.0
2006-12-15,2273.91,2.996,-1.03,,66.22,0.0,11.88,1.131,8.61,72.34,,78.83,18.84,0.0,,,0.476,0.0,1,209,61.7,0.89,Optimistic,61.7,62.7,61.7,76.3
2006-12-18,2332.43,2.924,-1.04,,60.22,0.0,17.09,1.454,6.97,81.82,,82.02,21.27,0.0,,,4.348,0.0,1,207,64.9,0.89,Optimistic,64.9,65.6,64.9,78.0
2006-12-19,2364.18,2.782,-1.07,,61.23,0.0,10.95,1.601,6.54,86.14,,83.48,22.25,0.0,,,5.769,0.0,2,208,67.2,0.89,Optimistic,67.2,67.6,67.2,79.6
2006-12-20,2373.2,2.637,-1.09,,64.48,0.0,16.0,1.421,6.74,80.85,,83.88,22.04,0.0,,,4.369,0.0,3,206,66.7,0.89,Optimistic,66.7,67.2,66.7,79.9
2006-12-21,2342.94,2.708,-1.08,,55.55,0.0,3.5,1.491,4.17,77.08,,77.14,19.87,-1.28,,,1.449,0.483,1,207,64.8,0.89,Optimistic,64.8,66.1,64.8,76.2
2006-12-22,2343.67,2.701,-1.07,,50.42,0.0,2.53,1.247,3.07,64.14,,77.19,19.28,-1.24,,,1.463,0.0,2,205,62.1,0.89,Optimistic,62.1,62.7,62.1,72.5
2006-12-25,2435.76,2.701,-1.07,,49.77,0.0,9.09,1.299,4.43,73.72,,82.22,23.22,0.0,,,0.976,0.0,1,205,63.8,0.89,Optimistic,63.8,64.9,63.8,74.1
2006-12-26,2479.73,2.697,-1.07,,43.14,0.0,9.45,1.257,4.89,75.36,,84.03,24.64,0.0,,,0.0,0.0,1,208,63.8,0.89,Optimistic,63.8,65.3,63.8,71.6
2006-12-27,2536.39,2.697,-1.07,,41.37,0.0,9.95,1.24,6.88,75.56,,86.0,26.62,0.0,,,0.962,0.0,1,208,64.2,0.89,Optimistic,64.2,65.2,64.2,71.1
2006-12-28,2567.59,2.626,-1.08,,38.37,0.0,6.19,1.337,9.59,78.41,,86.96,27.3,0.0,,,1.493,0.995,2,201,65.2,0.89,Optimistic,65.2,66.4,65.2,71.1
2006-12-29,2675.47,2.906,-1.02,,46.68,0.0,10.05,1.456,14.16,81.89,,89.61,31.65,0.0,,,0.971,0.0,1,206,64.3,0.89,Optimistic,64.3,65.4,64.3,74.7
2007-01-04,2715.72,2.835,-1.03,,44.39,0.0,10.26,1.99,11.49,92.0,,90.39,32.61,0.0,,,1.98,0.495,2,202,67.4,0.89,Optimistic,67.4,68.6,67.4,76.3
2007-01-05,2641.33,2.977,-1.0,,57.88,0.0,12.31,1.726,6.52,89.84,,78.6,28.09,-2.74,,,2.97,0.0,1,202,66.5,0.89,Optimistic,66.5,67.5,66.5,77.9
2007-01-08,2707.2,2.622,-1.07,,65.65,0.0,25.51,1.713,6.73,89.46,,80.97,30.32,-0.31,,,6.404,0.0,1,203,68.9,0.89,Optimistic,68.9,69.6,68.9,81.9
2007-01-09,2807.8,2.266,-1.14,,78.92,0.0,30.1,1.75,9.36,90.52,,83.9,34.05,0.0,,,1.97,0.0,2,203,70.9,0.89,Optimistic,70.9,72.1,70.9,86.4
2007-01-10,2825.58,2.051,-1.18,,80.74,0.0,34.01,1.739,5.61,90.22,,84.35,33.79,0.0,,,6.341,0.0,2,204,72.7,0.89,Optimistic,72.7,73.5,72.7,87.3
2007-01-11,2770.11,1.909,-1.21,,81.23,0.0,15.31,1.859,2.0,66.82,,76.99,30.14,-1.96,,,3.922,0.0,2,204,68.1,0.89,Optimistic,68.1,68.8,68.1,87.0
2007-01-12,2668.11,1.695,-1.25,,67.53,0.0,7.61,1.61,1.01,56.2,,65.64,24.47,-5.57,,,2.941,3.431,1,204,67.3,0.89,Optimistic,67.3,69.1,67.3,80.0
2007-01-15,2794.7,2.26,-1.13,,68.02,0.0,26.8,1.354,3.23,67.44,,71.3,29.36,-1.09,,,12.0,0.0,2,200,66.9,0.89,Optimistic,66.9,67.0,66.9,79.5
2007-01-16,2821.02,1.836,-1.21,,68.33,0.0,36.36,1.618,0.47,52.16,,72.32,29.55,-0.16,,,7.353,0.0,3,204,66.0,0.89,Optimistic,66.0,66.1,66.0,82.8
2007-01-17,2778.9,1.695,-1.24,,57.51,0.0,16.58,1.823,-1.65,36.12,,68.14,26.66,-1.65,,,3.415,3.902,3,205,62.2,0.89,Optimistic,62.2,63.3,62.2,79.6
2007-01-18,2756.98,1.766,-1.22,,62.38,0.0,29.35,1.575,-0.47,44.72,,66.01,24.71,-2.43,,,6.763,0.483,2,207,64.6,0.89,Optimistic,64.6,65.0,64.6,79.1
2007-01-19,2832.21,1.342,-1.31,,77.27,0.0,43.88,1.685,6.15,88.63,,69.53,27.13,0.0,,,8.911,0.0,3,202,79.2,0.89,Optimistic,79.2,80.1,79.2,86.1
2007-01-22,2933.19,1.271,-1.32,,77.08,0.0,60.0,1.878,4.96,91.63,,73.51,30.56,0.0,,,16.019,0.0,4,206,80.6,0.89,Greed,80.6,81.4,80.6,88.0
2007-01-23,2949.14,0.989,-1.37,,70.03,0.0,34.16,1.895,4.54,88.15,,74.09,30.18,0.0,,,8.252,0.971,5,206,81.7,0.89,Greed,81.7,82.9,81.7,87.5
2007-01-24,2975.13,0.776,-1.41,,73.68,0.0,22.17,1.586,7.06,85.73,,75.04,30.2,0.0,,,2.871,0.0,3,208,82.3,0.89,Greed,82.3,84.0,82.3,88.1
2007-01-25,2857.36,0.705,-1.42,,60.63,0.0,6.93,1.508,3.64,73.71,,63.64,24.1,-3.96,,,1.442,8.173,1,208,79.2,0.89,Optimistic,79.2,82.4,79.2,80.9
2007-01-26,2882.56,1.125,-1.33,,52.96,0.0,10.78,1.388,1.78,58.56,,64.87,24.26,-3.11,,,4.286,0.476,1,210,73.0,0.89,Optimistic,73.0,74.5,73.0,76.6
2007-01-29,2945.26,0.844,-1.38,,51.12,0.0,18.5,1.401,0.41,49.63,,67.79,25.97,-1.0,,,4.854,0.0,2,206,73.3,0.89,Optimistic,73.3,74.3,73.3,78.3
2007-01-30,2930.56,0.774,-1.39,,49.03,0.0,11.27,1.381,-0.63,42.57,,66.39,24.39,-1.5,,,3.81,0.476,1,210,71.6,0.89,Optimistic,71.6,73.1,71.6,77.1
2007-01-31,2786.34,0.844,-1.37,,40.72,0.0,2.43,1.392,-6.35,13.6,,54.55,17.5,-6.35,,,0.0,8.491,1,212,63.1,0.89,Optimistic,63.1,65.5,63.1,69.2
2007-02-01,2785.43,1.125,-1.31,,49.22,0.0,5.37,1.124,-2.52,30.91,,54.49,16.73,-6.38,,,5.213,0.474,1,211,66.7,0.89,Optimistic,66.7,67.7,66.7,69.1
2007-02-02,2673.21,1.125,-1.31,,43.81,0.0,5.8,1.019,-7.26,18.74,,46.94,11.41,-10.15,,,0.939,2.817,1,213,63.2,0.89,Optimistic,63.2,65.0,63.2,62.0
2007-02-05,2612.54,1.124,-1.31,,40.42,0.0,6.83,0.82,-11.3,21.47,,43.44,8.32,-12.19,,,3.333,0.952,1,210,64.8,0.89,Optimistic,64.8,65.9,64.8,55.8
2007-02-06,2675.7,1.265,-1.28,,48.67,0.0,9.13,1.02,-8.7,18.72,,47.8,10.35,-10.06,,,3.756,0.0,2,213,63.3,0.89,Optimistic,63.3,63.7,63.3,63.1
2007-02-07,2716.18,0.914,-1.34,,61.12,0.0,16.5,1.108,-2.52,30.96,,50.44,11.38,-8.7,,,1.887,0.0,1,212,68.6,0.89,Optimistic,68.6,69.9,68.6,70.8
2007-02-08,2737.73,0.912,-1.34,,65.3,0.0,17.56,1.027,-1.71,35.28,,51.84,11.6,-7.98,,,2.844,0.0,2,211,69.9,0.89,Optimistic,69.9,70.9,69.9,71.5
2007-02-09,2730.39,0.842,-1.35,,69.8,0.0,15.12,0.932,2.14,53.18,,51.31,10.66,-8.23,,,1.896,0.474,1,211,74.4,0.89,Optimistic,74.4,76.3,74.4,71.1
2007-02-12,2807.17,0.772,-1.36,,74.27,0.0,21.67,0.904,7.45,65.68,,56.34,13.1,-5.65,,,3.365,0.0,2,208,78.4,0.89,Optimistic,78.4,79.9,78.4,74.6
2007-02-13,2831.87,0.632,-1.38,,73.78,0.0,30.1,0.898,5.84,65.51,,57.85,13.42,-4.82,,,5.189,0.0,2,212,79.5,0.89,Optimistic,79.5,80.9,79.5,75.4
2007-02-14,2905.09,0.561,-1.39,,77.1,0.0,42.31,1.066,6.96,70.45,,62.04,15.63,-2.35,,,5.14,0.0,2,214,81.0,0.89,Greed,81.0,82.5,81.0,80.6
2007-02-15,2993.01,0.56,-1.39,,80.72,0.0,54.76,1.224,9.32,75.07,,66.36,18.36,0.0,,,6.512,0.0,3,215,82.1,0.89,Greed,82.1,83.4,82.1,84.9
2007-02-16,2998.47,0.35,-1.43,,83.11,0.0,45.93,1.314,9.82,77.71,,66.62,17.83,0.0,,,4.206,0.0,4,214,83.1,0.89,Greed,83.1,84.6,83.1,86.3
2007-02-26,3040.6,0.28,-1.44,,81.9,0.0,67.15,1.234,8.32,75.36,,68.59,18.71,0.0,,,13.679,0.0,5,212,83.1,0.89,Greed,83.1,84.0,83.1,86.1
2007-02-27,2771.79,0.21,-1.45,,67.46,0.0,2.4,1.761,-2.12,32.23,,48.78,7.72,-8.84,,,0.0,70.423,1,213,70.5,0.89,Optimistic,70.5,73.9,70.5,76.1
2007-02-28,2881.07,0.49,-1.39,,67.65,0.0,10.95,1.302,-0.83,40.94,,54.53,11.37,-5.25,,,16.355,0.0,1,214,74.8,0.89,Optimistic,74.8,75.6,74.8,77.0
2007-03-01,2797.19,0.14,-1.45,,54.43,0.0,15.31,1.35,-6.54,14.18,,49.9,7.6,-8.01,,,3.302,2.358,2,212,67.6,0.89,Optimistic,67.6,69.0,67.6,70.5
2007-03-02,2831.53,0.279,-1.42,,57.68,0.0,11.9,0.984,-5.57,19.22,,51.71,8.37,-6.88,,,4.673,0.0,3,213,69.5,0.89,Optimistic,69.5,70.1,69.5,69.1
2007-03-05,2785.31,0.139,-1.44,,48.96,0.0,7.66,1.112,-8.4,17.46,,49.14,6.11,-8.4,,,2.347,0.939,4,213,68.8,0.89,Optimistic,68.8,69.9,68.8,66.1
2007-03-06,2840.18,0.209,-1.43,,59.28,0.0,3.83,0.795,2.47,52.17,,52.18,7.69,-6.59,,,1.402,0.935,1,213,76.6,0.89,Optimistic,76.6,78.8,76.6,67.0
2007-03-07,2896.59,0.209,-1.42,,59.66,0.0,9.57,0.906,0.54,45.46,,55.14,9.29,-4.74,,,3.738,0.0,2,214,75.5,0.89,Optimistic,75.5,76.8,75.5,70.4
2007-03-08,2928.01,0.139,-1.43,,71.45,0.0,19.32,0.915,4.68,64.52,,56.75,9.94,-3.7,,,2.358,0.0,3,212,80.0,0.89,Greed,80.0,81.7,80.0,74.4
2007-03-09,2937.91,0.139,-1.43,,64.42,0.0,22.38,1.102,3.76,64.79,,57.27,9.79,-3.38,,,1.395,0.0,4,215,80.1,0.89,Greed,80.1,81.8,80.1,75.2
2007-03-12,2954.91,0.139,-1.42,,70.12,0.0,34.3,1.041,6.09,69.69,,58.2,9.88,-2.82,,,8.019,0.0,5,212,82.1,0.89,Greed,82.1,83.1,82.1,76.2
2007-03-13,2964.79,0.139,-1.42,,73.22,0.0,33.17,1.099,4.39,68.12,,58.77,9.69,-2.49,,,6.573,0.0,6,213,81.7,0.89,Greed,81.7,82.7,81.7,77.8
2007-03-14,2906.33,0.07,-1.43,,63.0,0.0,29.27,1.165,0.34,46.94,,54.13,7.0,-4.42,,,3.333,0.0,7,210,76.6,0.89,Optimistic,76.6,77.5,76.6,73.4
2007-03-15,2951.7,0.07,-1.43,,62.59,0.0,31.71,1.036,0.81,48.16,,56.97,8.15,-2.92,,,3.333,0.0,3,210,76.4,0.89,Optimistic,76.4,77.7,76.4,73.4
2007-03-16,2930.48,0.07,-1.42,,58.42,0.0,13.17,1.241,-0.25,44.12,,55.25,6.91,-3.62,,,0.476,1.905,1,210,74.3,0.89,Optimistic,74.3,76.8,74.3,72.9
2007-03-19,3014.44,0.139,-1.4,,55.35,0.0,18.91,1.103,2.01,55.42,,60.35,9.45,-0.86,,,4.369,0.0,2,206,78.0,0.89,Optimistic,78.0,79.4,78.0,73.5
2007-03-20,3032.2,0.139,-1.4,,57.78,0.0,30.35,0.922,2.27,53.63,,61.35,9.57,-0.28,,,2.427,0.0,2,206,77.3,0.89,Optimistic,77.3,78.9,77.3,72.4
2007-03-21,3057.38,0.07,-1.41,,65.53,0.0,39.42,0.98,5.2,67.92,,62.79,9.96,0.0,,,1.887,0.0,3,212,80.8,0.89,Greed,80.8,82.6,80.8,76.0
2007-03-22,3071.22,0.07,-1.41,,58.06,0.0,23.44,1.238,4.05,69.81,,63.59,9.98,0.0,,,2.347,0.0,2,213,81.2,0.89,Greed,81.2,83.1,81.2,76.6
2007-03-23,3074.29,0.07,-1.4,,65.83,0.0,35.12,1.157,4.91,72.58,,63.78,9.62,0.0,,,2.392,0.478,3,209,81.9,0.89,Greed,81.9,83.9,81.9,78.1
2007-03-26,3122.81,0.0,-1.41,,70.84,0.0,51.71,1.189,3.59,65.96,,66.69,10.86,0.0,,,6.22,0.478,1,209,80.1,0.89,Greed,80.1,81.9,80.1,80.8
2007-03-27,3138.83,0.0,-1.41,,67.76,0.0,45.63,1.199,3.52,65.73,,67.61,10.9,0.0,,,2.381,0.0,1,210,79.8,0.89,Optimistic,79.8,81.9,79.8,80.3
2007-03-28,3173.02,0.0,-1.4,,57.07,0.0,18.05,1.599,3.78,76.93,,69.55,11.57,0.0,,,3.349,0.957,1,209,82.3,0.89,Greed,82.3,84.7,82.3,80.6
2007-03-29,3197.54,0.0,-1.4,,50.27,0.49,3.9,1.408,4.11,74.54,,70.9,11.93,0.0,,,0.957,4.306,1,209,80.8,0.89,Greed,80.8,83.9,80.8,77.7
2007-03-30,3183.98,0.0,-1.4,,51.99,0.0,5.85,0.832,3.57,57.52,,69.08,11.0,-0.42,,,1.435,0.957,1,209,77.3,0.89,Optimistic,77.3,79.6,77.3,71.5
2007-04-02,3252.59,0.0,-1.39,,54.39,0.0,13.59,0.904,4.16,61.84,,72.87,12.92,0.0,,,3.81,0.476,1,210,78.5,0.89,Optimistic,78.5,80.4,78.5,74.8
2007-04-03,3291.3,0.069,-1.37,,55.27,0.0,17.39,1.004,4.86,67.91,,74.75,13.79,0.0,,,4.717,0.0,2,211,80.5,0.89,Greed,80.5,82.0,80.5,77.0
2007-04-04,3291.54,0.069,-1.37,,62.12,0.0,20.19,1.036,3.74,63.11,,74.77,13.39,0.0,,,3.286,0.469,2,213,79.0,0.89,Optimistic,79.0,80.8,79.0,79.6
2007-04-05,3319.14,0.069,-1.37,,74.07,0.0,30.92,1.05,3.8,63.78,,76.13,13.95,0.0,,,1.415,0.0,1,212,78.9,0.89,Optimistic,78.9,80.9,78.9,83.1
2007-04-06,3323.59,0.069,-1.36,,74.62,0.0,41.87,1.098,4.38,68.06,,76.36,13.66,0.0,,,1.923,0.481,2,208,80.0,0.89,Greed,80.0,82.1,80.0,83.8
2007-04-09,3398.95,0.069,-1.36,,69.06,0.0,40.58,1.257,4.5,73.02,,79.79,15.78,0.0,,,2.83,0.472,1,212,80.9,0.89,Greed,80.9,83.2,80.9,84.8
2007-04-10,3444.29,0.069,-1.36,,63.8,0.0,31.4,1.347,4.65,76.43,,81.53,16.9,0.0,,,3.774,0.0,2,212,82.2,0.89,Greed,82.2,83.9,82.2,84.7
2007-04-11,3495.22,0.069,-1.35,,63.2,0.0,30.29,1.337,6.19,78.41,,83.28,18.18,0.0,,,4.717,0.0,3,212,82.7,0.89,Greed,82.7,84.3,82.7,84.9
2007-04-12,3531.03,0.069,-1.35,,66.27,0.0,50.98,1.22,6.38,74.97,,84.39,18.88,0.0,,,6.731,0.481,3,208,81.8,0.89,Greed,81.8,83.3,81.8,85.0
2007-04-13,3518.27,0.069,-1.35,,59.44,0.0,20.98,1.356,5.86,78.94,,82.28,17.89,-0.36,,,2.885,0.481,3,208,82.5,0.89,Greed,82.5,84.5,82.5,83.7
2007-04-16,3596.44,0.069,-1.34,,65.47,0.0,43.14,1.171,5.81,73.53,,84.79,19.97,0.0,,,6.28,0.0,2,207,81.4,0.89,Greed,81.4,82.8,81.4,84.7
2007-04-17,3611.87,0.069,-1.34,,70.67,0.0,57.07,1.427,4.87,80.14,,85.23,19.96,0.0,,,6.22,0.0,2,209,83.0,0.89,Greed,83.0,84.6,83.0,88.0
2007-04-18,3612.4,0.069,-1.34,,75.03,0.0,59.49,1.327,3.35,67.63,,85.25,19.43,0.0,,,7.0,0.5,2,199,79.8,0.89,Optimistic,79.8,81.3,79.8,88.2
2007-04-19,3449.02,0.069,-1.33,,60.1,0.0,10.73,1.518,-2.32,31.11,,62.79,13.59,-4.52,,,1.905,9.524,3,210,70.8,0.89,Optimistic,70.8,72.9,70.8,79.3
2007-04-20,3584.2,0.069,-1.33,,72.32,0.0,32.84,1.21,1.87,56.37,,69.86,17.56,-0.78,,,10.048,0.478,3,209,78.1,0.89,Optimistic,78.1,79.1,78.1,83.6
2007-04-23,3710.89,0.069,-1.33,,71.83,0.0,64.36,1.421,3.18,68.57,,74.71,21.2,0.0,,,8.213,0.483,4,207,80.8,0.89,Greed,80.8,82.0,80.8,86.9
2007-04-24,3720.53,0.069,-1.32,,66.72,0.0,39.13,1.51,3.01,69.25,,75.04,21.01,0.0,,,6.604,0.472,3,212,80.7,0.89,Greed,80.7,82.1,80.7,86.3
2007-04-25,3743.96,0.069,-1.32,,58.22,0.0,23.76,1.308,3.64,69.03,,75.87,21.26,0.0,,,3.398,0.0,3,206,80.4,0.89,Greed,80.4,82.0,80.4,82.6
2007-04-26,3783.06,0.069,-1.32,,69.09,0.0,31.47,1.007,9.69,68.7,,77.22,21.92,0.0,,,3.98,0.498,5,201,80.3,0.89,Greed,80.3,81.8,80.3,83.2
2007-04-27,3759.87,0.069,-1.31,,56.7,0.0,27.36,1.135,4.9,71.91,,74.55,20.6,-0.61,,,4.878,0.488,5,205,81.4,0.89,Greed,81.4,82.9,81.4,80.4
2007-04-30,3841.27,0.069,-1.31,,49.97,0.0,33.67,1.254,3.51,66.97,,77.49,22.63,0.0,,,9.95,0.498,6,200,80.4,0.89,Greed,80.4,81.3,80.4,79.9
2007-05-08,3950.01,0.069,-1.31,,59.37,0.0,56.93,1.367,6.17,79.29,,80.69,25.42,0.0,,,14.493,0.483,7,207,83.3,0.89,Greed,83.3,84.3,83.3,84.6
2007-05-09,4013.09,0.069,-1.3,,60.53,0.0,33.17,1.762,7.19,90.9,,82.27,26.6,0.0,,,7.282,0.0,8,206,86.2,0.89,Greed,86.2,87.3,86.2,87.2
2007-05-10,4049.7,0.069,-1.3,,59.7,0.0,34.36,1.428,7.05,81.08,,83.13,26.91,0.0,,,4.5,0.0,4,200,83.2,0.89,Greed,83.2,84.7,83.2,85.4
2007-05-11,4021.68,0.069,-1.3,,60.15,0.0,20.42,1.161,6.96,73.24,,79.93,25.15,-0.69,,,3.571,0.51,5,196,81.1,0.89,Greed,81.1,82.7,81.1,83.1
2007-05-14,4046.39,0.069,-1.29,,58.05,0.0,20.81,1.142,5.34,72.66,,80.64,24.99,-0.08,,,5.941,0.495,6,202,81.3,0.89,Greed,81.3,82.6,81.3,82.4
2007-05-15,3899.18,0.069,-1.29,,44.06,0.0,11.68,1.272,-1.29,37.99,,65.76,19.69,-3.72,,,3.465,3.465,7,202,73.2,0.89,Optimistic,73.2,74.6,73.2,74.4
2007-05-16,3986.04,0.069,-1.29,,53.7,0.0,18.56,1.059,-0.67,40.7,,69.35,21.57,-1.57,,,6.03,0.503,2,199,73.9,0.89,Optimistic,73.9,75.0,73.9,77.4
2007-05-17,4048.29,0.069,-1.28,,59.05,0.0,28.5,1.114,-0.03,44.45,,71.65,22.65,-0.03,,,6.341,0.0,2,205,74.9,0.89,Optimistic,74.9,75.8,74.9,80.7
2007-05-18,4030.26,0.069,-1.28,,61.83,0.0,30.27,1.039,0.21,45.15,,70.01,21.31,-0.48,,,2.105,0.0,2,190,74.6,0.89,Optimistic,74.6,76.1,74.6,80.2
2007-05-21,4072.22,0.069,-1.28,,67.73,0.0,36.82,1.233,0.64,49.37,,71.64,21.8,0.0,,,9.756,0.488,4,205,76.3,0.89,Optimistic,76.3,77.1,76.3,83.9
2007-05-22,4110.38,0.069,-1.28,,77.2,0.0,34.18,1.357,5.42,78.97,,73.06,22.16,0.0,,,6.468,0.995,5,201,83.3,0.89,Greed,83.3,84.9,83.3,87.4
2007-05-23,4173.71,0.069,-1.27,,76.86,0.0,52.26,1.246,4.71,73.98,,75.29,23.27,0.0,,,5.392,0.0,6,204,82.2,0.89,Greed,82.2,83.4,82.2,87.0
2007-05-24,4151.13,0.069,-1.27,,65.41,0.0,23.08,1.385,2.54,63.56,,72.98,21.9,-0.54,,,4.0,0.0,7,200,79.7,0.89,Optimistic,79.7,80.8,79.7,84.6
2007-05-25,4179.78,0.069,-1.27,,67.8,0.0,30.53,1.17,3.71,66.15,,74.06,22.04,0.0,,,3.59,1.026,7,195,79.9,0.89,Optimistic,79.9,81.4,79.9,83.9
2007-05-28,4272.11,0.069,-1.26,,67.76,0.0,40.91,1.349,4.91,78.15,,77.25,23.99,0.0,,,5.911,0.0,8,203,83.2,0.89,Greed,83.2,84.3,83.2,86.0
2007-05-29,4334.92,0.069,-1.26,,68.34,0.0,50.25,1.289,5.46,76.98,,79.12,24.87,0.0,,,7.353,0.0,9,204,83.0,0.89,Greed,83.0,83.8,83.0,86.2
2007-05-30,4053.09,0.069,-1.26,,52.04,0.0,5.42,1.388,-2.89,27.64,,56.58,16.1,-6.5,,,1.923,68.75,10,208,70.4,0.89,Optimistic,70.4,72.3,70.4,74.4
2007-05-31,4109.65,0.069,-1.26,,51.31,0.49,7.77,1.284,-1.0,39.8,,59.1,16.99,-5.2,,,3.791,27.962,7,211,73.4,0.89,Optimistic,73.4,75.3,73.4,74.5
2007-06-01,4000.74,0.069,-1.25,,39.88,0.48,1.44,1.187,-4.28,20.55,,52.75,13.26,-7.71,,,0.472,51.887,8,212,68.6,0.89,Optimistic,68.6,70.6,68.6,66.7
2007-06-04,3670.4,0.069,-1.25,,24.49,1.93,0.48,0.84,-14.08,21.2,,39.05,3.47,-15.33,,,0.476,69.524,9,210,69.6,0.89,Optimistic,69.6,71.7,69.6,49.5
2007-06-05,3767.1,0.069,-1.25,,20.11,1.43,0.48,1.149,-13.1,16.96,,43.67,5.74,-13.1,,,7.981,4.225,1,213,68.9,0.89,Optimistic,68.9,70.3,68.9,54.5
2007-06-06,3776.32,0.069,-1.24,,32.06,0.47,2.36,1.056,-6.83,18.23,,44.1,5.56,-12.89,,,7.442,0.93,2,215,69.8,0.89,Optimistic,69.8,70.6,69.8,57.3
2007-06-07,3890.8,0.069,-1.24,,44.88,0.0,3.3,1.023,-5.33,18.68,,49.32,8.28,-10.25,,,14.884,0.465,3,215,70.1,0.89,Optimistic,70.1,70.5,70.1,64.0
2007-06-08,3913.14,0.069,-1.24,,56.67,0.0,4.31,0.97,-2.19,32.96,,50.3,8.41,-9.73,,,4.245,0.943,3,212,72.9,0.89,Optimistic,72.9,74.2,72.9,67.7
2007-06-11,3995.68,0.069,-1.24,,70.36,0.0,6.57,0.953,8.86,67.11,,53.84,10.17,-7.83,,,10.185,0.926,4,216,81.7,0.89,Greed,81.7,83.0,81.7,73.2
2007-06-12,4072.14,0.069,-1.23,,73.3,0.0,10.9,1.06,8.1,70.26,,56.9,11.71,-6.06,,,10.28,1.402,5,214,82.2,0.89,Greed,82.2,83.5,82.2,76.9
2007-06-13,4176.48,0.0,-1.24,,77.03,0.0,7.04,1.178,10.6,73.73,,60.73,13.91,-3.66,,,15.278,0.0,6,216,83.3,0.89,Greed,83.3,84.1,83.3,80.8
2007-06-14,4115.21,0.0,-1.24,,62.94,0.0,5.69,0.97,5.77,67.63,,57.5,11.65,-5.07,,,2.347,1.878,7,213,80.8,0.89,Greed,80.8,82.7,80.8,73.5
2007-06-15,4132.87,0.0,-1.24,,57.73,0.0,5.31,0.759,5.62,61.41,,58.19,11.52,-4.66,,,2.857,1.429,8,210,79.4,0.89,Optimistic,79.4,81.0,79.4,69.1
2007-06-18,4253.35,0.0,-1.24,,61.42,0.0,8.06,0.902,6.45,65.62,,62.64,14.13,-1.88,,,8.411,0.467,9,214,80.9,0.89,Greed,80.9,81.7,80.9,74.8
2007-06-19,4269.52,0.0,-1.23,,60.8,0.0,8.49,0.869,4.85,63.99,,63.21,13.94,-1.51,,,5.581,0.0,10,215,80.5,0.89,Greed,80.5,81.2,80.5,74.2
2007-06-20,4181.32,0.0,-1.23,,47.61,0.0,4.76,0.94,0.12,43.83,,58.04,11.03,-3.54,,,1.878,3.286,11,213,74.6,0.89,Optimistic,74.6,76.2,74.6,68.3
2007-06-21,4230.82,0.0,-1.23,,50.56,0.0,3.35,0.782,2.81,53.31,,60.02,11.77,-2.4,,,4.245,1.415,3,212,76.9,0.89,Optimistic,76.9,78.5,76.9,68.0
2007-06-22,4091.45,0.0,-1.23,,44.45,0.0,2.4,0.83,-1.0,38.19,,52.51,7.61,-5.62,,,0.948,22.749,1,211,72.2,0.89,Optimistic,72.2,75.1,72.2,62.6
2007-06-25,3941.08,0.0,-1.22,,28.38,0.95,0.95,0.704,-7.34,23.06,,45.85,3.28,-9.09,,,0.0,42.523,1,214,68.8,0.89,Optimistic,68.8,72.0,68.8,51.2
2007-06-26,3973.37,0.0,-1.22,,28.43,0.0,0.96,0.652,-6.94,23.78,,47.4,3.75,-8.34,,,4.265,0.0,1,211,70.9,0.89,Optimistic,70.9,72.1,70.9,51.2
2007-06-27,4078.6,0.0,-1.22,,41.55,0.0,4.33,0.663,-2.46,32.53,,52.18,6.08,-5.91,,,3.791,0.474,2,211,72.6,0.89,Optimistic,72.6,73.9,72.6,58.5
2007-06-28,3914.2,0.0,-1.22,,35.44,0.49,2.43,0.688,-7.48,23.29,,45.26,1.49,-9.71,,,0.478,38.756,1,209,69.6,0.89,Optimistic,69.6,72.4,69.6,52.2
2007-06-29,3820.7,0.0,-1.21,,35.1,0.98,1.47,0.609,-6.62,24.37,,41.86,-1.21,-11.86,,,0.485,16.505,1,206,70.5,0.89,Optimistic,70.5,73.3,70.5,48.7
2007-07-02,3836.29,0.069,-1.2,,46.63,0.49,0.97,0.526,-2.66,32.32,,42.63,-1.05,-11.5,,,6.22,0.957,1,209,73.9,0.89,Optimistic,73.9,75.4,73.9,51.9
2007-07-03,3899.72,0.0,-1.21,,48.44,0.47,0.94,0.495,-1.85,34.67,,45.79,0.32,-10.04,,,1.86,0.465,2,215,74.0,0.89,Optimistic,74.0,75.7,74.0,53.8
2007-07-04,3816.16,0.0,-1.21,,35.51,0.47,1.42,0.403,-6.43,27.21,,42.47,-2.05,-11.97,,,0.469,1.878,1,213,71.9,0.89,Optimistic,71.9,74.2,71.9,47.1
2007-07-05,3615.87,0.0,-1.2,,35.58,2.86,0.48,0.455,-7.62,26.49,,35.77,-7.31,-16.59,,,0.0,24.057,1,212,71.9,0.89,Optimistic,71.9,75.2,71.9,42.2
2007-07-06,3781.35,0.069,-1.19,,53.08,0.0,0.47,0.583,-1.03,37.25,,43.68,-3.26,-12.77,,,16.432,0.0,1,213,76.2,0.89,Optimistic,76.2,77.1,76.2,54.0
2007-07-09,3883.22,0.0,-1.2,,59.11,0.0,1.91,0.606,1.22,44.65,,47.92,-0.85,-10.42,,,5.714,0.0,2,210,77.4,0.89,Optimistic,77.4,78.6,77.4,58.8
2007-07-10,3853.02,0.0,-1.2,,47.82,0.48,0.96,0.559,-1.2,36.65,,46.8,-1.8,-11.12,,,0.948,2.844,3,211,74.5,0.89,Optimistic,74.5,76.6,74.5,53.5
2007-07-11,3865.72,0.0,-1.19,,58.45,0.0,1.44,0.378,1.3,41.84,,47.36,-1.63,-10.82,,,2.381,0.0,1,210,76.2,0.89,Optimistic,76.2,77.9,76.2,56.6
2007-07-12,3915.99,0.0,-1.19,,68.7,0.0,0.96,0.411,8.3,51.21,,49.62,-0.51,-9.66,,,1.422,0.474,2,211,78.2,0.89,Optimistic,78.2,80.2,78.2,60.6
2007-07-13,3914.39,0.0,-1.19,,55.83,0.0,0.96,0.347,3.52,46.15,,49.55,-0.72,-9.7,,,0.476,0.476,1,210,76.5,0.89,Optimistic,76.5,78.8,76.5,56.8
2007-07-16,3821.92,0.0,-1.19,,39.66,0.97,0.48,0.363,-1.58,35.3,,45.39,-3.16,-11.83,,,0.478,5.742,1,209,73.7,0.89,Optimistic,73.7,76.5,73.7,48.7
2007-07-17,3896.19,0.0,-1.18,,53.77,0.48,0.96,0.376,1.12,41.4,,49.09,-1.39,-10.12,,,2.381,0.476,1,210,75.7,0.89,Optimistic,75.7,77.6,75.7,55.6
2007-07-18,3930.06,0.0,-1.18,,47.71,0.48,0.0,0.492,1.66,44.38,,50.72,-0.67,-9.34,,,0.957,0.957,1,209,76.0,0.89,Optimistic,76.0,78.2,76.0,54.4
2007-07-19,3912.94,0.0,-1.18,,47.45,0.48,0.96,0.386,-0.08,38.77,,49.85,-1.29,-9.73,,,0.957,0.0,2,209,75.2,0.89,Optimistic,75.2,76.9,75.2,53.8
2007-07-20,4058.85,0.0,-1.18,,60.59,0.0,4.76,0.669,3.69,54.16,,56.69,2.18,-6.37,,,3.318,0.0,1,211,78.4,0.89,Optimistic,78.4,80.2,78.4,64.4
2007-07-23,4213.36,0.0,-1.18,,77.24,0.0,6.19,0.987,10.24,68.11,,62.52,5.85,-2.8,,,11.848,0.0,2,211,82.0,0.89,Greed,82.0,83.2,82.0,76.8
2007-07-24,4210.33,0.0,-1.17,,68.0,0.0,4.31,0.905,8.06,65.72,,62.34,5.56,-2.87,,,2.381,0.0,2,210,80.7,0.89,Greed,80.7,82.6,80.7,73.4
2007-07-25,4323.97,0.0,-1.17,,78.34,0.0,6.73,0.773,10.02,61.83,,66.21,8.14,-0.25,,,4.785,0.0,3,209,79.7,0.89,Optimistic,79.7,81.1,79.7,76.3
2007-07-26,4346.46,0.0,-1.17,,83.36,0.0,5.21,0.823,11.08,63.29,,66.93,8.45,0.0,,,2.83,0.0,4,212,79.9,0.89,Optimistic,79.9,81.4,79.9,78.4
2007-07-27,4345.36,0.0,-1.17,,78.69,0.0,4.78,0.833,7.06,63.61,,66.86,8.16,-0.03,,,2.381,0.0,1,210,79.5,0.89,Optimistic,79.5,81.5,79.5,77.4
2007-07-30,4440.77,0.0,-1.16,,76.21,0.0,7.69,0.94,5.4,66.74,,70.01,10.26,0.0,,,2.871,0.0,2,209,80.2,0.89,Greed,80.2,81.9,80.2,79.9
2007-07-31,4471.03,0.0,-1.16,,79.98,0.0,7.18,0.911,6.19,65.88,,70.96,10.77,0.0,,,5.742,0.0,3,209,80.3,0.89,Greed,80.3,81.6,80.3,80.7
2007-08-01,4300.56,0.0,-1.16,,63.52,0.0,2.87,1.067,-0.54,41.44,,59.57,6.42,-3.81,,,1.914,11.962,2,209,73.7,0.89,Optimistic,73.7,76.2,73.7,73.8
2007-08-02,4407.73,0.0,-1.16,,65.67,0.0,6.22,0.84,1.41,48.51,,63.53,8.92,-1.42,,,9.091,0.0,3,209,76.9,0.89,Optimistic,76.9,77.6,76.9,73.6
2007-08-03,4560.77,0.0,-1.16,,62.6,0.0,9.18,0.995,4.96,68.13,,68.31,12.45,0.0,,,3.846,0.0,2,207,80.6,0.89,Greed,80.6,82.3,80.6,77.6
2007-08-06,4628.11,0.0,-1.15,,59.92,0.0,10.1,0.969,4.22,63.82,,70.16,13.84,0.0,,,4.306,0.0,1,209,79.2,0.89,Optimistic,79.2,80.9,79.2,77.2
2007-08-07,4651.23,0.0,-1.15,,54.47,0.0,3.85,1.012,4.03,63.99,,70.79,14.05,0.0,,,3.349,0.478,1,209,79.0,0.89,Optimistic,79.0,81.0,79.0,76.1
2007-08-08,4663.16,0.0,-1.15,,57.82,0.0,2.88,1.041,8.43,69.72,,71.13,14.03,0.0,,,1.914,1.435,2,209,80.2,0.89,Greed,80.2,82.5,80.2,77.7
2007-08-09,4754.1,0.0,-1.15,,51.75,0.0,2.9,0.857,7.86,64.3,,73.64,15.92,0.0,,,2.885,0.0,3,208,79.4,0.89,Optimistic,79.4,81.0,79.4,74.2
2007-08-10,4749.37,0.0,-1.14,,43.66,0.0,1.95,0.899,4.14,61.64,,73.29,15.47,-0.1,,,2.913,1.942,4,206,78.3,0.89,Optimistic,78.3,80.3,78.3,71.7
2007-08-13,4820.06,0.0,-1.14,,36.82,0.0,1.44,1.012,4.15,64.6,,75.22,16.83,0.0,,,1.429,1.429,2,210,78.6,0.89,Optimistic,78.6,80.9,78.6,71.5
2007-08-14,4872.78,0.0,-1.14,,48.33,0.0,1.9,0.79,4.76,61.38,,76.59,17.75,0.0,,,6.635,0.0,3,211,78.8,0.89,Optimistic,78.8,79.9,78.8,73.0
2007-08-15,4869.88,0.0,-1.14,,49.85,0.0,3.79,0.818,4.43,60.79,,76.34,17.35,-0.06,,,1.887,0.472,2,212,77.9,0.89,Optimistic,77.9,79.8,77.9,73.8
2007-08-16,4765.45,0.0,-1.14,,49.06,0.0,3.35,0.827,0.24,43.4,,67.8,14.55,-2.2,,,3.318,0.0,3,210,74.7,0.89,Optimistic,74.7,75.9,74.7,70.8
2007-08-17,4656.57,0.0,-1.13,,52.72,0.0,1.9,0.844,-1.95,34.17,,60.24,11.72,-4.44,,,0.943,0.943,1,212,71.8,0.89,Optimistic,71.8,73.7,71.8,69.3
2007-08-20,4904.85,0.0,-1.13,,64.07,0.0,6.64,0.927,1.76,51.34,,68.79,17.38,0.0,,,4.225,0.0,1,213,76.1,0.89,Optimistic,76.1,77.6,76.1,78.4
2007-08-21,4955.21,0.0,-1.13,,57.57,0.0,7.14,0.987,1.69,51.92,,70.19,18.29,0.0,,,3.756,0.469,2,212,76.2,0.89,Optimistic,76.2,77.8,76.2,77.8
2007-08-22,4980.07,0.0,-1.13,,63.86,0.0,6.73,1.035,2.26,55.56,,70.88,18.45,0.0,,,4.265,0.474,3,211,77.3,0.89,Optimistic,77.3,78.8,77.3,80.5
2007-08-23,5032.49,0.0,-1.13,,64.5,0.0,8.61,0.962,5.6,67.4,,72.34,19.26,0.0,,,4.225,0.0,2,212,80.3,0.89,Greed,80.3,81.9,80.3,80.2
2007-08-24,5107.67,0.0,-1.12,,68.04,0.0,8.61,1.069,9.69,70.53,,74.34,20.51,0.0,,,3.286,0.0,2,213,80.8,0.89,Greed,80.8,82.5,80.8,83.0
2007-08-27,5150.12,0.0,-1.12,,56.04,0.0,11.37,1.149,5.0,72.88,,75.41,20.81,0.0,,,6.512,0.0,3,215,81.7,0.89,Greed,81.7,83.1,81.7,80.5
2007-08-28,5194.69,0.0,-1.12,,53.78,0.0,8.17,1.043,4.83,68.9,,76.53,21.18,0.0,,,5.189,0.0,2,212,80.4,0.89,Greed,80.4,81.9,80.4,78.9
2007-08-29,5109.43,0.0,-1.12,,46.95,0.0,4.76,1.006,2.6,56.72,,70.0,18.58,-1.64,,,4.673,0.935,3,214,77.7,0.89,Optimistic,77.7,79.3,77.7,74.1
2007-08-30,5167.88,0.0,-1.12,,52.54,0.0,8.06,1.017,2.69,57.4,,71.77,19.34,-0.52,,,5.581,0.0,3,215,78.2,0.89,Optimistic,78.2,79.3,78.2,76.9
2007-08-31,5218.82,0.0,-1.11,,54.02,0.0,9.48,1.048,2.18,55.35,,73.26,19.92,0.0,,,3.256,0.0,4,215,77.4,0.89,Optimistic,77.4,78.6,77.4,78.3
2007-09-03,5321.06,0.0,-1.11,,63.03,0.0,14.15,1.28,3.32,66.37,,76.0,21.65,0.0,,,6.22,0.0,5,209,80.3,0.89,Greed,80.3,81.3,80.3,83.9
2007-09-04,5294.05,0.0,-1.11,,60.3,0.0,5.85,1.227,1.91,56.86,,73.85,20.47,-0.51,,,0.0,0.478,1,209,76.4,0.89,Optimistic,76.4,79.0,76.4,82.1
2007-09-05,5310.72,0.0,-1.11,,64.08,0.0,9.09,0.985,3.94,62.89,,74.33,20.33,-0.19,,,2.347,0.469,1,213,78.4,0.89,Optimistic,78.4,80.5,78.4,80.9
2007-09-06,5393.66,0.0,-1.11,,57.3,0.0,13.86,1.109,4.37,68.28,,76.64,21.62,0.0,,,4.369,0.0,2,206,80.2,0.89,Greed,80.2,81.7,80.2,81.0
2007-09-07,5277.18,0.0,-1.1,,48.68,0.0,9.31,1.249,1.12,52.43,,67.46,18.49,-2.16,,,1.923,3.365,1,208,75.7,0.89,Optimistic,75.7,78.2,75.7,76.3
2007-09-10,5355.29,0.0,-1.1,,46.24,0.0,12.5,1.065,0.64,47.62,,70.05,19.75,-0.71,,,5.392,0.0,2,204,75.7,0.89,Optimistic,75.7,76.8,75.7,75.1
2007-09-11,5113.97,0.0,-1.1,,41.46,0.0,2.45,1.15,-3.4,25.88,,55.39,13.99,-5.19,,,1.442,16.346,2,208,69.4,0.89,Optimistic,69.4,71.7,69.4,68.3
2007-09-12,5172.63,0.0,-1.1,,45.16,0.0,3.94,1.017,-2.6,30.82,,57.7,14.88,-4.1,,,4.831,0.483,1,207,71.5,0.89,Optimistic,71.5,72.8,71.5,69.2
2007-09-13,5273.59,0.0,-1.1,,49.01,0.0,8.78,0.913,-2.23,32.89,,61.42,16.67,-2.23,,,5.238,0.0,2,209,72.2,0.89,Optimistic,72.2,73.1,72.2,71.0
2007-09-14,5312.18,0.0,-1.1,,58.72,0.0,9.36,1.003,0.66,47.07,,62.77,17.0,-1.51,,,3.846,0.0,2,208,75.5,0.89,Optimistic,75.5,76.7,75.5,76.0
2007-09-17,5421.39,0.0,-1.09,,61.66,0.0,13.17,1.124,1.23,51.49,,66.35,18.76,0.0,,,3.81,0.0,3,210,76.5,0.89,Optimistic,76.5,77.7,76.5,79.9
2007-09-18,5425.21,0.0,-1.09,,68.72,0.0,12.75,1.092,6.09,71.21,,66.47,18.21,0.0,,,3.382,0.483,1,207,80.7,0.89,Greed,80.7,82.9,80.7,81.3
2007-09-19,5395.27,0.0,-1.09,,60.58,0.0,7.77,0.953,4.3,63.81,,64.5,17.0,-0.55,,,0.948,0.474,2,211,78.9,0.89,Optimistic,78.9,81.0,78.9,76.5
2007-09-20,5470.06,0.0,-1.09,,58.2,0.0,8.21,0.92,3.73,60.28,,67.12,17.96,0.0,,,3.302,0.0,3,212,78.6,0.89,Optimistic,78.6,80.0,78.6,76.3
2007-09-21,5454.67,0.0,-1.09,,49.66,0.0,6.31,0.989,2.68,56.81,,66.04,16.94,-0.28,,,2.844,0.474,4,211,77.6,0.89,Optimistic,77.6,79.1,77.6,73.8
2007-09-24,5485.01,0.0,-1.08,,43.24,0.0,6.37,0.87,1.17,47.89,,67.16,16.9,0.0,,,4.306,0.0,1,209,75.3,0.89,Optimistic,75.3,76.7,75.3,70.2
2007-09-25,5425.88,0.0,-1.08,,42.33,0.0,2.4,1.025,0.01,44.01,,62.81,15.02,-1.08,,,0.935,0.467,1,213,73.8,0.89,Optimistic,73.8,75.9,73.8,70.2
2007-09-26,5338.52,0.0,-1.08,,42.06,0.0,1.44,0.672,-1.05,37.47,,56.95,12.56,-2.67,,,1.402,0.467,1,214,72.5,0.89,Optimistic,72.5,74.4,72.5,62.8
2007-09-27,5409.4,0.0,-1.08,,42.05,0.0,1.48,0.622,-1.11,37.11,,60.2,13.34,-1.38,,,0.957,0.478,1,209,72.2,0.89,Optimistic,72.2,74.1,72.2,63.3
2007-09-28,5552.3,0.0,-1.08,,55.5,0.0,4.41,0.852,1.79,50.31,,65.8,15.62,0.0,,,2.857,0.0,1,210,75.7,0.89,Optimistic,75.7,77.4,75.7,73.5
2007-10-08,5692.76,0.0,-1.08,,53.93,0.0,4.41,1.014,3.79,62.84,,70.23,17.81,0.0,,,2.381,0.952,1,210,78.4,0.89,Optimistic,78.4,80.7,78.4,76.8
2007-10-09,5715.89,0.0,-1.07,,57.95,0.0,4.31,0.878,5.34,64.92,,70.9,17.53,0.0,,,3.721,0.0,2,215,79.7,0.89,Optimistic,79.7,81.2,79.7,76.4
2007-10-10,5771.46,0.0,-1.07,,58.35,0.0,3.86,0.974,8.11,67.73,,72.5,17.9,0.0,,,0.469,0.469,3,213,79.8,0.89,Optimistic,79.8,82.0,79.8,78.2
2007-10-11,5913.23,0.0,-1.07,,50.51,0.0,3.79,0.99,9.31,68.22,,76.11,19.98,0.0,,,2.765,0.461,4,217,80.0,0.89,Greed,80.0,81.8,80.0,77.0
2007-10-12,5903.26,0.0,-1.07,,36.05,0.0,4.81,1.237,6.32,75.47,,75.36,18.98,-0.17,,,3.271,3.271,5,214,81.5,0.89,Greed,81.5,83.8,81.5,73.9
2007-10-15,6030.09,0.0,-1.07,,35.53,0.0,6.19,1.012,5.93,68.86,,78.28,20.64,0.0,,,1.852,0.926,3,216,79.7,0.89,Optimistic,79.7,81.7,79.7,72.5
2007-10-16,6092.06,0.0,-1.07,,37.02,0.0,3.83,0.896,6.58,65.45,,79.56,21.0,0.0,,,2.791,0.0,4,215,79.3,0.89,Optimistic,79.3,80.7,79.3,71.8
2007-10-17,6036.28,0.0,-1.06,,39.28,0.0,2.87,0.72,4.59,58.74,,75.27,19.06,-0.92,,,3.256,0.0,5,215,78.1,0.89,Optimistic,78.1,79.3,78.1,68.6
2007-10-18,5825.28,0.0,-1.06,,38.82,0.47,0.95,0.704,-1.49,35.97,,61.71,14.18,-4.38,,,2.304,2.765,3,217,72.4,0.89,Optimistic,72.4,74.2,72.4,63.3
2007-10-19,5818.05,0.0,-1.06,,41.5,0.48,1.44,0.555,-1.44,35.9,,61.3,13.39,-4.5,,,1.395,0.93,1,215,72.3,0.89,Optimistic,72.3,74.2,72.3,61.9
2007-10-22,5667.33,0.0,-1.06,,37.17,0.0,0.48,0.55,-6.02,25.19,,53.39,9.93,-6.97,,,0.465,4.651,1,215,69.3,0.89,Optimistic,69.3,71.7,69.3,56.9
2007-10-23,5773.39,0.0,-1.06,,34.61,0.0,0.48,0.597,-5.23,24.54,,57.54,11.42,-5.23,,,0.467,0.935,1,214,69.4,0.89,Optimistic,69.4,71.3,69.4,58.5
2007-10-24,5843.11,0.0,-1.06,,30.58,0.0,0.0,0.621,-3.2,30.18,,60.06,12.22,-4.09,,,0.943,1.887,1,212,70.5,0.89,Optimistic,70.5,72.6,70.5,58.5
2007-10-25,5562.39,0.0,-1.05,,27.5,0.98,0.49,0.743,-4.51,24.4,,47.77,6.41,-8.69,,,1.905,41.905,2,210,69.4,0.89,Optimistic,69.4,71.8,69.4,53.4
2007-10-26,5589.63,0.0,-1.05,,29.67,0.49,1.46,0.536,-3.93,28.54,,48.86,6.51,-8.25,,,0.943,3.302,1,212,70.5,0.89,Optimistic,70.5,72.8,70.5,51.6
2007-10-29,5748.0,0.0,-1.05,,39.22,0.99,0.5,0.527,1.42,44.19,,54.79,9.08,-5.65,,,2.885,0.481,1,208,74.8,0.89,Optimistic,74.8,76.6,74.8,57.5
2007-10-30,5897.19,0.0,-1.05,,45.32,0.0,0.99,0.576,2.14,47.14,,59.55,11.41,-3.2,,,5.742,0.0,2,209,75.9,0.89,Optimistic,75.9,77.0,75.9,62.8
2007-10-31,5954.77,0.0,-1.05,,59.76,0.0,2.4,0.762,1.91,49.38,,61.24,11.91,-2.25,,,5.14,0.0,3,214,76.4,0.89,Optimistic,76.4,77.5,76.4,71.1
2007-11-01,5914.28,0.0,-1.05,,62.26,0.96,2.87,0.703,6.33,59.76,,59.36,10.63,-2.92,,,1.389,3.704,2,214,77.8,0.89,Optimistic,77.8,80.3,77.8,70.0
2007-11-02,5777.81,0.0,-1.04,,57.58,1.44,1.44,0.649,3.37,52.57,,53.4,7.67,-5.16,,,0.93,2.791,1,215,76.3,0.89,Optimistic,76.3,78.9,76.3,64.9
2007-11-05,5634.45,0.0,-1.04,,59.3,0.0,1.91,0.706,-1.98,34.18,,47.95,4.67,-7.51,,,3.704,1.389,1,216,72.9,0.89,Optimistic,72.9,74.6,72.9,63.2
2007-11-06,5536.57,0.0,-1.04,,56.09,0.0,1.43,0.5,-6.12,25.87,,44.6,2.57,-9.12,,,3.687,0.0,2,217,71.9,0.89,Optimistic,71.9,72.9,71.9,57.3
2007-11-07,5601.78,0.0,-1.04,,45.39,0.0,1.46,0.481,-5.93,26.14,,47.25,3.48,-8.05,,,4.695,0.939,3,213,71.6,0.89,Optimistic,71.6,72.7,71.6,54.9
2007-11-08,5330.02,0.0,-1.04,,43.24,1.45,0.97,0.558,-9.88,25.07,,38.92,-1.72,-12.51,,,1.408,3.286,4,213,71.7,0.89,Optimistic,71.7,73.6,71.7,49.7
2007-11-09,5315.54,0.0,-1.04,,45.73,0.48,0.0,0.545,-8.0,25.25,,38.53,-2.15,-12.75,,,0.463,1.852,5,216,72.0,0.89,Optimistic,72.0,73.7,72.0,50.1
2007-11-12,5187.73,0.0,-1.03,,36.31,0.96,0.96,0.612,-7.93,24.33,,35.18,-4.61,-14.84,,,1.395,4.186,6,215,72.2,0.89,Optimistic,72.2,74.0,72.2,45.3
2007-11-13,5158.12,0.0,-1.03,,36.37,0.0,1.44,0.58,-6.84,24.77,,34.43,-5.24,-15.33,,,1.389,0.463,7,216,73.1,0.89,Optimistic,73.1,74.3,73.1,44.3
2007-11-14,5412.69,0.0,-1.03,,47.74,0.0,2.84,0.605,-3.38,29.7,,45.2,-0.73,-11.15,,,7.339,0.0,8,218,74.3,0.89,Optimistic,74.3,74.6,74.3,54.2
2007-11-15,5365.27,0.0,-1.03,,50.56,0.0,1.45,0.572,0.66,42.46,,43.76,-1.78,-11.93,,,0.939,0.469,9,213,76.8,0.89,Optimistic,76.8,78.2,76.8,53.8
2007-11-16,5316.27,0.0,-1.03,,55.09,0.0,1.97,0.451,0.01,39.5,,42.26,-2.87,-12.73,,,0.957,0.0,10,209,76.6,0.89,Optimistic,76.6,77.7,76.6,53.4
2007-11-19,5269.82,0.0,-1.03,,67.03,0.0,0.98,0.501,1.58,44.29,,40.83,-3.83,-13.5,,,2.857,0.476,1,210,77.2,0.89,Optimistic,77.2,79.1,77.2,56.1
2007-11-20,5293.7,0.0,-1.03,,68.26,0.0,0.48,0.606,2.63,49.21,,41.92,-3.49,-13.1,,,1.408,0.0,2,213,78.6,0.89,Optimistic,78.6,80.4,78.6,58.2
2007-11-21,5214.23,0.0,-1.02,,52.93,0.0,0.0,0.515,-3.67,29.48,,39.33,-5.01,-14.41,,,0.467,0.0,1,214,73.6,0.89,Optimistic,73.6,75.5,73.6,50.9
2007-11-22,4984.16,0.0,-1.02,,49.36,0.48,0.0,0.511,-7.1,25.72,,32.98,-9.19,-18.19,,,0.0,6.075,1,213,72.3,0.89,Optimistic,72.3,75.3,72.3,45.4
2007-11-23,5032.13,0.0,-1.02,,54.37,0.49,0.0,0.396,-5.34,27.31,,35.32,-8.29,-17.4,,,0.0,0.474,1,211,73.2,0.89,Optimistic,73.2,75.6,73.2,48.1
2007-11-26,4958.85,0.0,-1.02,,41.94,0.0,0.97,0.479,-5.9,26.16,,33.4,-9.57,-18.6,,,0.472,0.943,1,212,73.4,0.89,Optimistic,73.4,75.5,73.4,42.5
2007-11-27,4861.11,0.0,-1.02,,33.06,0.47,0.0,0.409,-8.17,27.12,,30.98,-11.27,-20.21,,,0.459,3.211,1,218,73.5,0.89,Optimistic,73.5,76.1,73.5,37.7
2007-11-28,4803.39,0.0,-1.02,,37.32,0.0,0.0,0.442,-7.88,26.67,,29.61,-12.24,-21.15,,,0.0,0.465,1,215,73.8,0.89,Optimistic,73.8,76.2,73.8,38.2
2007-11-29,5003.33,0.0,-1.01,,54.99,0.0,0.0,0.686,0.38,42.68,,39.55,-8.54,-17.87,,,1.389,0.0,1,216,77.2,0.89,Optimistic,77.2,79.1,77.2,51.9
2007-11-30,4871.78,0.0,-1.01,,42.93,0.0,0.47,0.601,-3.19,30.34,,35.95,-10.85,-20.03,,,1.843,0.922,10,217,75.2,0.89,Optimistic,75.2,76.3,75.2,44.2
2007-12-03,4868.61,0.0,-1.01,,51.01,0.94,0.94,0.756,-1.82,34.75,,35.87,-10.78,-20.08,,,1.835,0.0,11,217,76.6,0.89,Optimistic,76.6,77.5,76.6,49.2
2007-12-04,4915.89,0.0,-1.01,,56.92,0.0,0.94,0.613,1.13,44.42,,38.21,-9.81,-19.31,,,0.913,0.0,2,219,77.9,0.89,Optimistic,77.9,79.8,77.9,50.4
2007-12-05,5042.65,0.0,-1.01,,66.61,0.0,0.47,0.791,4.98,62.29,,44.09,-7.41,-17.23,,,0.922,0.0,1,217,81.4,0.89,Greed,81.4,83.8,81.4,58.6
2007-12-06,5035.07,0.0,-1.01,,59.61,0.0,0.47,0.635,0.63,43.05,,43.82,-7.45,-17.35,,,0.922,0.0,1,217,76.7,0.89,Optimistic,76.7,78.7,76.7,54.4
2007-12-07,5091.76,0.0,-1.01,,73.34,0.0,0.95,0.747,4.52,59.21,,46.45,-6.35,-16.42,,,3.704,0.0,1,216,80.8,0.89,Greed,80.8,82.7,80.8,60.8
2007-12-10,5161.92,0.0,-1.0,,78.86,0.0,2.38,1.048,6.02,69.9,,49.6,-5.01,-15.27,,,3.241,0.463,2,216,83.0,0.89,Greed,83.0,85.1,83.0,67.7
2007-12-11,5175.08,0.0,-1.0,,81.53,0.0,2.86,1.026,5.27,69.28,,50.19,-4.78,-15.05,,,1.389,0.0,1,216,82.6,0.89,Greed,82.6,84.9,82.6,68.3
2007-12-12,5095.54,0.0,-1.0,,76.06,0.0,2.37,1.12,1.05,50.43,,46.63,-6.22,-16.36,,,2.315,0.926,2,216,78.3,0.89,Optimistic,78.3,80.3,78.3,66.5
2007-12-13,4958.04,0.0,-1.0,,66.68,0.0,1.43,1.051,-1.53,36.24,,41.19,-8.67,-18.61,,,0.0,1.395,1,215,74.5,0.89,Optimistic,74.5,77.2,74.5,60.8
2007-12-14,5007.91,0.0,-1.0,,66.56,0.0,2.39,0.833,-1.65,35.48,,43.75,-7.66,-17.8,,,1.869,0.935,1,214,74.7,0.89,Optimistic,74.7,76.7,74.7,59.0
2007-12-17,4876.76,0.0,-1.0,,59.64,0.0,1.47,1.009,-5.52,18.88,,38.95,-9.93,-19.95,,,1.914,2.392,1,209,70.8,0.89,Optimistic,70.8,72.9,70.8,57.0
2007-12-18,4836.17,0.0,-1.0,,51.27,0.0,2.39,0.651,-6.55,23.8,,37.58,-10.52,-20.62,,,0.467,0.935,1,214,72.3,0.89,Optimistic,72.3,74.4,72.3,48.4
2007-12-19,4941.78,0.0,-0.99,,57.56,0.0,2.86,0.919,-3.02,29.23,,43.19,-8.43,-18.88,,,0.93,0.0,1,215,73.3,0.89,Optimistic,73.3,75.1,73.3,57.0
2007-12-20,5043.53,0.0,-0.99,,70.61,0.0,1.45,0.952,1.72,51.55,,48.05,-6.43,-17.21,,,1.887,0.0,1,212,78.5,0.89,Optimistic,78.5,80.4,78.5,63.3
2007-12-21,5101.78,0.0,-0.99,,70.22,0.0,1.93,1.099,1.87,54.6,,50.65,-5.24,-16.26,,,3.271,0.0,1,212,79.1,0.89,Optimistic,79.1,81.0,79.1,66.4
2007-12-24,5234.26,0.0,-0.99,,73.85,0.0,4.25,1.424,7.33,80.95,,56.03,-2.71,-14.08,,,3.67,0.459,1,218,85.0,0.89,Greed,85.0,87.4,85.0,72.5
2007-12-25,5201.18,0.0,-0.99,,81.69,0.0,5.19,1.187,7.55,74.01,,54.44,-3.25,-14.62,,,0.917,0.0,1,217,83.2,0.89,Greed,83.2,85.7,83.2,71.7
2007-12-26,5233.35,0.0,-0.99,,79.31,0.0,5.21,1.254,5.9,75.95,,55.76,-2.62,-14.1,,,0.909,0.0,1,218,83.6,0.89,Greed,83.6,86.1,83.6,72.4
2007-12-27,5308.89,0.0,-0.99,,75.34,0.0,4.25,1.466,5.26,82.19,,58.78,-1.19,-12.86,,,0.905,0.452,1,221,84.8,0.89,Greed,84.8,87.6,84.8,74.7
2007-12-28,5261.56,0.0,-0.99,,66.04,0.0,6.13,1.286,3.13,65.34,,56.19,-1.98,-13.63,,,3.62,0.0,1,221,81.2,0.89,Greed,81.2,83.2,81.2,69.9
2008-01-02,5272.81,0.0,-0.98,,68.7,0.0,12.86,1.276,0.74,50.43,,56.68,-1.64,-13.45,,,5.936,0.0,2,219,78.0,0.89,Optimistic,78.0,79.2,78.0,70.8
2008-01-03,5319.86,0.065,-0.97,,70.74,0.0,12.62,1.651,2.28,66.54,,58.75,-0.64,-12.68,,,5.83,0.0,2,223,81.9,0.89,Greed,81.9,83.4,81.9,74.7
2008-01-04,5361.57,0.065,-0.97,,63.82,0.0,8.96,1.35,2.45,62.31,,60.55,0.27,-11.99,,,2.715,0.0,3,221,80.5,0.89,Greed,80.5,82.2,80.5,72.2
2008-01-07,5393.34,0.065,-0.97,,67.46,0.0,15.96,1.539,1.59,59.54,,61.92,1.02,-11.47,,,3.153,0.0,4,222,80.0,0.89,Greed,80.0,81.4,80.0,75.1
2008-01-08,5386.53,0.065,-0.97,,63.21,0.0,3.3,1.717,2.38,68.46,,61.43,1.06,-11.58,,,0.0,0.452,1,221,80.9,0.89,Greed,80.9,83.8,80.9,74.6
2008-01-09,5435.81,0.065,-0.97,,63.51,0.0,9.77,1.293,3.09,65.25,,63.67,2.17,-10.77,,,5.357,0.0,1,224,81.1,0.89,Greed,81.1,82.9,81.1,73.5
2008-01-10,5456.54,0.065,-0.96,,56.79,0.0,7.94,1.636,2.57,68.47,,64.6,2.77,-10.43,,,0.897,0.0,1,223,81.3,0.89,Greed,81.3,83.7,81.3,74.0
2008-01-11,5484.68,0.065,-0.96,,55.18,0.0,8.41,1.482,2.3,63.66,,65.88,3.48,-9.97,,,0.897,0.0,1,223,80.1,0.89,Greed,80.1,82.4,80.1,73.5
2008-01-14,5497.9,0.065,-0.96,,52.47,0.0,5.63,1.324,1.94,58.59,,66.49,3.83,-9.75,,,1.351,0.0,1,222,78.9,0.89,Optimistic,78.9,81.0,78.9,71.7
2008-01-15,5443.79,0.065,-0.96,,61.35,0.0,6.51,1.354,1.06,53.41,,61.61,2.93,-10.64,,,1.339,0.0,2,224,77.9,0.89,Optimistic,77.9,79.7,77.9,73.2
2008-01-16,5290.61,0.065,-0.96,,49.05,0.0,7.58,1.487,-2.67,28.72,,50.35,0.15,-13.16,,,0.909,0.455,1,220,72.2,0.89,Optimistic,72.2,74.1,72.2,65.7
2008-01-17,5151.63,0.065,-0.96,,44.68,0.0,6.1,1.633,-5.59,10.3,,42.72,-2.28,-15.44,,,0.901,2.252,2,222,68.0,0.89,Optimistic,68.0,69.8,68.0,61.5
2008-01-18,5180.51,0.065,-0.96,,49.4,0.0,4.76,1.12,-5.55,17.35,,44.6,-1.53,-14.96,,,1.37,0.457,3,219,70.2,0.89,Optimistic,70.2,71.5,70.2,60.7
2008-01-21,4914.44,0.065,-0.96,,39.43,0.0,2.38,1.232,-10.61,15.81,,33.65,-6.4,-19.33,,,0.457,4.11,1,219,69.7,0.89,Optimistic,69.7,72.1,69.7,52.1
2008-01-22,4559.75,0.065,-0.95,,26.93,0.47,0.0,1.504,-16.24,12.06,,24.88,-12.87,-25.15,,,0.0,61.261,1,222,69.2,0.89,Optimistic,69.2,72.4,69.2,44.2
2008-01-23,4703.05,0.065,-0.95,,38.77,0.0,1.41,1.415,-11.11,13.29,,32.53,-9.83,-22.8,,,8.52,0.0,1,222,71.4,0.89,Optimistic,71.4,72.2,71.4,50.9
2008-01-24,4717.73,0.065,-0.95,,51.09,0.0,6.19,1.434,-8.42,13.03,,33.28,-9.2,-22.56,,,5.909,0.455,2,220,71.0,0.89,Optimistic,71.0,72.0,71.0,55.9
2008-01-25,4761.69,0.065,-0.95,,47.54,0.0,2.31,1.229,-8.08,15.85,,35.59,-8.01,-21.84,,,4.0,0.444,1,225,71.1,0.89,Optimistic,71.1,72.5,71.1,54.5
2008-01-28,4419.29,0.065,-0.95,,46.43,0.94,1.88,1.092,-10.08,17.73,,27.58,-14.21,-27.46,,,0.0,37.557,1,221,70.8,0.89,Optimistic,70.8,74.1,70.8,47.5
2008-01-29,4457.94,0.065,-0.95,,59.91,0.0,0.93,0.792,-2.23,33.08,,29.51,-13.09,-26.82,,,2.232,0.893,1,224,75.9,0.89,Optimistic,75.9,78.0,75.9,48.8
2008-01-30,4417.85,0.065,-0.95,,53.86,0.46,0.46,0.868,-6.06,20.81,,28.66,-13.53,-27.48,,,0.893,0.446,1,224,72.9,0.89,Optimistic,72.9,74.8,72.9,47.5
2008-01-31,4383.39,0.065,-0.95,,38.37,0.46,0.0,0.713,-7.09,22.94,,27.91,-13.88,-28.05,,,0.0,8.036,1,224,72.3,0.89,Optimistic,72.3,75.4,72.3,39.4
2008-02-01,4320.77,0.065,-0.94,,31.1,3.24,0.0,0.937,-9.26,19.86,,26.56,-14.75,-29.08,,,0.0,8.52,1,223,71.7,0.89,Optimistic,71.7,74.7,71.7,39.5
2008-02-04,4672.17,0.065,-0.94,,49.83,0.0,0.0,0.997,5.72,68.42,,43.2,-7.62,-23.31,,,34.685,0.0,1,222,84.1,0.89,Greed,84.1,85.5,84.1,55.0
2008-02-05,4599.7,0.065,-0.94,,47.1,0.0,0.46,0.825,3.18,55.72,,41.13,-8.83,-24.5,,,0.881,0.0,1,227,80.1,0.89,Greed,80.1,82.4,80.1,50.4
2008-02-13,4490.72,0.065,-0.94,,42.83,0.0,0.92,0.578,1.65,45.61,,38.17,-10.79,-26.29,,,1.327,0.0,1,226,78.1,0.89,Optimistic,78.1,80.1,78.1,43.4
2008-02-14,4552.32,0.065,-0.94,,59.1,0.0,2.28,0.549,3.85,51.8,,40.76,-9.38,-25.27,,,0.885,0.0,1,226,79.2,0.89,Optimistic,79.2,81.4,79.2,50.1
2008-02-15,4497.13,0.065,-0.94,,63.13,0.0,2.79,0.653,4.08,55.13,,39.18,-10.21,-26.18,,,0.0,0.0,1,223,79.8,0.89,Optimistic,79.8,82.4,79.8,51.8
2008-02-18,4568.15,0.065,-0.94,,62.33,0.0,5.09,0.883,-2.23,32.94,,42.29,-8.55,-25.01,,,6.25,0.446,1,224,74.8,0.89,Optimistic,74.8,76.2,74.8,56.7
2008-02-19,4664.3,0.065,-0.94,,69.0,0.0,4.59,0.958,1.4,50.11,,46.3,-6.42,-23.44,,,3.556,0.444,2,225,78.6,0.89,Optimistic,78.6,80.3,78.6,61.5
2008-02-20,4567.03,0.065,-0.93,,66.97,0.0,2.29,1.043,1.7,52.81,,43.04,-8.16,-25.03,,,1.316,0.439,1,226,79.0,0.89,Optimistic,79.0,81.4,79.0,60.3
2008-02-21,4527.18,0.065,-0.93,,61.81,0.0,5.05,0.955,-0.55,40.77,,41.75,-8.72,-25.69,,,0.877,0.0,1,228,76.3,0.89,Optimistic,76.3,78.3,76.3,57.2
2008-02-22,4370.28,0.065,-0.93,,58.97,0.46,1.83,1.05,-2.82,29.57,,37.02,-11.64,-28.26,,,0.441,0.441,1,227,73.9,0.89,Optimistic,73.9,76.0,73.9,54.5
2008-02-25,4192.53,0.065,-0.93,,41.98,1.38,0.46,0.907,-8.22,20.27,,32.53,-15.0,-31.18,,,0.885,4.425,1,226,71.7,0.89,Optimistic,71.7,74.2,71.7,44.0
2008-02-26,4238.18,0.065,-0.93,,36.19,0.46,0.46,0.855,-9.14,20.99,,34.72,-13.85,-30.43,,,0.881,0.441,1,227,72.2,0.89,Optimistic,72.2,74.1,72.2,42.3
2008-02-27,4334.05,0.065,-0.93,,49.3,0.0,1.83,0.771,-5.1,22.15,,39.19,-11.71,-28.86,,,2.193,0.439,1,228,72.0,0.89,Optimistic,72.0,73.7,72.0,47.9
2008-02-28,4299.51,0.065,-0.93,,46.4,0.0,1.81,0.729,-5.03,22.73,,38.17,-12.25,-29.42,,,1.304,0.435,1,230,72.2,0.89,Optimistic,72.2,74.0,72.2,45.6
2008-02-29,4348.54,0.065,-0.93,,58.87,0.0,2.78,0.724,-0.5,39.72,,40.52,-11.11,-28.62,,,1.778,0.0,1,225,76.4,0.89,Optimistic,76.4,78.2,76.4,51.1
2008-03-03,4438.27,0.065,-0.93,,75.61,0.0,5.48,1.184,5.86,73.91,,44.67,-9.1,-27.15,,,5.702,0.439,2,228,85.1,0.89,Greed,85.1,87.1,85.1,63.4
2008-03-04,4335.45,0.065,-0.92,,70.85,0.0,4.05,1.302,2.3,60.46,,41.13,-11.04,-28.83,,,0.87,0.0,1,230,81.4,0.89,Greed,81.4,83.8,81.4,61.1
2008-03-05,4292.65,0.065,-0.92,,61.38,0.0,4.48,1.098,-0.96,39.38,,39.72,-11.75,-29.54,,,1.739,0.435,1,230,76.2,0.89,Optimistic,76.2,78.3,76.2,56.4
2008-03-06,4360.99,0.065,-0.92,,62.38,0.0,1.36,1.252,1.43,54.35,,43.08,-10.17,-28.42,,,3.057,0.0,1,229,80.1,0.89,Greed,80.1,82.1,80.1,59.6
2008-03-07,4300.52,0.065,-0.92,,50.14,0.0,0.0,0.828,-1.1,37.76,,40.91,-11.19,-29.41,,,0.437,0.437,1,229,75.6,0.89,Optimistic,75.6,77.8,75.6,49.6
2008-03-10,4146.3,0.065,-0.92,,33.55,0.0,0.9,0.958,-6.58,19.58,,35.93,-14.11,-31.94,,,1.31,1.31,1,229,71.5,0.89,Optimistic,71.5,73.5,71.5,42.9
2008-03-11,4165.88,0.065,-0.92,,40.25,0.45,1.35,0.744,-3.91,26.7,,36.98,-13.43,-31.62,,,0.87,0.87,2,230,73.4,0.89,Optimistic,73.4,75.2,73.4,42.6
2008-03-12,4070.12,0.065,-0.92,,33.07,0.92,0.46,0.83,-5.18,21.34,,34.05,-15.1,-33.19,,,1.77,1.77,1,226,72.2,0.89,Optimistic,72.2,74.2,72.2,39.9
2008-03-13,3971.26,0.065,-0.92,,24.17,1.82,0.0,0.925,-8.94,20.03,,31.29,-16.81,-34.81,,,0.439,4.386,1,228,71.7,0.89,Optimistic,71.7,74.3,71.7,36.9
2008-03-14,3962.67,0.065,-0.92,,29.63,2.7,0.0,0.602,-7.86,24.47,,31.05,-16.66,-34.95,,,0.0,0.87,1,230,73.1,0.89,Optimistic,73.1,75.5,73.1,33.9
2008-03-17,3820.05,0.065,-0.91,,27.89,6.36,0.0,0.72,-7.87,22.85,,27.37,-19.34,-37.29,,,0.0,36.123,1,227,72.1,0.89,Optimistic,72.1,75.5,72.1,33.0
2008-03-18,3668.9,0.065,-0.91,,14.42,10.5,0.0,0.852,-11.93,21.04,,24.11,-22.17,-39.78,,,0.441,25.551,1,227,72.3,0.89,Optimistic,72.3,75.3,72.3,31.4
2008-03-19,3761.61,0.065,-0.91,,30.71,0.45,0.0,0.906,-7.58,20.3,,29.65,-19.88,-38.25,,,8.772,0.0,1,228,73.7,0.89,Optimistic,73.7,74.6,73.7,36.9
2008-03-20,3804.05,0.065,-0.91,,47.45,0.0,0.0,1.078,-4.21,22.1,,32.09,-18.68,-37.56,,,5.83,0.0,2,223,73.8,0.89,Optimistic,73.8,74.7,73.8,46.0
2008-03-21,3796.58,0.065,-0.91,,51.77,0.46,0.0,0.95,-4.19,23.51,,31.88,-18.51,-37.68,,,2.655,0.442,3,226,73.7,0.89,Optimistic,73.7,75.1,73.7,45.9
2008-03-24,3626.19,0.065,-0.91,,54.44,1.38,0.0,0.859,-5.07,20.94,,27.47,-21.77,-40.48,,,0.444,4.0,1,225,72.3,0.89,Optimistic,72.3,75.0,72.3,43.6
2008-03-25,3629.62,0.065,-0.91,,70.17,0.46,0.46,0.768,-1.07,37.71,,27.69,-21.28,-40.42,,,1.778,0.444,1,225,77.3,0.89,Optimistic,77.3,79.4,77.3,46.9
2008-03-26,3606.86,0.065,-0.91,,59.79,0.46,0.0,0.676,-4.11,26.61,,27.11,-21.31,-40.79,,,1.339,0.0,1,224,74.7,0.89,Optimistic,74.7,76.5,74.7,42.6
2008-03-27,3411.49,0.065,-0.91,,42.11,5.45,0.0,0.812,-10.32,21.58,,22.71,-25.08,-44.0,,,0.444,11.111,1,225,72.7,0.89,Optimistic,72.7,75.6,72.7,37.3
2008-03-28,3580.15,0.065,-0.9,,46.22,0.0,0.0,0.937,-5.7,19.86,,32.84,-20.9,-41.23,,,3.153,0.0,2,222,73.1,0.89,Optimistic,73.1,74.2,73.1,43.2
2008-03-31,3472.71,0.065,-0.9,,43.94,7.83,0.0,0.699,-4.23,25.94,,30.13,-22.75,-43.0,,,0.455,8.636,1,220,73.1,0.89,Optimistic,73.1,76.0,73.1,37.9
2008-04-01,3329.16,0.0,-0.91,,28.29,21.97,0.0,0.822,-8.28,21.44,,26.93,-25.41,-45.35,,,0.0,46.018,1,226,71.8,0.89,Optimistic,71.8,75.2,71.8,33.5
2008-04-02,3347.88,0.0,-0.91,,21.5,28.51,0.0,0.988,-7.18,19.17,,28.01,-24.45,-45.05,,,0.0,15.625,1,224,71.3,0.89,Optimistic,71.3,74.5,71.3,34.0
2008-04-03,3446.24,0.0,-0.91,,36.7,2.25,0.0,0.77,1.02,45.98,,33.53,-21.68,-43.43,,,4.444,0.444,1,225,79.4,0.89,Optimistic,79.4,81.3,79.4,37.4
2008-04-07,3599.62,0.0,-0.91,,39.23,0.0,0.0,0.934,0.54,45.77,,41.11,-17.64,-40.91,,,15.625,0.0,2,224,80.1,0.89,Greed,80.1,81.1,80.1,43.8
2008-04-08,3612.54,0.0,-0.91,,55.96,0.0,0.46,1.007,4.03,63.87,,41.71,-16.78,-40.7,,,6.335,0.0,3,221,84.3,0.89,Greed,84.3,85.9,84.3,50.9
2008-04-09,3413.91,0.0,-0.91,,57.16,4.15,0.0,0.927,2.55,54.98,,35.66,-20.76,-43.96,,,0.455,12.727,4,220,80.7,0.89,Greed,80.7,83.7,80.7,47.4
2008-04-10,3471.74,0.0,-0.91,,72.82,0.46,0.0,0.712,3.7,55.22,,38.46,-18.8,-43.01,,,4.091,0.909,1,220,81.5,0.89,Greed,81.5,83.7,81.5,49.8
2008-04-11,3492.89,0.0,-0.91,,72.23,1.37,0.0,0.683,1.35,46.13,,39.5,-17.67,-42.66,,,1.802,0.901,1,222,79.0,0.89,Optimistic,79.0,81.3,79.0,49.9
2008-04-14,3296.67,0.0,-0.91,,53.49,14.16,0.46,0.806,-8.42,21.67,,33.81,-21.62,-45.89,,,0.901,23.423,2,222,72.4,0.89,Optimistic,72.4,75.1,72.4,43.7
2008-04-15,3348.35,0.0,-0.91,,52.61,3.64,0.0,0.723,-7.31,22.81,,36.41,-19.71,-45.04,,,2.242,0.0,1,223,73.7,0.89,Optimistic,73.7,75.3,73.7,43.1
2008-04-16,3291.6,0.0,-0.9,,54.25,8.76,0.0,0.655,-3.58,28.65,,34.79,-20.39,-45.97,,,0.0,1.818,1,220,74.1,0.89,Optimistic,74.1,76.9,74.1,42.0
2008-04-17,3222.74,0.0,-0.9,,38.7,26.15,0.0,0.757,-7.17,22.34,,32.89,-21.4,-47.1,,,0.905,7.24,1,221,72.6,0.89,Optimistic,72.6,75.3,72.6,37.3
2008-04-18,3094.67,0.065,-0.89,,23.79,42.11,0.0,0.73,-11.4,22.72,,29.64,-23.89,-49.2,,,0.0,14.151,1,212,72.3,0.89,Optimistic,72.3,75.6,72.3,30.9
2008-04-21,3116.98,0.065,-0.89,,32.71,24.41,0.0,1.017,-5.45,18.76,,30.92,-22.68,-48.84,,,0.463,6.944,1,216,71.8,0.89,Optimistic,71.8,74.5,71.8,38.2
2008-04-22,3147.79,0.065,-0.89,,21.4,33.18,0.0,0.83,-5.99,21.34,,32.74,-21.34,-48.33,,,1.364,4.091,1,220,72.6,0.89,Optimistic,72.6,75.1,72.6,32.7
2008-04-23,3278.33,0.129,-0.88,,37.59,0.0,0.0,1.135,-0.4,42.58,,39.96,-17.64,-46.19,,,9.865,0.448,2,223,79.4,0.89,Optimistic,79.4,80.6,79.4,44.8
2008-04-24,3583.03,0.129,-0.87,,55.78,0.45,0.0,2.454,11.18,92.0,,52.72,-9.56,-41.19,,,68.468,1.351,3,222,91.1,0.89,Greed,91.1,93.0,91.1,62.8
2008-04-25,3557.75,0.0,-0.9,,65.94,0.46,0.0,2.205,14.96,92.0,,51.74,-9.76,-41.6,,,4.091,0.909,3,218,90.5,0.89,Greed,90.5,93.0,90.5,65.0
2008-04-28,3474.72,0.0,-0.9,,62.6,0.0,0.92,1.274,11.48,76.55,,48.54,-11.39,-42.96,,,2.703,1.351,2,222,86.6,0.89,Greed,86.6,89.3,86.6,58.6
2008-04-29,3523.41,0.0,-0.9,,71.18,0.0,0.93,1.13,11.93,72.33,,50.48,-9.8,-42.16,,,0.917,0.917,1,218,84.9,0.89,Greed,84.9,87.8,84.9,60.9
2008-04-30,3693.11,0.0,-0.89,,71.08,0.0,0.92,1.812,12.65,92.0,,56.6,-5.15,-39.38,,,5.882,0.452,2,221,89.8,0.89,Greed,89.8,92.1,89.8,68.6
2008-05-05,3761.01,0.0,-0.89,,70.44,0.47,1.4,1.652,4.97,87.41,,58.79,-3.13,-38.26,,,8.676,1.37,3,219,88.4,0.89,Greed,88.4,90.4,88.4,69.4
2008-05-06,3733.5,0.0,-0.89,,67.01,0.45,0.45,1.62,4.94,86.24,,57.53,-3.57,-38.72,,,2.655,0.442,3,224,87.8,0.89,Greed,87.8,90.2,87.8,67.9
2008-05-07,3579.15,0.0,-0.89,,62.06,0.46,0.0,1.46,3.01,68.18,,50.89,-7.26,-41.25,,,0.901,5.405,4,222,83.3,0.89,Greed,83.3,86.2,83.3,62.4
2008-05-08,3656.84,0.0,-0.89,,66.62,0.0,0.0,1.203,3.79,67.39,,53.78,-4.83,-39.97,,,6.542,0.467,1,214,83.5,0.89,Greed,83.5,85.5,83.5,63.4
2008-05-09,3613.49,0.0,-0.89,,56.36,0.93,0.46,1.402,-2.16,32.48,,51.94,-5.55,-40.69,,,2.242,1.794,2,222,74.5,0.89,Optimistic,74.5,76.4,74.5,61.1
2008-05-12,3626.98,0.0,-0.89,,51.95,0.93,0.93,1.262,-3.56,24.13,,52.48,-4.84,-40.46,,,6.306,0.45,3,222,73.1,0.89,Optimistic,73.1,74.0,73.1,59.0
2008-05-13,3560.24,0.0,-0.89,,52.9,1.9,0.47,1.418,-4.64,15.68,,49.5,-6.19,-41.56,,,8.257,2.294,4,218,71.2,0.89,Optimistic,71.2,72.1,71.2,59.1
2008-05-14,3657.43,0.0,-0.89,,67.41,0.47,0.47,1.364,2.19,60.86,,53.63,-3.27,-39.96,,,4.054,0.45,2,222,81.5,0.89,Greed,81.5,83.4,81.5,65.5
2008-05-15,3637.32,0.0,-0.89,,54.86,0.47,0.0,1.278,-0.53,42.64,,52.67,-3.41,-40.29,,,0.917,0.459,3,218,76.7,0.89,Optimistic,76.7,78.6,76.7,60.8
2008-05-16,3624.23,0.0,-0.88,,50.71,1.92,0.0,0.979,0.3,45.03,,52.02,-3.31,-40.51,,,0.465,1.395,1,214,76.7,0.89,Optimistic,76.7,79.2,76.7,56.4
2008-05-19,3604.76,0.0,-0.88,,44.16,3.29,0.0,0.731,-0.61,39.33,,51.01,-3.41,-40.83,,,1.826,1.826,1,219,75.4,0.89,Optimistic,75.4,77.7,75.4,50.2
2008-05-20,3443.16,0.0,-0.88,,36.17,6.07,0.0,1.006,-3.29,27.43,,43.44,-7.3,-43.48,,,0.455,15.455,1,220,72.5,0.89,Optimistic,72.5,75.4,72.5,47.5
2008-05-21,3544.19,0.0,-0.88,,36.26,0.0,0.45,1.115,-3.1,27.79,,48.57,-4.22,-41.82,,,3.509,0.0,2,228,73.7,0.89,Optimistic,73.7,74.9,73.7,51.6
2008-05-22,3485.63,0.0,-0.88,,36.25,3.65,0.46,1.036,-4.17,22.74,,45.97,-5.5,-42.78,,,2.655,0.885,1,225,72.1,0.89,Optimistic,72.1,73.8,72.1,49.4
2008-05-23,3473.09,0.0,-0.88,,37.73,4.15,0.0,0.904,-4.17,24.08,,45.41,-5.51,-42.99,,,3.125,1.786,2,224,72.5,0.89,Optimistic,72.5,74.1,72.5,48.0
2008-05-26,3364.54,0.0,-0.88,,32.16,7.73,0.45,0.795,-6.66,21.82,,40.76,-8.06,-44.77,,,0.441,3.965,2,227,71.7,0.89,Optimistic,71.7,74.1,71.7,42.1
2008-05-27,3375.41,0.064,-0.87,,45.09,2.27,0.0,0.64,-1.97,34.25,,41.41,-7.38,-44.59,,,0.441,2.203,1,227,74.7,0.89,Optimistic,74.7,77.2,74.7,44.9
2008-05-28,3459.03,0.064,-0.86,,47.7,0.0,0.46,0.791,-2.4,32.39,,46.27,-4.69,-43.22,,,3.556,0.0,1,224,74.7,0.89,Optimistic,74.7,76.2,74.7,50.5
2008-05-29,3401.44,0.0,-0.88,,44.08,6.28,0.45,0.775,-2.42,32.38,,43.59,-5.83,-44.17,,,0.862,0.862,1,231,74.3,0.89,Optimistic,74.3,76.4,74.3,47.7
2008-05-30,3433.35,0.064,-0.86,,49.1,4.55,0.45,0.735,-1.14,37.32,,45.47,-4.55,-43.64,,,1.31,0.437,1,229,75.4,0.89,Optimistic,75.4,77.4,75.4,50.0
2008-06-02,3459.04,0.064,-0.86,,59.59,2.23,0.45,0.753,2.81,52.74,,47.01,-3.47,-43.22,,,3.004,0.0,2,233,79.6,0.89,Optimistic,79.6,81.3,79.6,54.6
2008-06-03,3436.4,0.064,-0.86,,53.64,4.5,0.45,0.873,1.81,50.71,,45.78,-3.68,-43.59,,,0.433,0.866,1,231,78.3,0.89,Optimistic,78.3,80.8,78.3,54.0
2008-06-04,3369.91,0.064,-0.86,,38.82,6.7,0.0,0.746,-2.58,31.84,,42.3,-5.13,-44.68,,,0.429,1.288,1,233,73.8,0.89,Optimistic,73.8,76.1,73.8,45.3
2008-06-05,3351.64,0.064,-0.86,,43.61,4.46,0.0,0.651,-1.46,35.98,,41.37,-5.3,-44.98,,,1.288,0.429,2,233,75.4,0.89,Optimistic,75.4,77.3,75.4,45.3
2008-06-06,3329.67,0.064,-0.86,,41.31,3.56,0.0,0.544,-3.02,31.18,,40.22,-5.54,-45.34,,,1.282,0.427,1,234,74.1,0.89,Optimistic,74.1,76.0,74.1,42.6
2008-06-10,3072.33,0.064,-0.86,,28.7,35.14,0.0,0.8,-11.18,21.74,,29.81,-12.43,-49.57,,,0.0,74.892,1,231,71.5,0.89,Optimistic,71.5,74.9,71.5,35.6
2008-06-11,3024.24,0.127,-0.85,,24.69,39.73,0.0,0.739,-11.99,22.59,,28.33,-13.41,-50.36,,,0.0,6.009,1,233,72.3,0.89,Optimistic,72.3,75.3,72.3,32.8
2008-06-12,2957.53,0.19,-0.83,,27.09,36.04,0.0,0.784,-12.24,21.98,,26.38,-14.91,-51.45,,,1.304,2.609,1,230,73.0,0.89,Optimistic,73.0,75.4,73.0,33.3
2008-06-13,2868.8,0.19,-0.83,,21.25,56.44,0.0,0.648,-14.41,23.84,,24.01,-17.09,-52.91,,,0.0,9.402,1,234,72.9,0.89,Optimistic,72.9,76.1,72.9,28.4
2008-06-16,2874.1,0.19,-0.83,,16.97,52.49,0.0,0.639,-13.68,23.97,,24.45,-16.62,-52.82,,,0.87,4.348,1,230,73.4,0.89,Optimistic,73.4,76.1,73.4,28.2
2008-06-17,2794.75,0.317,-0.81,,19.11,62.5,0.0,0.688,-9.03,23.29,,22.37,-18.54,-54.12,,,0.858,17.167,1,233,73.2,0.89,Optimistic,73.2,76.1,73.2,27.8
2008-06-18,2941.11,0.381,-0.79,,34.91,0.0,0.0,1.06,-2.75,29.9,,33.56,-13.91,-51.72,,,11.159,0.0,1,233,76.3,0.89,Optimistic,76.3,77.3,76.3,41.7
2008-06-19,2748.87,0.38,-0.79,,28.47,66.96,0.0,0.909,-7.06,20.26,,27.88,-19.12,-54.88,,,0.429,64.378,1,232,72.1,0.89,Optimistic,72.1,75.2,72.1,34.5
2008-06-20,2831.74,0.697,-0.73,,40.47,18.64,0.0,1.189,-1.29,37.78,,33.13,-16.36,-53.52,,,5.24,1.747,1,229,76.1,0.89,Optimistic,76.1,78.0,76.1,43.3
2008-06-23,2760.42,0.506,-0.77,,40.36,36.44,0.0,0.649,-3.96,27.41,,31.04,-18.12,-54.69,,,0.851,6.809,1,235,74.2,0.89,Optimistic,74.2,77.0,74.2,35.8
2008-06-24,2803.02,0.506,-0.77,,56.34,4.91,0.0,0.775,0.3,43.17,,33.74,-16.52,-53.99,,,2.991,0.0,1,234,79.2,0.89,Optimistic,79.2,81.1,79.2,44.5
2008-06-25,2905.01,0.505,-0.77,,56.76,0.45,0.0,1.038,-1.23,37.77,,39.81,-13.27,-52.31,,,13.853,0.433,2,231,78.1,0.89,Optimistic,78.1,79.2,78.1,51.1
2008-06-26,2901.85,0.379,-0.79,,71.12,0.44,0.0,1.046,5.57,69.86,,39.68,-13.07,-52.37,,,2.137,0.855,2,234,85.3,0.89,Greed,85.3,87.8,85.3,55.2
2008-06-27,2748.43,0.379,-0.79,,58.1,10.31,0.0,0.966,-2.94,29.35,,34.23,-17.36,-54.88,,,0.431,24.138,1,232,74.4,0.89,Optimistic,74.4,77.6,74.4,47.6
2008-06-30,2736.1,0.505,-0.76,,64.25,13.7,0.0,0.613,-0.88,37.83,,33.83,-17.49,-55.09,,,2.183,1.31,1,229,77.5,0.89,Optimistic,77.5,79.8,77.5,44.3
2008-07-01,2651.61,0.442,-0.78,,50.48,25.76,0.0,0.65,-5.4,23.82,,31.13,-19.76,-56.47,,,1.674,1.674,1,239,74.0,0.89,Optimistic,74.0,76.2,74.0,38.9
2008-07-02,2651.72,0.568,-0.75,,46.51,6.61,0.0,0.646,-8.72,23.87,,31.14,-19.43,-56.47,,,2.532,2.11,2,237,73.7,0.89,Optimistic,73.7,75.6,73.7,37.3
2008-07-03,2703.53,0.442,-0.77,,51.39,0.88,0.0,1.099,-6.83,17.64,,34.83,-17.48,-55.62,,,5.462,1.261,2,238,73.2,0.89,Optimistic,73.2,74.5,73.2,47.2
2008-07-04,2669.89,0.316,-0.8,,58.6,1.3,0.0,0.922,-2.86,29.96,,33.57,-18.12,-56.17,,,2.49,1.66,2,241,75.8,0.89,Optimistic,75.8,77.8,75.8,46.8
2008-07-07,2792.4,0.379,-0.78,,67.6,0.0,0.0,1.249,2.06,58.08,,41.83,-14.09,-54.16,,,9.664,0.0,2,238,83.5,0.89,Greed,83.5,84.8,83.5,56.3
2008-07-08,2814.95,0.189,-0.82,,76.64,0.44,0.0,1.288,6.16,76.95,,43.23,-13.1,-53.79,,,3.347,0.0,3,239,87.6,0.89,Greed,87.6,89.7,87.6,59.4
2008-07-09,2920.55,0.189,-0.82,,79.35,0.0,0.0,1.543,10.14,84.46,,49.37,-9.57,-52.06,,,7.5,0.0,3,240,89.2,0.89,Greed,89.2,91.0,89.2,64.6
2008-07-10,2875.45,0.126,-0.83,,63.77,0.0,0.43,1.426,6.36,81.0,,47.03,-10.78,-52.8,,,0.833,0.833,1,240,87.2,0.89,Greed,87.2,90.3,87.2,59.1
2008-07-11,2856.63,0.189,-0.82,,61.14,0.43,0.43,1.006,6.99,68.67,,46.05,-11.13,-53.11,,,1.667,1.25,1,240,84.3,0.89,Greed,84.3,87.1,84.3,54.3
2008-07-14,2878.26,0.189,-0.82,,58.14,0.43,0.43,0.841,3.07,55.62,,47.41,-10.27,-52.75,,,1.25,0.0,1,240,81.2,0.89,Greed,81.2,83.5,81.2,51.8
2008-07-15,2779.45,0.189,-0.82,,47.08,0.43,0.87,1.091,-1.26,37.72,,42.19,-13.15,-54.38,,,0.417,2.5,1,240,76.5,0.89,Optimistic,76.5,79.2,76.5,49.0
2008-07-16,2705.87,0.252,-0.8,,30.24,2.6,0.0,0.918,-7.35,20.13,,38.76,-15.28,-55.58,,,0.826,9.504,1,241,72.1,0.89,Optimistic,72.1,74.9,72.1,39.3
2008-07-17,2684.78,0.378,-0.78,,33.02,3.03,0.0,0.774,-6.63,22.11,,37.81,-15.75,-55.93,,,1.24,0.826,1,242,73.5,0.89,Optimistic,73.5,75.5,73.5,37.7
2008-07-18,2778.37,0.441,-0.77,,46.04,0.43,0.0,0.883,-2.74,30.66,,44.32,-12.64,-54.39,,,2.893,0.0,1,242,75.7,0.89,Optimistic,75.7,77.3,75.7,46.5
2008-07-21,2861.42,0.252,-0.8,,49.12,0.43,0.0,1.012,-0.59,40.92,,49.38,-9.83,-53.03,,,4.938,0.412,2,243,78.0,0.89,Optimistic,78.0,79.5,78.0,51.7
2008-07-22,2846.12,0.126,-0.82,,58.11,0.43,0.0,0.936,2.4,54.46,,48.5,-9.97,-53.28,,,2.066,0.0,2,242,81.2,0.89,Greed,81.2,83.1,81.2,53.5
2008-07-23,2837.85,0.126,-0.82,,61.34,0.0,0.0,0.955,4.88,66.61,,48.01,-9.89,-53.42,,,1.245,0.0,1,241,83.9,0.89,Greed,83.9,86.3,83.9,54.7
2008-07-24,2910.29,0.189,-0.81,,74.31,0.0,0.0,1.147,8.4,72.81,,52.57,-7.31,-52.23,,,1.255,0.418,1,239,84.7,0.89,Greed,84.7,87.4,84.7,62.4
2008-07-25,2865.1,0.126,-0.82,,62.71,0.0,0.0,0.99,3.12,58.98,,49.65,-8.43,-52.97,,,0.427,0.0,1,234,81.6,0.89,Greed,81.6,84.0,81.6,56.6
2008-07-28,2903.01,0.126,-0.82,,57.96,0.0,0.0,0.988,1.45,50.77,,52.06,-6.82,-52.35,,,1.695,0.424,1,236,79.2,0.89,Optimistic,79.2,81.5,79.2,56.3
2008-07-29,2850.31,0.126,-0.82,,50.54,0.0,0.0,0.94,0.15,43.98,,48.57,-8.07,-53.21,,,2.542,0.0,1,236,78.1,0.89,Optimistic,78.1,80.0,78.1,51.8
2008-07-30,2836.67,0.126,-0.82,,54.44,0.43,0.0,0.794,-0.04,41.97,,47.68,-8.06,-53.44,,,2.092,0.837,1,239,77.3,0.89,Optimistic,77.3,79.4,77.3,50.8
2008-07-31,2775.72,0.126,-0.82,,36.37,0.87,0.0,0.732,-4.62,24.11,,43.82,-9.65,-54.44,,,0.42,2.941,1,238,72.5,0.89,Optimistic,72.5,75.0,72.5,41.9
2008-08-01,2801.82,0.189,-0.81,,44.64,0.43,0.0,0.819,-2.21,33.13,,45.84,-8.37,-54.01,,,1.688,0.0,2,237,75.6,0.89,Optimistic,75.6,77.1,75.6,47.2
2008-08-04,2741.74,0.126,-0.82,,32.66,3.45,0.0,0.623,-5.56,24.18,,42.09,-9.91,-54.99,,,0.84,0.84,3,238,73.4,0.89,Optimistic,73.4,75.1,73.4,38.6
2008-08-05,2690.75,0.189,-0.8,,30.99,6.58,0.0,0.721,-5.6,22.84,,39.16,-11.13,-55.83,,,0.427,3.419,1,234,72.4,0.89,Optimistic,72.4,75.0,72.4,38.1
2008-08-06,2719.37,0.502,-0.74,,33.09,3.46,0.0,0.698,-4.14,26.31,,41.62,-9.77,-55.36,,,1.266,1.688,1,237,73.4,0.89,Optimistic,73.4,75.6,73.4,39.7
2008-08-07,2727.58,0.439,-0.76,,44.49,1.73,0.0,0.689,-1.73,35.06,,42.33,-9.03,-55.23,,,1.688,0.422,1,237,75.8,0.89,Optimistic,75.8,77.8,75.8,44.0
2008-08-08,2605.72,0.439,-0.75,,30.4,30.47,0.0,0.858,-7.0,20.95,,35.36,-12.59,-57.23,,,0.42,25.21,2,238,72.0,0.89,Optimistic,72.0,74.7,72.0,38.2
2008-08-11,2470.07,0.878,-0.67,,27.8,67.39,0.0,0.843,-9.91,21.15,,29.54,-16.6,-59.45,,,0.0,50.213,1,235,68.8,0.89,Optimistic,68.8,72.0,68.8,32.9
2008-08-12,2457.2,1.255,-0.6,,32.26,49.15,0.0,0.659,-8.68,23.69,,29.05,-16.5,-59.67,,,0.418,5.021,1,239,67.0,0.89,Optimistic,67.0,69.3,67.0,30.3
2008-08-13,2446.3,1.317,-0.59,,29.61,39.48,0.0,0.74,-10.04,22.58,,28.61,-16.4,-59.84,,,0.84,1.681,1,238,66.7,0.89,Optimistic,66.7,68.5,66.7,30.3
2008-08-14,2437.08,1.317,-0.59,,27.79,21.79,0.0,0.569,-10.65,24.92,,28.23,-16.18,-60.0,,,1.681,0.0,1,238,67.8,0.89,Optimistic,67.8,69.0,67.8,27.4
2008-08-15,2450.61,1.317,-0.59,,36.32,18.88,0.0,0.576,-5.95,24.82,,29.72,-15.21,-59.77,,,0.0,0.422,1,237,67.0,0.89,Optimistic,67.0,68.9,67.0,30.9
2008-08-18,2319.87,1.253,-0.6,,36.14,77.87,0.0,1.0,-6.08,19.0,,24.45,-19.2,-61.92,,,0.0,39.749,1,239,65.6,0.89,Optimistic,65.6,68.5,65.6,34.6
2008-08-19,2344.47,2.256,-0.41,,44.93,14.04,0.0,0.72,-4.59,24.39,,27.07,-17.86,-61.52,,,2.929,0.418,1,239,60.6,0.89,Optimistic,60.6,61.4,60.6,31.6
2008-08-20,2523.28,1.817,-0.49,,56.52,0.0,0.0,1.383,3.15,67.51,,42.64,-11.15,-58.58,,,30.126,0.0,2,239,74.7,0.89,Optimistic,74.7,75.2,74.7,50.6
2008-08-21,2431.72,1.003,-0.64,,47.27,2.97,0.0,1.139,-0.22,43.61,,38.15,-13.85,-60.08,,,1.255,5.858,3,239,74.1,0.89,Optimistic,74.1,76.5,74.1,46.2
2008-08-22,2405.23,1.253,-0.6,,42.56,8.4,0.0,0.857,-1.85,34.61,,36.93,-14.29,-60.52,,,0.415,1.245,4,241,70.4,0.89,Optimistic,70.4,72.0,70.4,39.6
2008-08-25,2413.37,1.566,-0.54,,51.34,5.91,0.0,0.626,4.03,54.28,,37.59,-13.47,-60.38,,,1.674,0.0,1,239,72.7,0.89,Optimistic,72.7,74.3,72.7,38.8
2008-08-26,2350.08,1.566,-0.54,,37.19,46.86,0.0,0.764,0.24,42.84,,34.58,-15.18,-61.42,,,0.83,10.373,2,241,69.1,0.89,Optimistic,69.1,71.5,69.1,34.3
2008-08-27,2342.15,2.256,-0.41,,26.52,31.36,0.0,0.765,-7.18,22.23,,34.21,-14.91,-61.55,,,0.84,0.84,1,238,59.3,0.89,Neutral,59.3,60.4,59.3,28.7
2008-08-28,2350.14,2.129,-0.43,,35.39,20.0,0.0,0.652,-3.35,29.46,,34.96,-14.09,-61.42,,,1.681,0.84,2,237,62.2,0.89,Optimistic,62.2,63.1,62.2,30.8
2008-08-29,2397.37,1.941,-0.47,,50.16,0.42,0.0,0.875,-0.33,41.33,,39.39,-11.85,-60.65,,,0.418,0.0,1,239,66.0,0.89,Optimistic,66.0,67.3,66.0,41.8
2008-09-01,2325.14,1.879,-0.48,,44.11,22.27,0.0,0.683,-3.66,28.18,,35.42,-13.97,-61.83,,,1.66,2.905,1,241,63.0,0.89,Optimistic,63.0,64.6,63.0,35.1
2008-09-02,2304.89,1.941,-0.46,,54.53,11.81,0.0,0.643,-1.92,34.4,,34.37,-14.32,-62.17,,,2.5,2.083,2,240,64.6,0.89,Optimistic,64.6,65.8,64.6,37.5
2008-09-03,2276.67,1.816,-0.49,,54.5,18.07,0.0,0.799,-2.8,30.76,,32.91,-14.97,-62.63,,,1.245,3.734,2,241,64.4,0.89,Optimistic,64.4,66.1,64.4,39.6
2008-09-04,2277.41,1.565,-0.54,,57.39,5.04,0.0,0.647,-3.09,30.38,,33.0,-14.58,-62.62,,,1.245,0.83,1,241,66.6,0.89,Optimistic,66.6,68.1,66.6,39.3
2008-09-05,2202.45,1.502,-0.55,,39.65,45.76,0.0,0.735,-8.13,22.65,,29.18,-17.05,-63.85,,,0.0,9.583,1,239,64.3,0.89,Optimistic,64.3,66.9,64.3,32.7
2008-09-08,2143.42,2.315,-0.39,,37.97,72.92,0.0,0.718,-7.82,22.88,,26.58,-18.9,-64.82,,,0.41,11.885,1,244,58.8,0.89,Neutral,58.8,60.7,58.8,28.3
2008-09-09,2145.78,3.191,-0.23,,40.15,21.16,0.0,0.586,-6.9,24.7,,26.86,-18.48,-64.78,,,1.23,1.23,1,244,54.6,0.89,Neutral,54.6,55.4,54.6,25.3
2008-09-10,2150.76,2.814,-0.3,,43.61,15.9,0.0,0.747,-5.53,22.48,,27.49,-17.88,-64.7,,,2.058,0.412,2,243,56.9,0.89,Neutral,56.9,57.2,56.9,30.0
2008-09-11,2078.98,2.689,-0.32,,31.97,44.81,0.0,0.704,-8.71,23.07,,24.25,-20.28,-65.87,,,0.41,1.23,1,244,57.4,0.89,Neutral,57.4,58.5,57.4,24.3
2008-09-12,2079.67,3.127,-0.24,,41.87,19.67,0.0,0.589,-5.57,24.65,,24.34,-19.87,-65.86,,,0.0,2.066,1,242,54.6,0.89,Neutral,54.6,55.9,54.6,25.2
2008-09-16,1986.64,2.939,-0.27,,44.82,48.71,0.0,0.911,-7.31,20.22,,20.68,-23.07,-67.39,,,0.0,4.255,1,235,54.4,0.89,Neutral,54.4,56.1,54.4,30.5
2008-09-17,1929.05,3.315,-0.2,,35.45,55.88,0.0,0.902,-10.1,20.34,,18.79,-24.88,-68.34,,,0.415,4.149,1,241,52.4,0.89,Neutral,52.4,53.6,52.4,26.0
2008-09-18,1895.84,4.19,-0.04,,25.59,69.87,0.0,1.307,-11.85,14.78,,17.78,-25.68,-68.88,,,0.0,4.132,1,242,45.8,0.89,Neutral,45.8,46.9,45.8,25.0
2008-09-19,2075.09,5.184,0.15,,43.54,0.0,0.0,1.15,-0.19,43.88,,37.31,-18.21,-65.94,,,94.561,0.0,2,239,51.9,0.89,Neutral,51.9,50.6,51.9,33.2
2008-09-22,2236.41,2.873,-0.29,,51.31,0.0,0.0,2.761,7.54,92.0,,49.04,-11.56,-63.29,,,13.636,0.0,2,242,73.8,0.89,Optimistic,73.8,74.4,73.8,51.4
2008-09-23,2201.51,2.249,-0.4,,48.19,2.49,0.0,1.926,10.82,92.0,,47.0,-12.63,-63.86,,,0.41,18.033,2,244,75.7,0.89,Optimistic,75.7,78.7,75.7,49.3
2008-09-24,2216.81,3.498,-0.17,,57.15,5.81,0.0,1.217,14.92,74.88,,48.02,-11.77,-63.61,,,3.279,0.41,1,244,64.7,0.89,Optimistic,64.7,65.7,64.7,46.0
2008-09-25,2297.5,3.308,-0.2,,73.26,0.0,0.0,1.895,21.19,92.0,,53.17,-8.34,-62.29,,,2.075,0.0,1,241,69.5,0.89,Optimistic,69.5,70.8,69.5,57.3
2008-09-26,2293.78,2.871,-0.29,,61.64,1.68,0.0,1.437,10.54,81.35,,52.91,-8.24,-62.35,,,1.66,0.83,1,241,69.2,0.89,Optimistic,69.2,70.9,69.2,53.4
2008-10-06,2173.74,2.559,-0.35,,44.96,9.21,0.0,1.116,-2.8,29.38,,45.22,-12.75,-64.32,,,0.0,5.809,1,241,58.0,0.89,Neutral,58.0,60.0,58.0,42.3
2008-10-07,2157.84,3.87,-0.09,,51.53,9.24,0.0,1.041,-1.98,33.9,,44.3,-13.02,-64.58,,,0.415,0.415,1,241,52.0,0.89,Neutral,52.0,52.6,52.0,40.2
2008-10-08,2092.22,3.808,-0.11,,40.72,25.83,0.0,0.934,-5.62,19.9,,40.64,-15.26,-65.66,,,0.412,2.058,1,243,48.9,0.89,Neutral,48.9,49.6,48.9,33.6
2008-10-09,2074.58,4.557,0.04,,26.55,29.54,0.0,0.837,-9.7,21.24,,39.69,-15.49,-65.95,,,1.25,0.833,1,240,46.5,0.89,Neutral,46.5,46.6,46.5,26.0
2008-10-10,2000.57,4.806,0.08,,19.01,62.03,0.0,1.021,-12.78,18.71,,35.89,-18.02,-67.16,,,0.418,25.941,2,239,44.5,0.89,Neutral,44.5,45.3,44.5,24.3
2008-10-13,2073.57,6.679,0.44,,31.79,15.38,0.0,1.082,-4.61,19.95,,41.8,-14.57,-65.96,,,2.532,0.0,3,237,39.4,0.89,Neutral,39.4,38.1,39.4,28.6
2008-10-14,2017.32,6.18,0.35,,26.29,47.08,0.0,1.303,-6.51,14.83,,38.83,-16.39,-66.89,,,0.823,1.235,4,243,39.6,0.89,Neutral,39.6,38.9,39.6,28.1
2008-10-15,1994.67,6.742,0.45,,30.05,42.44,0.0,0.778,-4.66,23.4,,37.67,-16.88,-67.26,,,0.83,2.075,5,241,39.8,0.89,Neutral,39.8,39.2,39.8,22.0
2008-10-16,1909.94,6.929,0.49,,26.36,76.95,0.0,0.975,-7.94,19.34,,33.62,-19.97,-68.65,,,0.408,17.551,6,245,38.0,0.89,Neutral,38.0,37.8,38.0,21.4
2008-10-17,1930.65,9.051,0.9,,41.03,11.93,0.0,0.746,-3.5,28.29,,35.45,-18.67,-68.31,,,2.041,1.224,1,245,33.4,0.89,Neutral,33.4,32.5,33.4,21.0
2008-10-20,1974.01,8.115,0.72,,44.7,1.65,0.0,0.864,-4.8,21.74,,39.22,-16.37,-67.6,,,4.898,0.408,1,245,35.1,0.89,Neutral,35.1,33.8,35.1,27.2
2008-10-21,1958.53,6.991,0.5,,50.89,2.47,0.0,1.053,-2.91,29.07,,38.36,-16.5,-67.85,,,2.449,0.0,2,245,40.8,0.89,Neutral,40.8,39.7,40.8,33.1
2008-10-22,1895.82,7.054,0.51,,48.69,8.71,0.0,0.944,-4.96,19.98,,35.0,-18.62,-68.88,,,0.823,1.646,1,243,37.6,0.89,Neutral,37.6,37.3,37.6,29.2
2008-10-23,1875.56,7.803,0.66,,60.8,4.56,0.0,0.939,-1.8,34.84,,33.97,-18.93,-69.21,,,2.469,0.823,1,243,39.3,0.89,Neutral,39.3,38.6,39.3,31.8
2008-10-24,1839.62,7.553,0.61,,50.04,15.7,0.0,0.912,-4.71,21.51,,32.15,-19.87,-69.8,,,0.82,0.82,2,244,37.0,0.89,Neutral,37.0,36.2,37.0,27.4
2008-10-27,1723.35,8.365,0.76,,31.43,73.22,0.0,1.005,-12.7,18.93,,27.11,-24.3,-71.45,,,0.415,41.909,1,241,32.4,0.89,Neutral,32.4,32.6,32.4,19.7
2008-10-28,1771.82,11.61,1.38,,40.37,7.95,0.0,1.195,-9.53,16.32,,31.91,-21.53,-70.25,,,3.32,0.415,1,241,23.8,0.89,Pessimistic,23.8,21.9,23.8,22.1
2008-10-29,1719.81,10.924,1.25,,38.97,53.11,0.0,1.043,-9.28,18.41,,29.65,-23.19,-71.12,,,0.412,6.584,1,243,24.9,0.89,Pessimistic,24.9,24.2,24.9,20.2
2008-10-30,1763.61,12.235,1.5,,40.5,16.32,0.0,1.073,-5.97,18.0,,33.89,-20.6,-70.38,,,0.83,0.415,1,241,22.4,0.89,Pessimistic,22.4,20.7,22.4,21.0
2008-10-31,1728.79,11.673,1.39,,40.25,38.43,0.0,0.804,-6.02,21.69,,32.23,-21.55,-70.97,,,1.639,1.639,2,244,24.7,0.89,Pessimistic,24.7,23.1,24.7,17.3
2008-11-03,1719.77,12.859,1.62,,45.98,42.26,0.0,0.718,-0.21,40.77,,31.79,-21.31,-71.12,,,0.83,0.83,3,241,26.7,0.89,Pessimistic,26.7,25.1,26.7,16.8
2008-11-04,1706.7,13.296,1.7,,34.45,49.17,0.0,0.79,-3.68,27.25,,31.14,-21.29,-71.34,,,0.82,2.049,1,244,21.8,0.89,Pessimistic,21.8,20.4,21.8,13.3
2008-11-05,1760.61,14.107,1.85,,50.58,0.41,0.0,1.213,2.37,59.33,,36.91,-18.22,-70.43,,,4.918,0.41,2,244,28.9,0.89,Pessimistic,28.9,26.9,28.9,25.5
2008-11-06,1717.72,12.609,1.56,,40.21,11.3,0.0,0.913,-2.6,31.17,,34.44,-19.59,-71.15,,,0.415,1.245,1,241,24.4,0.89,Pessimistic,24.4,23.1,24.4,18.8
2008-11-07,1747.71,13.358,1.7,,52.81,4.17,0.0,0.934,1.09,48.34,,37.59,-17.55,-70.65,,,2.479,0.826,1,242,27.1,0.89,Pessimistic,27.1,25.5,27.1,24.3
2008-11-10,1874.8,12.297,1.49,,66.59,0.0,0.0,1.816,9.01,92.0,,48.82,-11.05,-68.52,,,25.0,0.41,2,244,40.6,0.89,Neutral,40.6,38.8,40.6,40.7
2008-11-11,1843.61,8.489,0.76,,66.53,0.41,0.0,1.783,8.02,91.51,,46.6,-12.09,-68.83,,,3.292,0.412,3,243,50.7,0.89,Neutral,50.7,50.4,50.7,43.9
2008-11-12,1859.11,8.677,0.8,,65.29,0.83,0.0,1.274,5.59,76.56,,47.87,-10.93,-67.82,,,3.292,0.823,3,243,46.1,0.89,Neutral,46.1,45.5,46.1,41.3
2008-11-13,1927.61,8.115,0.69,,80.57,0.0,0.0,2.32,12.22,92.0,,53.16,-7.26,-65.79,,,12.245,0.408,2,245,51.6,0.89,Neutral,51.6,50.8,51.6,52.7
2008-11-14,1986.44,6.804,0.44,,83.29,0.0,0.0,2.438,13.66,92.0,,57.18,-4.09,-64.54,,,11.667,0.417,2,240,55.3,0.89,Neutral,55.3,54.8,55.3,57.7
2008-11-17,2030.48,5.181,0.13,,82.87,0.0,0.0,2.481,8.3,92.0,,59.95,-1.63,-63.75,,,13.333,0.417,3,240,60.6,0.89,Optimistic,60.6,60.4,60.6,61.8
2008-11-18,1902.43,3.558,-0.18,,78.29,0.0,0.0,2.753,3.19,76.8,,49.85,-7.52,-65.4,,,1.674,50.209,4,239,63.2,0.89,Optimistic,63.2,64.9,63.2,58.9
2008-11-19,2017.47,6.429,0.37,,80.01,0.0,0.0,2.197,8.52,92.0,,56.88,-1.67,-63.3,,,23.75,0.417,5,240,56.6,0.89,Neutral,56.6,55.7,56.6,58.1
2008-11-20,1983.76,3.87,-0.12,,69.29,0.0,0.0,2.175,2.91,74.47,,54.47,-2.89,-63.92,,,4.603,0.837,6,239,61.2,0.89,Optimistic,61.2,61.3,61.2,58.2
2008-11-21,1969.39,3.745,-0.15,,54.82,0.42,0.0,2.081,-0.86,42.79,,53.43,-3.22,-64.18,,,0.418,0.837,3,239,53.4,0.89,Neutral,53.4,53.8,53.4,53.8
2008-11-24,1897.06,4.432,-0.01,,37.74,0.42,0.0,1.359,-6.57,14.06,,48.42,-6.39,-65.49,,,0.0,7.531,1,239,42.6,0.89,Neutral,42.6,43.6,42.6,40.7
2008-11-25,1888.71,6.18,0.32,,44.1,0.42,0.0,1.107,-0.72,40.68,,47.87,-6.4,-65.65,,,0.418,1.255,1,239,43.9,0.89,Neutral,43.9,44.0,43.9,38.5
2008-11-26,1897.88,6.429,0.37,,35.14,0.84,0.0,1.027,-5.93,18.63,,48.57,-5.59,-65.48,,,2.075,0.83,1,241,37.8,0.89,Neutral,37.8,37.1,37.8,34.5
2008-11-27,1917.86,5.996,0.29,,41.1,0.0,0.0,1.917,-3.32,22.1,,50.14,-4.26,-65.12,,,1.667,0.0,1,240,40.1,0.89,Neutral,40.1,39.4,40.1,43.7
2008-11-28,1871.16,5.497,0.19,,41.58,0.84,0.0,1.192,-4.99,16.42,,46.56,-6.22,-65.97,,,3.333,1.25,2,240,40.9,0.89,Neutral,40.9,40.1,40.9,38.9
2008-12-01,1894.62,5.746,0.24,,58.25,0.41,0.0,1.243,-0.13,44.87,,48.55,-4.64,-65.54,,,10.331,0.0,2,242,47.7,0.89,Neutral,47.7,46.4,47.7,45.9
2008-12-02,1889.64,4.622,0.02,,65.28,0.41,0.0,1.568,0.05,48.55,,48.14,-4.54,-65.63,,,2.058,0.0,2,243,51.8,0.89,Neutral,51.8,51.6,51.8,51.7
2008-12-03,1965.41,4.06,-0.09,,74.41,0.0,0.0,1.995,3.56,79.89,,54.43,-0.43,-64.25,,,8.017,0.0,3,237,61.4,0.89,Optimistic,61.4,61.1,61.4,59.8
2008-12-04,2001.5,3.123,-0.27,,67.61,0.0,0.0,2.539,4.36,86.63,,57.1,1.63,-63.6,,,2.092,0.0,4,239,67.8,0.89,Optimistic,67.8,68.5,67.8,63.0
2008-12-05,2018.66,3.246,-0.24,,79.21,0.0,0.0,1.656,7.88,87.78,,58.35,2.73,-63.28,,,4.959,0.0,2,242,67.2,0.89,Optimistic,67.2,67.7,67.2,63.9
2008-12-08,2090.77,2.747,-0.34,,80.21,0.0,0.0,2.262,10.35,92.0,,63.21,6.5,-61.97,,,9.877,0.0,3,243,71.0,0.89,Optimistic,71.0,71.3,71.0,70.1
2008-12-09,2037.74,2.185,-0.45,,69.96,0.0,0.0,1.937,7.84,92.0,,57.87,3.89,-62.94,,,2.449,2.041,3,245,73.9,0.89,Optimistic,73.9,75.7,73.9,66.0
2008-12-10,2079.12,2.622,-0.36,,68.41,0.0,0.0,1.669,5.79,88.15,,60.66,6.06,-62.18,,,7.755,0.0,4,245,71.0,0.89,Optimistic,71.0,71.3,71.0,65.1
2008-12-11,2031.68,2.185,-0.45,,63.33,0.0,0.41,1.551,1.51,59.1,,56.07,3.75,-63.05,,,1.639,2.869,5,244,65.8,0.89,Optimistic,65.8,67.1,65.8,62.3
2008-12-12,1954.21,2.622,-0.36,,47.55,0.0,0.0,1.355,-3.19,25.84,,49.49,-0.1,-64.46,,,1.66,6.224,6,241,55.4,0.89,Neutral,55.4,56.1,55.4,51.3
2008-12-15,1964.37,3.558,-0.18,,42.67,0.0,0.0,1.006,-6.05,18.92,,50.31,0.52,-64.27,,,2.479,0.413,7,242,48.7,0.89,Neutral,48.7,47.9,48.7,44.6
2008-12-16,1975.01,3.184,-0.25,,54.0,0.41,0.0,0.957,-3.08,28.75,,51.21,1.07,-64.08,,,4.098,0.41,3,244,53.3,0.89,Neutral,53.3,53.0,53.3,49.4
2008-12-17,1976.82,3.059,-0.28,,49.27,0.0,0.0,1.18,-4.92,16.98,,51.37,1.12,-64.04,,,2.041,0.0,4,245,51.1,0.89,Neutral,51.1,50.6,51.1,50.6
2008-12-18,2015.69,2.934,-0.3,,64.02,0.0,0.0,1.107,-0.79,40.33,,54.82,3.01,-63.34,,,4.098,0.0,5,244,57.7,0.89,Neutral,57.7,57.3,57.7,56.8
2008-12-19,2018.46,2.497,-0.39,,74.69,0.0,0.41,1.221,3.29,64.88,,55.06,3.2,-63.29,,,3.265,0.0,1,245,65.7,0.89,Optimistic,65.7,66.6,65.7,61.5
2008-12-22,1987.76,2.434,-0.4,,70.47,0.0,0.83,1.028,1.19,50.01,,51.72,1.84,-63.85,,,2.893,0.0,2,242,63.0,0.89,Optimistic,63.0,63.5,63.0,57.4
2008-12-23,1897.22,2.497,-0.38,,55.38,0.81,0.0,1.185,-3.94,22.56,,43.37,-2.54,-65.49,,,0.405,17.814,2,247,55.3,0.89,Neutral,55.3,56.8,55.3,50.5
2008-12-24,1863.8,3.62,-0.17,,45.22,0.81,0.0,0.892,-5.72,20.49,,40.75,-3.97,-66.1,,,1.21,2.823,1,248,48.5,0.89,Neutral,48.5,49.1,48.5,39.6
2008-12-25,1852.42,4.057,-0.08,,36.14,0.41,0.0,0.771,-8.1,22.14,,39.87,-4.19,-66.31,,,2.49,0.83,1,241,47.0,0.89,Neutral,47.0,46.9,47.0,33.2
2008-12-26,1851.52,4.432,-0.01,,31.42,0.0,0.0,0.641,-8.27,23.94,,39.79,-3.87,-66.32,,,0.826,0.826,1,242,45.9,0.89,Neutral,45.9,46.0,45.9,29.3
2008-12-29,1850.48,4.494,0.0,,28.51,0.42,0.0,0.666,-6.91,23.6,,39.7,-3.65,-66.34,,,1.25,0.833,1,240,45.7,0.89,Neutral,45.7,45.7,45.7,28.7
2008-12-30,1832.91,4.869,0.07,,34.23,0.82,0.0,0.684,-3.39,29.12,,38.12,-4.3,-66.66,,,0.816,0.408,1,245,45.9,0.89,Neutral,45.9,46.0,45.9,29.5
2008-12-31,1820.81,5.243,0.15,,35.56,0.41,0.0,0.61,-2.31,33.16,,37.02,-4.71,-66.88,,,0.407,1.626,1,246,45.5,0.89,Neutral,45.5,45.8,45.5,28.0
2009-01-05,1880.72,4.619,0.03,,45.87,0.0,0.0,0.813,1.53,48.62,,45.39,-1.4,-65.79,,,4.472,0.407,2,246,51.5,0.89,Neutral,51.5,51.2,51.5,39.0
2009-01-06,1937.14,3.558,-0.18,,57.3,0.0,0.0,1.195,4.62,72.04,,51.88,1.61,-64.77,,,5.622,0.0,1,249,61.6,0.89,Optimistic,61.6,61.8,61.6,52.4
2009-01-07,1924.01,2.559,-0.37,,59.51,0.0,0.0,1.104,3.97,66.01,,50.38,1.05,-65.0,,,0.803,0.0,1,249,65.8,0.89,Optimistic,65.8,67.1,65.8,54.4
2009-01-08,1878.18,2.622,-0.36,,57.08,0.0,0.4,0.954,2.47,55.12,,45.44,-1.23,-65.84,,,1.205,0.402,1,249,63.2,0.89,Optimistic,63.2,64.3,63.2,49.3
2009-01-09,1904.86,3.059,-0.28,,70.59,0.0,0.4,0.843,4.62,62.25,,48.6,0.25,-65.35,,,2.41,0.0,1,249,62.2,0.89,Optimistic,62.2,62.9,62.2,51.8
2009-01-12,1900.35,2.622,-0.36,,65.57,0.0,0.4,0.984,1.04,48.72,,48.09,0.02,-65.44,,,1.6,0.0,2,250,61.8,0.89,Optimistic,61.8,62.3,61.8,53.4
2009-01-13,1863.37,2.122,-0.46,,48.6,0.4,0.0,0.863,-3.81,26.08,,44.04,-1.87,-66.11,,,0.0,1.195,1,251,58.6,0.89,Neutral,58.6,60.1,58.6,45.8
2009-01-14,1928.87,2.434,-0.4,,58.16,0.0,0.0,1.021,0.25,45.18,,51.79,1.62,-64.92,,,6.024,0.0,1,249,62.0,0.89,Optimistic,62.0,62.2,62.0,53.8
2009-01-15,1920.21,1.935,-0.49,,65.74,0.0,0.0,1.336,2.24,60.68,,50.79,1.2,-65.07,,,2.041,0.0,2,245,68.9,0.89,Optimistic,68.9,69.9,68.9,59.6
2009-01-16,1954.44,1.748,-0.53,,57.94,0.0,0.0,1.513,2.6,66.4,,54.53,2.95,-64.45,,,2.811,0.0,1,249,71.3,0.89,Optimistic,71.3,72.6,71.3,61.0
2009-01-19,1986.67,1.748,-0.53,,52.58,0.0,0.0,1.225,4.54,72.41,,57.79,4.55,-63.86,,,1.6,0.0,1,250,72.3,0.89,Optimistic,72.3,73.9,72.3,58.6
2009-01-20,1994.11,1.748,-0.53,,63.34,0.0,0.0,0.826,7.02,63.38,,58.53,4.8,-63.73,,,0.806,0.0,2,248,70.1,0.89,Optimistic,70.1,71.4,70.1,57.8
2009-01-21,1985.02,1.685,-0.54,,52.14,0.0,0.0,0.961,2.91,57.37,,57.21,4.08,-63.9,,,0.8,0.4,1,250,68.8,0.89,Optimistic,68.8,70.5,68.8,55.6
2009-01-22,2004.95,1.685,-0.54,,56.37,0.0,0.0,0.966,4.41,64.68,,59.37,4.91,-63.53,,,2.811,0.0,1,249,70.9,0.89,Optimistic,70.9,72.2,70.9,58.0
2009-01-23,1990.66,1.561,-0.56,,52.19,0.4,0.0,0.936,1.85,51.91,,57.14,3.92,-63.43,,,1.587,0.794,2,252,68.8,0.89,Optimistic,68.8,70.2,68.8,55.7
2009-02-02,2011.68,1.561,-0.56,,61.73,0.4,0.0,0.917,1.26,48.88,,59.55,4.79,-61.98,,,5.159,0.0,3,252,68.6,0.89,Optimistic,68.6,69.1,68.6,59.6
2009-02-03,2060.81,1.498,-0.58,,67.71,0.0,0.4,1.446,3.34,70.22,,64.55,7.04,-60.22,,,3.984,0.0,4,251,74.0,0.89,Optimistic,74.0,74.9,74.0,68.5
2009-02-04,2107.75,1.124,-0.65,,76.58,0.0,0.4,1.606,6.18,86.29,,68.55,9.11,-59.31,,,4.418,0.0,2,249,80.6,0.89,Greed,80.6,82.1,80.6,74.4
2009-02-05,2098.02,0.874,-0.7,,65.32,0.0,0.0,1.714,4.64,86.6,,66.87,8.24,-57.31,,,0.8,0.4,1,250,81.9,0.89,Greed,81.9,84.5,81.9,72.3
2009-02-06,2181.24,0.999,-0.67,,78.89,0.0,0.4,1.632,9.57,87.07,,72.98,12.13,-54.19,,,8.73,0.0,1,252,81.4,0.89,Greed,81.4,82.9,81.4,77.7
2009-02-09,2224.71,0.811,-0.71,,79.75,0.0,0.4,1.919,10.59,92.0,,75.52,13.87,-53.28,,,9.237,0.0,2,249,84.3,0.89,Greed,84.3,85.7,84.3,80.6
2009-02-10,2265.16,0.624,-0.74,,77.52,0.0,0.8,1.681,9.92,88.5,,77.63,15.43,-52.43,,,7.171,0.0,3,251,84.7,0.89,Greed,84.7,86.2,84.7,80.6
2009-02-11,2260.82,0.562,-0.76,,69.04,0.0,1.21,1.998,7.26,92.0,,76.87,14.83,-52.52,,,1.21,0.0,4,248,85.6,0.89,Greed,85.6,87.8,85.6,79.8
2009-02-12,2248.09,0.499,-0.77,,76.27,0.0,0.41,1.63,7.15,87.0,,74.55,13.8,-51.88,,,5.285,0.0,5,246,85.6,0.89,Greed,85.6,87.1,85.6,79.6
2009-02-13,2320.79,0.562,-0.75,,75.87,0.0,1.61,1.847,6.4,92.0,,78.53,17.02,-50.33,,,7.258,0.0,6,248,86.2,0.89,Greed,86.2,87.5,86.2,81.8
2009-02-16,2389.39,0.312,-0.8,,70.57,0.0,1.2,1.916,7.4,92.0,,81.48,20.01,-48.86,,,5.221,0.0,3,249,86.0,0.89,Greed,86.0,87.7,86.0,82.3
2009-02-17,2319.44,0.25,-0.81,,56.88,0.0,0.4,1.771,2.4,69.6,,70.81,16.18,-50.36,,,1.606,4.418,2,249,79.9,0.89,Optimistic,79.9,82.6,79.9,74.9
2009-02-18,2209.86,0.312,-0.8,,50.26,0.0,0.0,1.438,-2.25,31.76,,57.99,10.52,-52.7,,,0.803,5.221,1,249,71.5,0.89,Optimistic,71.5,74.1,71.5,66.5
2009-02-19,2227.12,0.624,-0.74,,54.71,0.0,0.0,1.145,-0.93,39.68,,59.24,11.09,-52.33,,,2.8,0.0,2,250,73.6,0.89,Optimistic,73.6,74.9,73.6,65.9
2009-02-20,2261.48,0.499,-0.76,,54.0,0.0,0.8,1.141,-2.56,30.65,,61.69,12.57,-51.52,,,5.6,0.0,2,250,72.5,0.89,Optimistic,72.5,73.3,72.5,67.1
2009-02-23,2305.78,0.375,-0.79,,59.94,0.0,1.21,1.419,-3.5,23.38,,64.63,14.47,-50.57,,,5.242,0.0,2,248,70.4,0.89,Optimistic,70.4,71.1,70.4,72.4
2009-02-24,2200.65,0.375,-0.79,,60.15,0.0,0.8,1.62,-5.12,10.47,,54.01,9.04,-52.82,,,0.398,7.171,2,251,66.8,0.89,Optimistic,66.8,68.9,66.8,69.2
2009-02-25,2206.57,0.499,-0.76,,68.27,0.0,0.4,1.332,-0.15,45.39,,54.47,9.06,-52.69,,,2.008,0.0,1,249,76.3,0.89,Optimistic,76.3,78.1,76.3,69.8
2009-02-26,2121.25,0.499,-0.76,,52.83,0.0,0.0,1.286,-4.75,16.58,,47.23,4.64,-54.52,,,0.0,23.6,1,250,68.3,0.89,Optimistic,68.3,71.3,68.3,61.3
2009-02-27,2082.85,0.687,-0.72,,35.63,0.0,0.0,1.052,-7.9,18.29,,44.38,2.59,-55.34,,,0.0,28.4,1,250,67.4,0.89,Optimistic,67.4,70.4,67.4,51.0
2009-03-02,2093.45,1.061,-0.65,,33.0,0.0,0.0,0.742,-9.21,22.54,,45.36,2.96,-54.16,,,5.179,0.0,1,251,67.3,0.89,Optimistic,67.3,68.1,67.3,45.0
2009-03-03,2071.43,0.936,-0.67,,40.49,0.0,0.4,0.834,-5.87,21.28,,43.64,1.71,-54.24,,,3.586,0.0,2,251,68.3,0.89,Optimistic,68.3,69.1,68.3,48.4
2009-03-04,2198.11,0.936,-0.67,,50.13,0.0,0.8,1.317,-0.38,43.8,,54.38,7.67,-50.47,,,11.6,0.0,3,250,73.4,0.89,Optimistic,73.4,73.8,73.4,62.3
2009-03-05,2221.08,0.624,-0.73,,61.94,0.0,0.8,1.536,4.71,82.1,,56.02,8.5,-49.96,,,2.41,0.0,2,249,84.4,0.89,Greed,84.4,86.5,84.4,69.5
2009-03-06,2193.01,0.562,-0.75,,66.98,0.0,0.0,1.031,5.29,69.42,,53.49,6.93,-50.59,,,2.429,0.405,1,247,81.7,0.89,Greed,81.7,84.0,81.7,65.8
2009-03-09,2118.75,0.562,-0.75,,51.65,0.0,0.41,1.037,1.21,50.21,,47.4,3.21,-52.26,,,0.41,5.328,1,244,76.6,0.89,Optimistic,76.6,79.6,76.6,58.0
2009-03-10,2158.57,0.749,-0.71,,59.51,0.0,0.4,0.705,4.21,56.92,,50.64,5.03,-51.36,,,2.834,0.0,1,247,77.6,0.89,Optimistic,77.6,79.4,77.6,57.0
2009-03-11,2139.03,0.749,-0.71,,46.5,0.0,0.4,0.875,-2.69,30.92,,49.05,4.04,-51.8,,,1.205,0.0,2,249,71.4,0.89,Optimistic,71.4,72.7,71.4,54.3
2009-03-12,2133.88,0.687,-0.72,,43.28,0.0,0.0,0.743,-3.93,26.66,,48.61,3.71,-51.92,,,0.81,0.0,1,247,70.6,0.89,Optimistic,70.6,72.1,70.6,51.1
2009-03-13,2128.85,0.749,-0.71,,42.61,0.0,0.0,0.717,-2.93,30.63,,48.16,3.42,-51.18,,,1.21,0.0,2,248,71.4,0.89,Optimistic,71.4,72.7,71.4,50.0
2009-03-16,2153.29,0.749,-0.71,,56.13,0.0,0.4,0.634,1.63,46.39,,50.56,4.51,-50.62,,,2.823,0.0,2,248,75.2,0.89,Optimistic,75.2,76.6,75.2,54.7
2009-03-17,2218.33,0.687,-0.72,,57.59,0.0,0.4,1.138,2.77,60.18,,56.34,7.43,-49.13,,,2.0,0.0,1,250,78.2,0.89,Optimistic,78.2,80.1,78.2,64.8
2009-03-18,2223.72,0.499,-0.75,,64.31,0.0,0.0,1.275,3.96,70.19,,56.79,7.47,-48.29,,,0.806,0.0,1,248,82.0,0.89,Greed,82.0,84.4,82.0,68.7
2009-03-19,2265.76,0.499,-0.75,,73.8,0.0,0.0,1.253,6.18,75.92,,60.23,9.24,-45.61,,,1.205,0.0,1,249,83.1,0.89,Greed,83.1,85.5,83.1,72.6
2009-03-20,2281.09,0.499,-0.75,,74.04,0.0,0.4,1.281,7.15,76.75,,61.44,9.71,-45.24,,,1.613,0.403,1,248,83.0,0.89,Greed,83.0,85.6,83.0,73.3
2009-03-23,2325.48,0.499,-0.75,,75.64,0.0,0.0,1.352,8.0,78.83,,64.78,11.57,-42.86,,,3.239,0.0,2,247,83.8,0.89,Greed,83.8,85.7,83.8,75.9
2009-03-24,2338.42,0.499,-0.75,,68.35,0.0,0.4,1.361,5.41,79.11,,65.71,11.91,-41.12,,,1.619,0.0,1,247,83.4,0.89,Greed,83.4,85.7,83.4,74.7
2009-03-25,2291.55,0.499,-0.75,,58.67,0.0,0.81,1.201,3.05,63.07,,59.57,9.4,-42.17,,,0.806,0.403,1,248,79.7,0.89,Optimistic,79.7,82.2,79.7,68.4
2009-03-26,2361.7,0.499,-0.75,,58.25,0.0,0.81,1.305,4.23,72.66,,64.86,12.33,-38.18,,,2.846,0.0,1,246,82.0,0.89,Greed,82.0,84.1,82.0,71.8
2009-03-27,2374.44,0.499,-0.75,,61.96,0.0,1.22,1.522,4.09,77.31,,65.74,12.48,-37.58,,,1.626,0.0,2,246,83.1,0.89,Greed,83.1,85.2,83.1,74.9
2009-03-30,2358.04,0.437,-0.76,,56.51,0.0,0.82,1.125,1.4,52.41,,63.54,11.26,-38.01,,,2.049,0.0,3,244,77.4,0.89,Optimistic,77.4,78.9,77.4,69.2
2009-03-31,2373.21,0.499,-0.75,,55.11,0.0,1.23,1.136,1.49,53.05,,64.72,11.52,-37.61,,,3.279,0.41,4,244,77.4,0.89,Optimistic,77.4,78.9,77.4,69.3
2009-04-01,2408.02,0.499,-0.75,,66.72,0.0,0.4,1.415,5.08,80.68,,67.32,12.66,-36.57,,,2.419,0.0,5,248,84.2,0.89,Greed,84.2,86.0,84.2,75.9
2009-04-02,2425.29,0.499,-0.75,,57.74,0.0,1.62,1.458,2.69,65.97,,68.56,12.95,-35.51,,,2.429,0.0,2,247,80.1,0.89,Greed,80.1,81.9,80.1,74.2
2009-04-03,2419.78,0.499,-0.75,,54.35,0.0,2.02,1.296,1.91,57.95,,67.68,12.17,-35.66,,,2.419,0.0,2,248,78.2,0.89,Optimistic,78.2,79.9,78.2,71.4
2009-04-07,2439.18,0.562,-0.73,,57.26,0.0,3.61,0.931,3.44,59.22,,69.19,12.59,-35.15,,,1.606,0.0,3,249,77.9,0.89,Optimistic,77.9,79.5,77.9,69.1
2009-04-08,2347.39,0.562,-0.73,,49.19,0.0,0.81,1.093,-1.09,38.65,,55.92,8.01,-37.59,,,2.429,2.429,4,247,73.8,0.89,Optimistic,73.8,75.6,73.8,63.4
2009-04-09,2379.88,0.624,-0.72,,49.69,0.0,2.01,0.838,-1.17,37.52,,58.92,9.12,-36.72,,,4.016,0.0,2,249,73.3,0.89,Optimistic,73.3,74.3,73.3,61.2
2009-04-10,2444.23,0.624,-0.72,,59.63,0.0,3.35,1.162,0.78,49.43,,64.13,11.59,-35.01,,,3.347,0.837,2,239,75.3,0.89,Optimistic,75.3,76.9,75.3,70.8
2009-04-13,2513.7,0.624,-0.72,,67.95,0.0,4.49,1.399,3.88,72.76,,68.74,14.23,-33.16,,,4.49,0.0,3,245,81.1,0.89,Greed,81.1,82.6,81.1,76.9
2009-04-14,2527.18,0.499,-0.74,,68.57,0.0,4.84,1.19,3.61,66.05,,69.56,14.3,-32.81,,,4.435,0.0,2,248,80.3,0.89,Greed,80.3,81.8,80.3,76.2
2009-04-15,2536.06,0.499,-0.74,,77.42,0.0,5.0,1.292,8.04,77.08,,70.11,14.13,-32.57,,,3.75,0.0,2,240,82.9,0.89,Greed,82.9,84.7,82.9,79.1
2009-04-16,2534.13,0.375,-0.77,,70.57,0.0,2.9,1.312,6.48,77.65,,69.82,13.52,-32.62,,,2.49,0.0,2,241,82.9,0.89,Greed,82.9,84.9,82.9,77.5
2009-04-17,2503.93,0.375,-0.77,,57.14,0.41,1.23,1.126,2.44,58.15,,65.16,11.68,-33.42,,,1.23,1.639,1,244,77.7,0.89,Optimistic,77.7,80.2,77.7,70.6
2009-04-20,2557.46,0.375,-0.77,,60.36,0.0,2.92,1.025,1.74,52.75,,69.09,13.56,-32.0,,,7.917,0.417,2,240,77.2,0.89,Optimistic,77.2,78.4,77.2,72.2
2009-04-21,2535.83,0.312,-0.78,,53.25,0.41,2.03,1.139,0.34,46.73,,65.86,12.15,-32.58,,,1.626,1.626,2,246,75.1,0.89,Optimistic,75.1,77.1,75.1,69.9
2009-04-22,2461.35,0.25,-0.79,,42.82,0.41,0.41,1.333,-2.95,27.54,,56.1,8.48,-34.56,,,0.413,7.025,3,242,70.8,0.89,Optimistic,70.8,73.1,70.8,63.8
2009-04-23,2463.95,0.437,-0.75,,44.55,0.0,0.82,0.855,-2.77,30.64,,56.35,8.21,-34.49,,,1.646,0.412,1,243,72.2,0.89,Optimistic,72.2,73.9,72.2,59.4
2009-04-24,2448.59,0.437,-0.75,,44.6,0.0,0.83,0.768,-2.21,33.21,,54.43,7.19,-34.9,,,0.826,1.653,1,242,72.6,0.89,Optimistic,72.6,74.9,72.6,57.2
2009-04-27,2405.35,0.437,-0.75,,28.83,0.83,0.0,0.761,-5.95,22.29,,49.34,4.98,-36.05,,,0.0,8.264,1,242,69.6,0.89,Optimistic,69.6,72.6,69.6,49.4
2009-04-28,2401.44,0.562,-0.73,,34.91,0.41,0.41,0.636,-5.3,24.0,,48.89,4.51,-36.15,,,3.306,0.413,1,242,71.1,0.89,Optimistic,71.1,72.5,71.1,49.2
2009-04-29,2468.19,0.499,-0.74,,50.81,0.0,0.82,0.848,0.28,43.76,,56.17,7.1,-34.37,,,3.265,1.224,1,245,75.5,0.89,Optimistic,75.5,77.5,75.5,61.1
2009-04-30,2477.57,0.499,-0.74,,53.06,0.41,0.41,0.88,0.55,45.26,,57.09,7.22,-34.12,,,2.459,1.23,2,244,75.9,0.89,Optimistic,75.9,77.8,75.9,62.6
2009-05-04,2559.91,0.499,-0.74,,66.79,0.0,2.85,1.031,4.55,67.11,,64.22,10.42,-31.94,,,4.472,0.0,3,246,81.2,0.89,Greed,81.2,82.7,81.2,71.9
2009-05-05,2567.34,0.312,-0.77,,78.84,0.0,2.04,1.067,6.73,70.46,,64.79,10.43,-31.74,,,2.041,0.0,3,245,81.7,0.89,Greed,81.7,83.5,81.7,75.4
2009-05-06,2592.52,0.312,-0.77,,80.53,0.0,4.1,1.082,7.96,70.92,,66.72,11.22,-31.07,,,4.098,0.0,2,244,81.7,0.89,Greed,81.7,83.4,81.7,76.8
2009-05-07,2597.45,0.25,-0.78,,69.37,0.0,2.02,1.229,5.24,75.23,,67.1,11.17,-30.94,,,2.429,0.0,3,247,82.7,0.89,Greed,82.7,84.5,82.7,75.5
2009-05-08,2625.64,0.25,-0.78,,65.48,0.41,3.7,1.093,5.98,71.24,,69.26,12.08,-30.19,,,2.881,0.823,4,243,81.3,0.89,Greed,81.3,83.2,81.3,74.4
2009-05-11,2579.75,0.25,-0.78,,47.53,0.82,0.0,1.21,0.77,49.93,,62.1,9.86,-31.41,,,0.0,3.704,1,243,75.3,0.89,Optimistic,75.3,78.4,75.3,66.9
2009-05-12,2618.17,0.375,-0.76,,51.44,0.0,1.23,0.835,1.98,50.85,,65.33,11.27,-30.39,,,4.098,0.0,1,244,76.7,0.89,Optimistic,76.7,78.3,76.7,65.3
2009-05-13,2663.77,0.312,-0.77,,48.13,0.0,1.65,0.998,2.75,57.32,,68.74,12.98,-29.17,,,2.881,0.0,2,243,78.0,0.89,Optimistic,78.0,79.6,78.0,67.9
2009-05-14,2639.89,0.188,-0.79,,51.74,0.0,0.8,0.86,1.63,49.76,,65.13,11.72,-29.29,,,0.4,0.4,1,250,75.8,0.89,Optimistic,75.8,78.0,75.8,66.1
2009-05-15,2645.26,0.312,-0.77,,54.24,0.43,0.85,0.771,0.75,44.92,,65.57,11.6,-27.67,,,0.427,0.427,1,234,74.5,0.89,Optimistic,74.5,76.7,74.5,65.9
2009-05-18,2652.78,0.25,-0.78,,64.47,0.42,3.35,0.833,2.83,54.42,,66.21,11.59,-27.47,,,1.674,0.0,1,239,77.2,0.89,Optimistic,77.2,79.1,77.2,70.3
2009-05-19,2676.68,0.25,-0.78,,57.11,0.41,3.31,1.033,2.23,55.39,,68.23,12.26,-26.82,,,2.479,0.413,2,242,77.4,0.89,Optimistic,77.4,79.1,77.4,71.5
2009-05-20,2651.41,0.25,-0.78,,50.64,0.84,1.68,0.966,-0.46,41.26,,63.88,10.94,-27.51,,,0.42,0.42,1,238,73.8,0.89,Optimistic,73.8,75.9,73.8,66.9
2009-05-21,2610.62,0.25,-0.78,,44.54,2.03,1.22,0.974,-1.11,38.18,,57.51,8.92,-28.62,,,0.813,0.407,2,246,74.0,0.89,Optimistic,74.0,75.8,74.0,62.4
2009-05-22,2597.6,0.312,-0.77,,43.74,1.25,1.67,0.699,-1.8,34.82,,55.6,8.08,-28.98,,,1.25,0.833,1,240,73.2,0.89,Optimistic,73.2,75.1,73.2,57.3
2009-05-25,2610.01,0.312,-0.76,,40.18,1.22,3.27,0.794,-1.61,35.59,,57.06,8.23,-28.24,,,3.673,0.408,4,245,74.0,0.89,Optimistic,74.0,75.2,74.0,58.0
2009-05-26,2588.57,0.312,-0.76,,39.81,0.0,2.88,0.815,-3.29,28.63,,53.77,6.97,-28.58,,,0.823,0.412,5,243,72.3,0.89,Optimistic,72.3,73.7,72.3,56.9
2009-05-27,2632.93,0.312,-0.76,,42.87,0.81,0.81,0.735,-0.7,39.03,,59.04,8.4,-26.96,,,0.813,1.626,6,246,74.2,0.89,Optimistic,74.2,75.9,74.2,58.9
2009-06-01,2721.28,0.312,-0.76,,55.38,0.41,2.04,1.053,4.24,66.11,,67.08,11.54,-23.22,,,2.857,0.408,7,245,80.6,0.89,Greed,80.6,82.1,80.6,71.4
2009-06-02,2724.3,0.312,-0.76,,55.46,0.0,2.01,1.106,4.88,70.95,,67.32,11.26,-23.13,,,1.606,0.0,8,249,81.9,0.89,Greed,81.9,83.4,81.9,72.0
2009-06-03,2778.59,0.25,-0.77,,59.26,0.4,2.81,1.101,6.46,71.46,,71.3,13.05,-20.28,,,1.606,0.402,9,249,81.5,0.89,Greed,81.5,83.1,81.5,75.2
2009-06-04,2767.24,0.25,-0.77,,55.39,0.4,2.01,1.212,6.9,74.73,,69.4,12.15,-20.32,,,0.803,0.402,1,249,81.5,0.89,Greed,81.5,84.1,81.5,74.1
2009-06-05,2753.89,0.188,-0.79,,54.14,0.81,4.45,1.035,4.59,67.44,,67.12,11.13,-20.39,,,1.619,0.81,1,247,80.0,0.89,Greed,80.0,82.5,80.0,71.1
2009-06-08,2768.34,0.125,-0.8,,47.45,0.4,3.64,0.937,1.73,51.35,,68.33,11.26,-19.97,,,1.215,0.405,10,247,76.8,0.89,Optimistic,76.8,78.1,76.8,67.9
2009-06-09,2787.89,0.188,-0.78,,46.53,0.4,4.84,0.928,2.33,54.01,,69.94,11.56,-19.4,,,2.419,0.806,11,248,77.5,0.89,Optimistic,77.5,78.6,77.5,68.1
2009-06-10,2816.25,0.188,-0.78,,48.8,0.0,6.8,1.013,1.36,50.63,,72.16,12.19,-18.58,,,2.4,0.0,12,250,76.8,0.89,Optimistic,76.8,77.6,76.8,70.7
2009-06-11,2797.32,0.125,-0.8,,49.33,0.0,5.2,0.929,1.09,48.24,,68.53,10.94,-19.13,,,0.8,0.4,13,250,76.1,0.89,Optimistic,76.1,77.2,76.1,68.6
2009-06-12,2743.76,0.188,-0.78,,44.63,1.21,1.21,0.879,-0.37,41.18,,59.43,8.39,-20.68,,,0.405,0.405,14,247,75.3,0.89,Optimistic,75.3,76.4,75.3,62.9
2009-06-15,2789.55,0.25,-0.77,,51.01,0.4,7.97,0.727,0.77,44.51,,63.85,9.79,-18.82,,,1.992,0.0,15,251,76.1,0.89,Optimistic,76.1,76.8,76.1,64.7
2009-06-16,2776.02,0.188,-0.78,,47.97,0.4,4.4,0.709,-0.43,39.91,,61.71,8.86,-17.62,,,0.8,0.4,16,250,74.9,0.89,Optimistic,74.9,75.8,74.9,62.7
2009-06-17,2810.12,0.188,-0.78,,49.52,0.0,4.37,0.764,-0.22,41.05,,64.9,9.81,-16.16,,,1.19,0.0,17,252,75.1,0.89,Optimistic,75.1,75.7,75.1,65.4
2009-06-18,2853.9,0.188,-0.78,,53.13,0.0,6.05,0.961,2.02,53.12,,68.53,11.1,-14.29,,,1.21,0.0,18,248,77.7,0.89,Optimistic,77.7,78.5,77.7,71.1
2009-06-19,2880.49,0.125,-0.79,,60.21,0.0,4.51,1.061,4.98,70.2,,70.52,11.74,-6.24,,,1.639,0.0,19,244,81.9,0.89,Greed,81.9,82.9,81.9,76.8
2009-06-22,2896.3,0.125,-0.79,,49.82,0.0,1.61,1.02,3.83,63.18,,71.67,11.95,-4.23,,,0.803,1.606,1,249,78.4,0.89,Optimistic,78.4,81.0,78.4,73.5
2009-06-23,2892.7,0.125,-0.79,,50.51,0.0,1.99,1.004,4.2,64.66,,70.99,11.38,-2.19,,,0.398,0.398,1,251,79.0,0.89,Optimistic,79.0,81.5,79.0,73.6
2009-06-24,2922.3,0.125,-0.79,,50.1,0.0,4.78,0.977,3.99,62.94,,73.23,12.11,-0.64,,,1.594,0.0,20,251,80.0,0.89,Greed,80.0,80.8,80.0,74.1
2009-06-25,2925.05,0.125,-0.79,,47.27,0.0,6.45,0.833,2.49,52.99,,73.44,11.82,-0.55,,,2.016,0.0,21,248,77.6,0.89,Optimistic,77.6,78.2,77.6,71.1
2009-06-26,2928.21,0.125,-0.79,,47.31,0.0,7.76,0.769,1.66,48.5,,73.69,11.54,-0.44,,,1.633,0.0,22,245,76.4,0.89,Optimistic,76.4,77.0,76.4,70.1
2009-06-29,2975.31,0.062,-0.8,,54.31,0.0,8.61,0.906,2.73,55.41,,77.14,12.9,0.0,,,1.639,0.41,23,244,77.9,0.89,Optimistic,77.9,78.7,77.9,75.7
2009-06-30,2959.36,0.062,-0.8,,51.73,0.0,4.42,0.888,2.3,53.17,,73.62,11.91,-0.54,,,1.606,0.803,24,249,77.3,0.89,Optimistic,77.3,78.2,77.3,73.5
2009-07-01,3008.15,0.188,-0.77,,49.76,0.0,9.13,0.982,2.94,57.92,,77.07,13.34,0.0,,,2.381,0.0,25,252,78.8,0.89,Optimistic,78.8,79.4,78.8,75.2
2009-07-02,3060.25,0.062,-0.8,,54.68,0.0,8.37,1.157,4.62,70.99,,80.07,14.84,0.0,,,1.594,0.0,26,251,81.9,0.89,Greed,81.9,82.7,81.9,79.7
2009-07-03,3088.37,0.062,-0.8,,55.32,0.0,13.15,1.141,5.47,72.63,,81.47,15.42,0.0,,,2.789,0.0,27,251,82.4,0.89,Greed,82.4,83.1,82.4,80.1
2009-07-06,3124.67,0.062,-0.8,,51.94,0.0,9.56,1.305,5.02,77.46,,83.13,16.22,0.0,,,1.594,0.0,28,251,83.3,0.89,Greed,83.3,84.3,83.3,80.5
2009-07-07,3089.45,0.062,-0.8,,58.99,0.0,8.76,1.268,4.4,72.68,,76.03,14.4,-1.13,,,1.195,0.0,29,251,82.3,0.89,Greed,82.3,83.2,82.3,80.9
2009-07-08,3080.77,0.062,-0.8,,59.68,0.0,12.35,1.094,2.41,57.42,,74.34,13.64,-1.4,,,1.594,0.0,30,251,78.7,0.89,Optimistic,78.7,79.3,78.7,79.2
2009-07-09,3123.03,0.062,-0.8,,63.81,0.0,15.2,1.178,2.05,56.86,,77.02,14.77,-0.05,,,3.2,0.0,2,250,77.5,0.89,Optimistic,77.5,79.0,77.5,82.2
2009-07-10,3113.93,0.062,-0.8,,62.62,0.0,9.56,1.138,0.83,49.41,,75.2,14.02,-0.34,,,1.19,0.794,2,251,75.2,0.89,Optimistic,75.2,77.1,75.2,81.0
2009-07-13,3080.56,0.062,-0.8,,65.49,0.0,12.4,1.106,-1.41,36.94,,68.79,12.43,-1.41,,,1.594,0.398,1,251,72.2,0.89,Optimistic,72.2,74.0,72.2,79.5
2009-07-14,3145.16,0.062,-0.79,,70.83,0.0,20.4,1.145,1.8,54.94,,73.5,14.36,0.0,,,0.797,0.398,1,251,76.3,0.89,Optimistic,76.3,78.5,76.3,82.9
2009-07-15,3188.55,0.062,-0.79,,68.31,0.0,21.51,1.392,3.5,70.03,,76.11,15.46,0.0,,,2.381,0.0,1,252,80.4,0.89,Greed,80.4,82.4,80.4,84.9
2009-07-16,3183.74,0.062,-0.79,,57.67,0.0,11.11,1.353,1.94,59.09,,75.22,14.85,-0.15,,,1.976,0.0,2,253,77.9,0.89,Optimistic,77.9,79.6,77.9,81.2
2009-07-17,3189.74,0.062,-0.79,,59.18,0.0,16.73,1.159,2.43,58.71,,75.6,14.61,0.0,,,2.381,0.397,3,251,77.8,0.89,Optimistic,77.8,79.5,77.8,80.3
2009-07-20,3266.92,0.062,-0.79,,63.12,0.0,23.17,1.4,6.05,80.24,,79.88,16.82,0.0,,,3.226,0.0,2,248,83.1,0.89,Greed,83.1,84.9,83.1,84.7
2009-07-21,3213.21,0.062,-0.79,,49.05,0.0,7.14,1.39,2.16,61.14,,70.6,14.39,-1.64,,,0.394,1.575,1,254,77.7,0.89,Optimistic,77.7,80.4,77.7,77.3
2009-07-22,3296.61,0.062,-0.79,,53.91,0.0,12.35,1.173,3.39,64.42,,75.38,16.77,0.0,,,4.348,0.0,1,253,79.1,0.89,Optimistic,79.1,80.8,79.1,79.2
2009-07-23,3328.49,0.062,-0.79,,60.26,0.0,11.51,1.153,4.55,70.46,,76.93,17.26,0.0,,,1.575,0.0,1,254,80.2,0.89,Greed,80.2,82.3,80.2,81.6
2009-07-24,3372.6,0.062,-0.79,,55.98,0.0,12.35,1.307,5.73,77.52,,78.9,18.14,0.0,,,1.976,0.0,1,253,81.9,0.89,Greed,81.9,84.1,81.9,81.9
2009-07-27,3435.21,0.062,-0.79,,56.91,0.0,20.88,1.347,5.15,78.69,,81.34,19.66,0.0,,,2.381,0.0,2,251,82.3,0.89,Greed,82.3,84.2,82.3,83.2
2009-07-28,3438.37,0.062,-0.79,,65.62,0.0,18.8,1.381,7.01,79.69,,81.46,19.11,0.0,,,2.372,0.395,2,253,82.4,0.89,Greed,82.4,84.5,82.4,85.9
2009-07-29,3266.43,0.062,-0.79,,50.12,0.0,2.4,1.849,-0.92,42.31,,59.64,12.69,-5.0,,,0.791,13.043,1,253,73.1,0.89,Optimistic,73.1,76.0,73.1,76.2
2009-07-30,3321.56,0.062,-0.79,,49.19,0.0,3.61,1.31,-0.21,44.86,,63.05,14.1,-3.4,,,1.984,0.0,1,252,74.7,0.89,Optimistic,74.7,76.4,74.7,74.5
2009-07-31,3412.06,0.062,-0.79,,61.92,0.0,10.71,1.276,1.17,53.09,,67.86,16.66,-0.77,,,1.575,0.0,2,254,76.6,0.89,Optimistic,76.6,78.2,76.6,80.9
2009-08-03,3462.59,0.062,-0.79,,60.93,0.0,17.06,1.318,0.8,51.27,,70.2,17.81,0.0,,,6.299,0.0,3,254,76.7,0.89,Optimistic,76.7,77.6,76.7,81.8
2009-08-04,3471.44,0.062,-0.79,,60.07,0.0,16.8,1.385,0.96,53.12,,70.6,17.54,0.0,,,5.138,0.0,3,253,77.0,0.89,Optimistic,77.0,78.1,77.0,82.1
2009-08-05,3428.5,0.062,-0.79,,69.44,0.0,10.12,1.319,4.96,77.63,,65.94,15.54,-1.24,,,1.2,0.4,3,250,82.5,0.89,Greed,82.5,84.8,82.5,82.2
2009-08-06,3356.33,0.062,-0.78,,63.03,0.0,5.65,1.136,1.05,50.6,,58.91,12.64,-3.32,,,0.797,0.0,1,251,76.0,0.89,Optimistic,76.0,77.9,76.0,76.5
2009-08-07,3260.69,0.062,-0.78,,45.81,0.0,1.61,0.989,-4.44,21.91,,51.13,9.06,-6.07,,,0.397,3.175,2,252,68.7,0.89,Optimistic,68.7,70.7,68.7,65.4
2009-08-10,3249.76,0.062,-0.78,,42.16,0.0,2.86,0.818,-6.15,21.51,,50.32,8.33,-6.39,,,0.403,0.0,1,248,69.1,0.89,Optimistic,69.1,70.7,69.1,61.2
2009-08-11,3264.73,0.062,-0.78,,43.93,0.0,3.23,0.67,-5.95,23.54,,51.46,8.46,-5.95,,,0.797,0.398,1,251,69.4,0.89,Optimistic,69.4,71.1,69.4,60.1
2009-08-12,3112.72,0.062,-0.78,,34.16,0.0,0.8,0.868,-9.21,20.81,,41.1,3.14,-10.33,,,0.397,5.952,2,252,69.2,0.89,Optimistic,69.2,71.4,69.2,54.1
2009-08-13,3140.56,0.062,-0.78,,38.42,0.0,1.99,0.754,-6.43,22.38,,43.35,3.8,-9.53,,,1.181,0.394,1,254,70.0,0.89,Optimistic,70.0,71.7,70.0,54.8
2009-08-14,3046.97,0.062,-0.78,,37.86,0.0,0.8,0.814,-6.55,21.56,,38.09,0.49,-12.23,,,0.0,5.929,1,253,69.4,0.89,Optimistic,69.4,72.2,69.4,52.2
2009-08-17,2870.63,0.062,-0.78,,26.09,2.04,0.0,0.81,-11.67,21.61,,30.56,-5.46,-17.31,,,0.0,27.823,1,248,70.3,0.89,Optimistic,70.3,73.5,70.3,42.6
2009-08-18,2910.88,0.124,-0.77,,28.04,0.0,0.0,0.689,-10.84,23.27,,33.78,-4.3,-16.15,,,2.4,0.4,1,249,72.0,0.89,Optimistic,72.0,73.7,72.0,43.1
2009-08-19,2785.58,0.124,-0.77,,28.92,2.83,0.4,0.742,-10.51,22.55,,29.23,-8.51,-19.76,,,0.0,9.96,1,251,71.3,0.89,Optimistic,71.3,74.4,71.3,40.5
2009-08-20,2911.58,0.187,-0.75,,38.76,0.0,0.4,0.713,-7.29,22.94,,38.23,-4.54,-16.13,,,4.743,0.0,1,253,72.4,0.89,Optimistic,72.4,73.6,72.4,48.2
2009-08-21,2960.77,0.186,-0.75,,56.0,0.0,1.59,0.822,-2.83,30.53,,41.36,-3.1,-14.71,,,3.557,0.0,2,253,74.1,0.89,Optimistic,74.1,75.3,74.1,57.6
2009-08-24,2993.43,0.124,-0.77,,71.89,0.0,1.6,0.795,4.28,59.53,,43.42,-2.18,-13.77,,,3.15,0.0,2,254,81.1,0.89,Greed,81.1,82.8,81.1,62.7
2009-08-25,2915.8,0.124,-0.77,,62.13,0.0,1.62,0.942,0.17,44.09,,39.85,-4.81,-16.01,,,1.992,1.992,3,251,77.2,0.89,Optimistic,77.2,79.3,77.2,60.0
2009-08-26,2967.59,0.124,-0.76,,79.08,0.0,1.65,0.847,6.53,64.0,,43.2,-3.22,-14.51,,,5.668,0.0,2,247,82.7,0.89,Greed,82.7,84.2,82.7,64.5
2009-08-27,2946.39,0.062,-0.78,,72.49,0.0,1.21,0.89,1.2,48.25,,42.16,-4.01,-15.12,,,3.175,0.0,2,252,78.6,0.89,Optimistic,78.6,80.2,78.6,62.9
2009-08-28,2860.69,0.062,-0.78,,56.61,0.0,0.81,0.804,-3.38,28.34,,38.17,-6.85,-17.59,,,0.397,2.381,1,252,73.0,0.89,Optimistic,73.0,75.5,73.0,54.6
2009-08-31,2667.74,0.062,-0.78,,40.71,0.0,0.0,0.775,-10.88,22.1,,31.05,-13.09,-23.15,,,0.0,26.295,1,251,71.6,0.89,Optimistic,71.6,74.9,71.6,43.0
2009-09-01,2683.72,0.186,-0.75,,44.65,0.0,0.41,0.643,-7.96,23.9,,32.18,-12.52,-22.69,,,1.613,2.016,1,248,73.0,0.89,Optimistic,73.0,75.2,73.0,43.1
2009-09-02,2714.97,0.186,-0.75,,38.61,0.41,0.41,0.553,-8.51,25.15,,34.44,-11.45,-21.79,,,0.403,0.0,2,248,73.5,0.89,Optimistic,73.5,75.2,73.5,41.0
2009-09-03,2845.02,0.185,-0.75,,45.59,0.0,1.63,0.861,-3.44,27.69,,42.96,-7.23,-18.04,,,6.375,0.0,1,250,73.6,0.89,Optimistic,73.6,74.7,73.6,52.7
2009-09-04,2861.61,0.124,-0.76,,59.25,0.0,2.02,0.855,0.03,42.76,,43.96,-6.75,-17.57,,,1.581,0.0,2,253,76.9,0.89,Optimistic,76.9,78.6,76.9,57.8
2009-09-07,2881.12,0.124,-0.76,,71.55,0.0,2.43,0.87,8.0,64.69,,45.18,-6.16,-17.01,,,1.587,0.0,1,252,82.0,0.89,Greed,82.0,84.3,82.0,61.9
2009-09-08,2930.47,0.062,-0.77,,79.55,0.0,1.64,0.846,9.19,63.99,,48.24,-4.63,-15.58,,,2.008,0.0,1,249,81.5,0.89,Greed,81.5,83.7,81.5,65.0
2009-09-09,2946.26,0.062,-0.77,,76.93,0.0,2.46,0.863,8.52,64.47,,49.22,-4.19,-15.13,,,2.008,0.0,1,249,81.6,0.89,Greed,81.6,83.7,81.6,65.2
2009-09-10,2924.88,0.062,-0.77,,62.66,0.0,0.41,0.697,2.81,51.61,,47.9,-4.92,-15.74,,,0.398,0.0,1,251,78.3,0.89,Optimistic,78.3,80.5,78.3,58.5
2009-09-11,2989.79,0.123,-0.76,,63.24,0.0,2.06,0.814,4.48,60.89,,52.1,-2.87,-13.87,,,1.613,0.0,1,248,80.3,0.89,Greed,80.3,82.5,80.3,62.6
2009-09-14,3026.74,0.0,-0.78,,69.65,0.0,6.67,0.953,5.05,67.11,,54.35,-1.74,-12.81,,,4.898,0.0,2,245,82.2,0.89,Greed,82.2,83.8,82.2,67.3
2009-09-15,3033.73,0.0,-0.78,,64.7,0.0,4.64,0.958,3.52,60.23,,54.79,-1.59,-12.61,,,1.653,0.0,2,242,80.1,0.89,Greed,80.1,82.0,80.1,66.4
2009-09-16,2999.71,0.0,-0.78,,62.9,0.0,3.67,0.978,1.81,52.38,,52.19,-2.73,-13.59,,,2.0,0.4,1,250,78.1,0.89,Optimistic,78.1,80.2,78.1,64.9
2009-09-17,3060.26,0.0,-0.78,,75.26,0.0,6.88,1.065,4.63,68.47,,56.17,-0.84,-11.84,,,5.556,0.397,2,252,82.2,0.89,Greed,82.2,84.0,82.2,71.1
2009-09-18,2962.67,0.0,-0.78,,60.21,0.0,2.02,1.109,-0.91,39.68,,49.07,-4.02,-14.66,,,0.791,3.162,1,253,74.6,0.89,Optimistic,74.6,77.2,74.6,64.2
2009-09-21,2967.01,0.0,-0.78,,54.01,0.0,4.07,0.893,-1.97,34.06,,49.38,-3.88,-14.53,,,1.594,0.0,1,251,74.0,0.89,Optimistic,74.0,75.7,74.0,59.6
2009-09-22,2897.55,0.0,-0.78,,44.3,0.0,3.23,0.813,-4.49,23.69,,44.74,-6.1,-16.53,,,0.791,0.395,1,253,71.6,0.89,Optimistic,71.6,73.5,71.6,52.6
2009-09-23,2842.72,0.0,-0.78,,38.82,0.0,1.2,0.705,-5.23,23.06,,41.43,-7.79,-18.11,,,0.394,1.969,1,254,71.4,0.89,Optimistic,71.4,73.7,71.4,47.3
2009-09-24,2853.55,0.0,-0.78,,27.86,0.0,0.4,0.674,-6.75,23.48,,42.34,-7.34,-17.8,,,0.392,0.784,1,255,71.7,0.89,Optimistic,71.7,73.7,71.7,43.7
2009-09-25,2838.84,0.062,-0.77,,32.34,0.0,0.0,0.497,-4.18,28.2,,41.4,-7.69,-18.22,,,0.797,1.195,1,251,72.9,0.89,Optimistic,72.9,75.0,72.9,42.3
2009-09-28,2763.53,0.0,-0.78,,22.2,0.0,0.4,0.48,-6.86,26.15,,36.9,-9.96,-20.39,,,0.395,2.372,1,253,72.7,0.89,Optimistic,72.7,75.1,72.7,36.6
2009-09-29,2754.54,0.061,-0.76,,23.75,0.0,0.0,0.497,-4.94,26.09,,36.39,-10.09,-20.65,,,0.392,2.745,1,255,72.7,0.89,Optimistic,72.7,75.2,72.7,36.8
2009-09-30,2779.43,0.061,-0.76,,34.67,0.0,0.0,0.444,-2.23,33.72,,38.9,-9.13,-19.93,,,1.186,0.0,1,253,75.0,0.89,Optimistic,75.0,76.8,75.0,41.6
2009-10-09,2911.72,0.061,-0.76,,47.53,0.0,2.42,0.591,2.04,47.06,,50.17,-4.69,-16.12,,,9.091,0.0,1,253,77.9,0.89,Optimistic,77.9,79.0,77.9,52.6
2009-10-12,2894.48,0.061,-0.76,,51.79,0.0,1.62,0.615,1.96,47.2,,48.91,-5.15,-16.62,,,1.984,0.0,1,252,77.3,0.89,Optimistic,77.3,79.2,77.3,53.8
2009-10-13,2936.19,0.061,-0.76,,66.89,0.0,4.42,0.563,6.25,55.67,,52.06,-3.7,-15.42,,,1.581,0.0,2,253,79.3,0.89,Optimistic,79.3,81.1,79.3,59.3
2009-10-14,2970.53,0.061,-0.76,,76.14,0.0,2.0,0.921,7.84,66.17,,54.54,-2.48,-14.43,,,1.961,0.0,3,255,81.7,0.89,Greed,81.7,83.6,81.7,68.0
2009-10-15,2979.79,0.061,-0.76,,73.46,0.0,2.83,0.703,7.21,59.78,,55.22,-2.07,-14.16,,,1.594,0.0,4,251,80.1,0.89,Greed,80.1,81.8,80.1,64.5
2009-10-16,2976.63,0.061,-0.76,,61.85,0.0,2.79,0.665,2.23,48.95,,54.92,-2.06,-14.25,,,0.784,0.0,5,255,77.5,0.89,Optimistic,77.5,79.0,77.5,61.0
2009-10-19,3038.27,0.061,-0.76,,69.96,0.0,4.74,0.881,4.97,64.85,,59.53,0.05,-12.48,,,3.516,0.0,6,256,81.6,0.89,Greed,81.6,82.9,81.6,68.6
2009-10-20,3084.45,0.061,-0.76,,68.24,0.0,4.78,1.054,5.05,70.1,,62.62,1.67,-11.15,,,2.362,0.0,7,254,82.7,0.89,Greed,82.7,84.2,82.7,72.1
2009-10-21,3070.59,0.0,-0.77,,60.4,0.0,2.38,1.001,3.37,60.45,,61.11,1.3,-11.55,,,0.392,0.0,1,255,79.4,0.89,Optimistic,79.4,81.7,79.4,68.7
2009-10-22,3051.41,0.061,-0.76,,60.54,0.0,3.57,0.767,2.4,51.42,,59.0,0.8,-12.1,,,0.784,0.0,1,255,77.3,0.89,Optimistic,77.3,79.3,77.3,64.7
2009-10-23,3107.85,0.0,-0.77,,68.21,0.0,5.16,1.041,4.41,66.66,,63.05,2.79,-10.47,,,1.969,0.0,1,254,81.1,0.89,Greed,81.1,83.2,81.1,72.6
2009-10-26,3109.57,0.0,-0.77,,58.19,0.0,5.22,0.865,2.35,52.95,,63.17,2.99,-10.42,,,0.794,0.0,2,252,77.7,0.89,Optimistic,77.7,79.6,77.7,67.6
2009-10-27,3021.46,0.0,-0.77,,44.35,0.0,3.19,0.919,-2.04,33.72,,53.61,0.31,-12.96,,,0.395,2.372,1,253,72.6,0.89,Optimistic,72.6,75.1,72.6,59.7
2009-10-28,3031.33,0.061,-0.76,,53.34,0.0,5.16,0.775,-1.28,36.9,,54.44,0.86,-12.68,,,1.181,0.0,1,254,74.1,0.89,Optimistic,74.1,75.8,74.1,61.2
2009-10-29,2960.47,0.0,-0.77,,46.33,0.4,3.6,0.858,-2.98,29.71,,47.81,-1.33,-14.72,,,0.794,0.397,2,252,73.0,0.89,Optimistic,73.0,74.7,73.0,57.2
2009-10-30,2995.85,0.0,-0.77,,46.19,0.4,5.93,0.833,-3.6,27.2,,51.02,0.03,-13.7,,,0.766,0.0,1,255,72.0,0.89,Optimistic,72.0,73.7,72.0,58.3
2009-11-02,3076.65,0.0,-0.77,,56.53,0.0,12.3,1.106,-1.06,38.85,,57.45,2.92,-11.37,,,4.231,1.538,1,260,74.2,0.89,Optimistic,74.2,76.0,74.2,68.6
2009-11-03,3114.23,0.0,-0.77,,71.38,0.0,11.55,1.222,3.07,63.61,,60.07,4.38,-10.29,,,4.615,0.385,1,259,80.4,0.89,Greed,80.4,82.4,80.4,75.1
2009-11-04,3128.54,0.0,-0.77,,69.94,0.0,12.0,1.188,3.21,63.68,,61.06,5.06,-9.88,,,1.931,0.0,2,259,80.5,0.89,Greed,80.5,82.4,80.5,75.1
2009-11-05,3155.05,0.0,-0.77,,78.8,0.0,11.84,1.199,6.57,74.35,,62.89,6.11,-9.11,,,0.787,0.0,1,254,82.5,0.89,Greed,82.5,84.9,82.5,78.3
2009-11-06,3164.04,0.0,-0.77,,73.81,0.0,8.84,1.358,5.61,79.03,,63.51,6.53,-8.86,,,0.388,0.0,1,258,83.5,0.89,Greed,83.5,86.1,83.5,78.7
2009-11-09,3175.59,0.0,-0.76,,66.74,0.0,9.31,1.158,3.22,63.1,,64.34,6.97,-8.52,,,1.176,0.0,3,255,80.0,0.89,Greed,80.0,81.8,80.0,75.9
2009-11-10,3178.61,0.0,-0.76,,56.88,0.0,7.63,1.188,2.07,57.12,,64.57,7.12,-8.44,,,1.55,0.0,2,258,78.4,0.89,Optimistic,78.4,80.2,78.4,73.4
2009-11-11,3175.19,0.0,-0.76,,54.61,0.0,13.25,1.055,1.49,51.92,,64.07,7.05,-8.53,,,0.772,0.0,1,258,76.8,0.89,Optimistic,76.8,78.8,76.8,71.2
2009-11-12,3172.95,0.0,-0.76,,53.1,0.0,10.98,1.145,0.57,48.04,,63.72,6.94,-8.6,,,1.562,0.0,1,256,76.0,0.89,Optimistic,76.0,77.8,76.0,71.5
2009-11-13,3187.65,0.0,-0.76,,55.37,0.0,12.76,1.253,0.75,50.23,,65.06,7.41,-8.18,,,1.186,0.0,2,253,76.6,0.89,Optimistic,76.6,78.3,76.6,73.6
2009-11-16,3275.05,0.0,-0.76,,61.51,0.0,18.55,1.653,3.13,73.18,,71.73,10.21,-5.66,,,3.876,0.0,1,258,82.0,0.89,Greed,82.0,84.0,82.0,81.1
2009-11-17,3282.89,0.0,-0.76,,64.26,0.0,13.25,1.356,3.28,67.81,,72.24,10.22,-5.43,,,0.0,0.0,1,259,79.9,0.89,Optimistic,79.9,82.5,79.9,80.3
2009-11-18,3303.23,0.0,-0.76,,64.32,0.0,15.08,1.289,4.03,70.98,,73.58,10.66,-4.85,,,2.29,0.0,1,262,81.2,0.89,Greed,81.2,83.3,81.2,80.3
2009-11-19,3320.61,0.0,-0.76,,68.51,0.0,24.0,1.408,4.65,78.17,,74.7,10.91,-4.34,,,1.544,0.0,2,259,83.0,0.89,Greed,83.0,85.2,83.0,82.7
2009-11-20,3308.35,0.0,-0.76,,66.28,0.0,23.2,1.409,3.79,72.36,,72.36,10.26,-4.7,,,2.703,0.0,3,259,82.0,0.89,Greed,82.0,83.7,82.0,81.4
2009-11-23,3338.66,0.0,-0.76,,65.04,0.0,37.75,1.344,1.94,58.94,,74.48,11.04,-3.82,,,2.713,0.0,1,258,78.2,0.89,Optimistic,78.2,80.0,78.2,81.5
2009-11-24,3223.53,0.0,-0.76,,56.69,0.0,3.59,1.973,-1.81,34.81,,56.69,7.07,-7.14,,,0.769,8.077,1,260,71.6,0.89,Optimistic,71.6,74.3,71.6,75.8
2009-11-25,3290.16,0.0,-0.76,,64.93,0.0,13.94,1.466,-0.4,44.64,,62.3,9.06,-5.22,,,7.308,0.0,1,260,75.5,0.89,Optimistic,75.5,76.6,75.5,78.6
2009-11-26,3170.98,0.0,-0.76,,52.1,0.0,5.33,1.681,-4.51,13.53,,49.86,4.99,-8.66,,,1.581,4.743,2,253,67.2,0.89,Optimistic,67.2,69.1,67.2,70.4
2009-11-27,3096.26,0.0,-0.76,,44.41,0.0,2.42,1.135,-6.41,17.15,,43.93,2.43,-10.81,,,0.775,4.264,1,256,68.3,0.89,Optimistic,68.3,70.6,68.3,61.3
2009-11-30,3195.3,0.0,-0.76,,46.97,0.0,9.84,1.057,-4.29,21.88,,52.06,5.51,-7.95,,,8.268,0.0,2,254,70.7,0.89,Optimistic,70.7,71.2,70.7,65.2
2009-12-01,3235.36,0.0,-0.76,,64.04,0.0,19.28,1.256,0.37,47.97,,54.91,6.5,-6.8,,,3.089,0.0,2,259,76.5,0.89,Optimistic,76.5,77.9,76.5,73.9
2009-12-02,3269.75,0.0,-0.76,,60.25,0.0,19.28,1.322,-0.62,42.33,,57.26,7.29,-5.81,,,4.247,0.0,3,259,75.2,0.89,Optimistic,75.2,76.3,75.2,74.3
2009-12-03,3264.63,0.0,-0.76,,69.04,0.0,15.38,1.191,2.95,62.3,,56.79,6.8,-5.96,,,2.703,0.386,2,258,79.7,0.89,Optimistic,79.7,81.6,79.7,75.3
2009-12-04,3317.04,0.0,-0.76,,69.21,0.0,4.12,1.601,7.13,86.14,,60.4,8.24,-4.45,,,0.392,2.353,1,255,84.4,0.89,Greed,84.4,87.7,84.4,79.8
2009-12-07,3331.9,0.0,-0.75,,66.3,0.0,10.4,1.026,4.27,65.59,,61.39,8.45,-4.02,,,1.916,0.0,1,261,80.1,0.89,Greed,80.1,82.2,80.1,75.1
2009-12-08,3296.66,0.0,-0.75,,55.78,0.0,11.16,1.004,1.89,53.19,,57.72,7.06,-5.03,,,1.145,0.0,1,262,77.2,0.89,Optimistic,77.2,79.2,77.2,70.1
2009-12-09,3239.57,0.0,-0.75,,44.26,0.0,3.21,0.842,-0.92,38.58,,52.26,5.03,-6.68,,,0.385,0.0,1,260,73.8,0.89,Optimistic,73.8,75.7,73.8,61.5
2009-12-10,3254.26,0.0,-0.75,,47.28,0.0,4.86,0.691,-0.32,40.19,,53.48,5.33,-6.26,,,1.55,0.0,1,258,74.3,0.89,Optimistic,74.3,76.1,74.3,60.8
2009-12-11,3247.32,0.0,-0.75,,50.88,0.0,6.07,0.674,-2.1,33.75,,52.8,4.92,-6.46,,,0.0,0.775,1,258,72.1,0.89,Optimistic,72.1,74.5,72.1,61.5
2009-12-14,3302.9,0.0,-0.75,,40.82,0.0,5.24,0.872,-0.87,38.92,,57.49,6.54,-4.85,,,0.772,0.0,1,259,73.7,0.89,Optimistic,73.7,75.5,73.7,62.9
2009-12-15,3274.46,0.0,-0.75,,43.08,0.0,6.0,0.749,-0.67,39.18,,54.5,5.48,-5.67,,,0.766,0.766,2,261,73.9,0.89,Optimistic,73.9,75.8,73.9,60.6
2009-12-16,3255.21,0.0,-0.75,,45.23,0.0,4.42,0.771,0.48,43.87,,52.51,4.73,-6.23,,,0.385,0.0,1,260,75.2,0.89,Optimistic,75.2,77.2,75.2,60.8
2009-12-17,3179.08,0.0,-0.75,,32.74,0.0,0.4,0.788,-2.31,32.77,,45.45,2.19,-8.42,,,0.386,1.931,1,259,72.4,0.89,Optimistic,72.4,74.8,72.4,53.4
2009-12-18,3113.89,0.0,-0.75,,27.31,0.0,0.4,0.764,-4.11,25.75,,40.43,0.06,-10.3,,,0.0,3.876,1,258,70.6,0.89,Optimistic,70.6,73.4,70.6,48.8
2009-12-21,3122.97,0.0,-0.75,,37.15,0.0,1.23,0.563,-5.45,25.01,,41.4,0.27,-10.04,,,1.176,0.392,1,255,71.4,0.89,Optimistic,71.4,73.1,71.4,49.6
2009-12-22,3050.52,0.0,-0.75,,28.9,0.0,1.21,0.65,-6.84,23.81,,36.32,-2.1,-12.13,,,0.775,1.938,2,258,71.4,0.89,Optimistic,71.4,73.3,71.4,45.2
2009-12-23,3073.78,0.0,-0.75,,41.28,0.0,1.2,0.616,-5.57,24.28,,38.91,-1.45,-11.46,,,1.923,0.0,3,260,72.2,0.89,Optimistic,72.2,73.3,72.2,50.1
2009-12-24,3153.41,0.0,-0.75,,58.96,0.0,4.08,0.792,-0.81,38.85,,46.89,0.94,-9.16,,,4.297,0.0,2,256,75.5,0.89,Optimistic,75.5,76.7,75.5,62.2
2009-12-25,3141.35,0.0,-0.75,,68.19,0.0,3.24,0.654,0.88,44.1,,45.91,0.4,-9.51,,,0.772,0.386,2,258,76.2,0.89,Optimistic,76.2,78.2,76.2,62.1
2009-12-28,3188.78,0.0,-0.75,,70.52,0.0,5.88,0.708,2.11,49.24,,50.3,1.72,-8.14,,,1.2,0.0,1,250,77.2,0.89,Optimistic,77.2,79.2,77.2,65.4
2009-12-29,3211.76,0.0,-0.75,,79.87,0.0,8.54,0.794,5.29,62.46,,52.32,2.21,-7.48,,,0.778,0.0,1,257,80.4,0.89,Greed,80.4,82.7,80.4,69.7
2009-12-30,3262.6,0.0,-0.75,,69.52,0.0,8.91,0.998,6.14,68.45,,56.52,3.55,-6.02,,,1.544,0.0,1,259,81.7,0.89,Greed,81.7,84.0,81.7,72.0
2009-12-31,3277.14,0.0,-0.75,,63.42,0.0,6.56,0.892,3.92,60.5,,57.67,3.74,-5.6,,,0.0,0.0,1,256,79.1,0.89,Optimistic,79.1,81.7,79.1,69.6
2010-01-04,3243.76,0.059,-0.73,,61.81,0.0,8.4,0.832,3.26,56.22,,54.13,2.5,-6.56,,,0.0,0.0,1,262,78.4,0.89,Optimistic,78.4,80.9,78.4,66.7
2010-01-05,3282.18,0.059,-0.73,,55.44,0.0,11.2,0.956,2.93,57.36,,57.38,3.51,-5.45,,,1.908,0.382,1,262,78.7,0.89,Optimistic,78.7,80.9,78.7,67.7
2010-01-06,3254.22,0.059,-0.73,,50.59,0.0,2.81,0.933,1.32,49.39,,54.36,2.45,-6.26,,,0.383,0.383,1,261,76.8,0.89,Optimistic,76.8,79.1,76.8,64.5
2010-01-07,3192.78,0.059,-0.73,,45.06,0.0,1.2,0.966,-2.14,33.21,,48.35,0.4,-8.03,,,0.38,0.0,1,263,73.4,0.89,Optimistic,73.4,75.3,73.4,60.2
2010-01-08,3196.0,0.059,-0.73,,45.52,0.0,8.06,0.738,-2.48,32.24,,48.67,0.39,-7.93,,,2.308,0.0,1,259,73.5,0.89,Optimistic,73.5,75.0,73.5,57.2
2010-01-11,3212.75,0.059,-0.73,,47.87,0.0,12.1,1.023,-0.96,39.1,,50.4,0.79,-7.45,,,3.475,0.0,2,259,75.5,0.89,Optimistic,75.5,76.8,75.5,62.7
2010-01-12,3273.97,0.059,-0.73,,52.93,0.0,13.1,1.05,-0.25,42.85,,56.19,2.59,-5.69,,,2.652,0.0,2,264,75.8,0.89,Optimistic,75.8,77.2,75.8,67.4
2010-01-13,3172.66,0.058,-0.73,,52.44,0.0,10.32,1.179,-2.51,30.81,,46.51,-0.63,-8.61,,,1.887,0.0,3,265,73.6,0.89,Optimistic,73.6,74.9,73.6,64.1
2010-01-14,3215.55,0.058,-0.73,,68.58,0.0,20.24,1.011,0.71,47.4,,50.41,0.63,-7.37,,,3.396,0.0,2,265,77.5,0.89,Optimistic,77.5,79.0,77.5,68.9
2010-01-15,3224.15,0.058,-0.73,,66.14,0.0,12.15,0.896,0.88,46.9,,51.17,0.81,-7.12,,,1.538,0.0,3,260,77.2,0.89,Optimistic,77.2,78.8,77.2,67.1
2010-01-18,3237.1,0.058,-0.73,,69.76,0.0,18.0,1.002,0.76,47.52,,52.37,1.15,-6.75,,,1.521,0.0,2,263,77.2,0.89,Optimistic,77.2,78.9,77.2,69.9
2010-01-19,3246.87,0.058,-0.73,,59.67,0.0,11.2,0.964,-0.83,39.5,,53.3,1.38,-6.47,,,1.145,0.0,1,262,74.8,0.89,Optimistic,74.8,76.7,74.8,67.1
2010-01-20,3151.85,0.058,-0.73,,55.59,0.0,3.57,1.172,-0.66,41.36,,44.26,-1.65,-9.21,,,0.755,3.774,2,265,75.4,0.89,Optimistic,75.4,77.9,75.4,63.9
2010-01-21,3158.86,0.058,-0.73,,48.62,0.0,3.98,0.843,-1.76,34.99,,45.0,-1.5,-9.0,,,1.894,0.379,1,264,74.3,0.89,Optimistic,74.3,76.2,74.3,57.9
2010-01-22,3128.59,0.058,-0.73,,40.02,0.39,1.56,1.014,-2.96,29.01,,42.38,-2.53,-9.88,,,0.0,1.88,1,265,72.2,0.89,Optimistic,72.2,74.8,72.2,55.9
2010-01-25,3094.41,0.058,-0.73,,28.94,1.94,0.78,0.575,-4.41,26.69,,39.58,-3.64,-10.86,,,0.0,0.0,1,266,72.3,0.89,Optimistic,72.3,74.4,72.3,44.7
2010-01-26,3019.39,0.0,-0.74,,23.49,1.16,0.39,0.688,-7.01,23.29,,34.23,-5.95,-13.02,,,0.0,3.745,1,266,71.2,0.89,Optimistic,71.2,74.0,71.2,41.6
2010-01-27,2986.61,0.0,-0.74,,27.42,1.54,0.38,0.566,-5.24,24.96,,32.18,-6.91,-13.97,,,0.0,1.119,1,268,72.2,0.89,Optimistic,72.2,74.7,72.2,39.9
2010-01-28,2994.14,0.0,-0.74,,31.29,1.56,0.78,0.548,-5.21,25.22,,33.17,-6.61,-13.75,,,0.377,0.377,1,264,72.6,0.89,Optimistic,72.6,74.7,72.6,41.4
2010-01-29,2989.29,0.0,-0.74,,40.46,1.15,1.54,0.606,-4.45,26.19,,32.84,-6.68,-13.89,,,1.487,0.0,1,269,73.3,0.89,Optimistic,73.3,74.9,73.3,45.1
2010-02-01,2941.36,0.0,-0.74,,42.24,1.94,1.16,0.67,-4.95,23.73,,29.68,-8.07,-15.27,,,1.124,1.124,2,267,72.8,0.89,Optimistic,72.8,74.6,72.8,44.9
2010-02-02,2934.71,0.0,-0.74,,46.9,1.92,1.54,0.633,-2.8,31.44,,29.26,-8.16,-15.46,,,0.0,0.372,1,269,74.2,0.89,Optimistic,74.2,76.6,74.2,45.9
2010-02-03,3003.84,0.0,-0.74,,55.78,1.96,2.35,0.781,0.58,44.34,,38.95,-5.91,-13.47,,,2.642,0.0,1,264,77.8,0.89,Optimistic,77.8,79.6,77.8,55.2
2010-02-04,2995.31,0.0,-0.73,,52.18,1.15,3.08,0.776,0.04,42.16,,38.25,-6.09,-13.72,,,2.963,0.0,2,270,77.6,0.89,Optimistic,77.6,79.1,77.6,53.6
2010-02-05,2939.4,0.0,-0.73,,43.09,1.15,1.15,0.758,-1.67,35.34,,33.96,-7.73,-15.33,,,0.735,2.574,3,270,75.3,0.89,Optimistic,75.3,77.6,75.3,47.9
2010-02-08,2935.17,0.0,-0.73,,47.73,0.39,2.32,0.496,-0.21,39.23,,33.66,-7.74,-15.45,,,1.476,0.738,1,271,76.4,0.89,Optimistic,76.4,78.6,76.4,45.9
2010-02-09,2948.84,0.0,-0.73,,51.89,0.0,0.38,0.494,0.48,41.13,,35.68,-7.16,-15.05,,,0.0,0.733,1,271,76.3,0.89,Optimistic,76.3,79.0,76.3,48.2
2010-02-10,2982.5,0.0,-0.73,,53.6,0.0,2.3,0.449,-0.71,37.62,,40.5,-5.95,-14.08,,,0.365,0.0,1,274,75.6,0.89,Optimistic,75.6,77.6,75.6,50.9
2010-02-11,2985.5,0.0,-0.73,,49.91,0.0,1.16,0.464,-0.33,38.7,,40.92,-5.7,-14.0,,,0.733,0.366,1,272,75.7,0.89,Optimistic,75.7,77.9,75.7,49.9
2010-02-12,3018.13,0.0,-0.73,,64.78,0.0,2.65,0.466,2.68,46.67,,45.48,-4.51,-13.06,,,1.079,0.0,2,278,77.7,0.89,Optimistic,77.7,79.5,77.7,56.4
2010-02-22,3003.4,0.0,-0.73,,62.7,0.0,1.91,0.579,2.32,47.75,,43.84,-4.83,-13.48,,,1.449,0.0,3,276,78.3,0.89,Optimistic,78.3,80.0,78.3,56.3
2010-02-23,2982.57,0.0,-0.73,,63.35,0.0,5.02,0.69,1.14,45.46,,41.55,-5.31,-14.08,,,1.099,0.0,4,273,78.0,0.89,Optimistic,78.0,79.6,78.0,57.1
2010-02-24,3022.18,0.0,-0.73,,65.34,0.0,5.68,0.808,1.33,47.73,,47.19,-3.95,-12.94,,,2.518,0.0,5,278,78.2,0.89,Optimistic,78.2,79.5,78.2,61.5
2010-02-25,3060.62,0.0,-0.73,,75.49,0.0,7.72,1.064,2.52,57.41,,52.03,-2.61,-11.83,,,1.832,0.0,6,273,80.1,0.89,Greed,80.1,81.5,80.1,69.4
2010-02-26,3051.94,0.0,-0.73,,66.7,0.0,8.14,0.91,1.12,48.16,,50.9,-2.82,-12.08,,,1.476,0.0,7,270,77.9,0.89,Optimistic,77.9,79.2,77.9,64.9
2010-03-01,3087.84,0.0,-0.73,,73.9,0.0,11.2,1.016,2.81,57.98,,55.25,-1.68,-11.05,,,2.564,0.0,2,273,79.6,0.89,Optimistic,79.6,81.3,79.6,69.7
2010-03-02,3073.11,0.0,-0.73,,72.14,0.0,9.38,0.969,3.04,58.13,,53.17,-2.08,-11.47,,,1.859,0.0,2,269,79.8,0.89,Optimistic,79.8,81.6,79.8,67.9
2010-03-03,3097.01,0.0,-0.73,,67.05,0.0,9.51,1.083,2.48,57.55,,56.06,-1.25,-10.79,,,1.449,0.0,3,276,79.4,0.89,Optimistic,79.4,81.1,79.4,69.3
2010-03-04,3023.37,0.0,-0.73,,50.48,0.0,1.14,1.177,-1.22,38.18,,46.53,-3.47,-12.91,,,0.0,2.174,1,276,74.3,0.89,Optimistic,74.3,77.1,74.3,61.4
2010-03-05,3031.07,0.0,-0.73,,53.97,0.0,1.14,0.866,-0.68,39.71,,47.53,-3.1,-12.69,,,1.087,0.0,1,276,75.5,0.89,Optimistic,75.5,77.4,75.5,59.4
2010-03-08,3053.23,0.0,-0.73,,54.06,0.0,3.75,0.769,-1.12,37.51,,50.42,-2.26,-12.05,,,0.0,0.0,1,279,74.2,0.89,Optimistic,74.2,76.5,74.2,59.1
2010-03-09,3069.14,0.0,-0.73,,52.84,0.0,1.51,0.895,-0.13,42.35,,52.44,-1.61,-11.59,,,0.36,0.0,1,277,75.5,0.89,Optimistic,75.5,77.5,75.5,61.4
2010-03-10,3048.93,0.0,-0.73,,44.43,0.0,2.62,0.827,-1.55,35.87,,49.67,-2.13,-12.17,,,0.714,0.357,1,280,74.1,0.89,Optimistic,74.1,76.1,74.1,56.5
2010-03-11,3051.28,0.0,-0.73,,50.39,0.0,2.63,0.787,0.92,45.81,,50.0,-1.95,-12.1,,,0.719,0.0,1,278,76.7,0.89,Optimistic,76.7,78.7,76.7,58.2
2010-03-12,3013.41,0.0,-0.73,,41.2,0.0,0.37,0.708,-0.58,39.32,,44.88,-3.05,-13.19,,,0.0,0.357,1,280,75.1,0.89,Optimistic,75.1,77.6,75.1,51.8
2010-03-15,2976.94,0.0,-0.73,,32.05,0.0,0.75,0.634,-2.5,32.47,,40.57,-4.08,-14.24,,,0.0,0.36,1,278,73.7,0.89,Optimistic,73.7,76.1,73.7,46.0
2010-03-16,2992.84,0.0,-0.72,,37.6,0.0,2.25,0.596,-2.49,32.62,,43.13,-3.41,-13.79,,,1.429,0.0,1,280,74.2,0.89,Optimistic,74.2,75.9,74.2,48.4
2010-03-17,3050.48,0.0,-0.72,,51.82,0.0,5.26,0.879,0.05,43.03,,51.33,-1.43,-12.13,,,0.358,0.358,1,279,75.6,0.89,Optimistic,75.6,77.8,75.6,60.6
2010-03-18,3046.09,0.0,-0.72,,53.61,0.0,2.64,0.924,-0.17,42.37,,50.73,-1.46,-12.25,,,0.719,0.0,1,278,75.7,0.89,Optimistic,75.7,77.7,75.7,61.6
2010-03-19,3067.75,0.0,-0.72,,65.17,0.38,5.64,0.897,1.8,51.07,,53.61,-0.7,-11.63,,,0.0,0.356,1,279,77.1,0.89,Optimistic,77.1,79.7,77.1,66.0
2010-03-22,3074.58,0.0,-0.72,,70.36,0.0,5.73,0.981,3.28,59.57,,54.51,-0.46,-11.43,,,0.725,0.0,1,276,79.6,0.89,Optimistic,79.6,81.8,79.6,68.7
2010-03-23,3053.12,0.0,-0.72,,62.96,0.0,4.17,0.945,2.01,52.81,,51.15,-1.11,-12.05,,,1.071,0.0,1,279,78.3,0.89,Optimistic,78.3,80.4,78.3,65.2
2010-03-24,3056.81,0.0,-0.72,,54.95,0.0,5.64,0.906,0.21,43.96,,51.7,-1.0,-11.94,,,1.418,0.0,2,282,76.4,0.89,Optimistic,76.4,78.0,76.4,62.3
2010-03-25,3019.18,0.0,-0.72,,50.34,0.0,2.33,0.914,-0.88,39.03,,45.98,-2.19,-13.03,,,1.095,0.0,3,274,75.8,0.89,Optimistic,75.8,77.4,75.8,58.8
2010-03-26,3059.72,0.0,-0.72,,51.26,0.0,2.33,0.942,-0.26,42.07,,52.12,-0.82,-11.86,,,0.733,0.0,2,273,75.8,0.89,Optimistic,75.8,77.5,75.8,61.8
2010-03-29,3123.8,0.0,-0.72,,53.1,0.0,4.15,1.337,1.6,56.63,,59.88,1.26,-10.01,,,0.357,0.0,2,280,78.5,0.89,Optimistic,78.5,80.5,78.5,69.2
2010-03-30,3128.47,0.0,-0.72,,59.36,0.0,8.3,1.03,2.47,56.52,,60.39,1.45,-9.88,,,0.714,0.0,1,280,78.3,0.89,Optimistic,78.3,80.4,78.3,68.9
2010-03-31,3109.11,0.0,-0.72,,57.43,0.0,7.63,1.015,1.71,52.45,,57.18,0.88,-10.44,,,0.722,0.0,1,276,77.5,0.89,Optimistic,77.5,79.7,77.5,66.9
2010-04-01,3147.42,0.0,-0.72,,69.9,0.0,12.5,1.273,4.25,71.9,,61.53,2.18,-9.33,,,1.429,0.357,1,280,81.9,0.89,Greed,81.9,84.4,81.9,74.6
2010-04-02,3157.96,0.0,-0.72,,64.83,0.0,9.96,1.233,3.21,64.7,,62.66,2.59,-9.03,,,0.719,0.0,1,277,80.2,0.89,Greed,80.2,82.5,80.2,73.6
2010-04-06,3158.68,0.0,-0.72,,62.9,0.38,14.45,1.172,1.12,51.45,,62.74,2.66,-9.01,,,0.714,0.357,2,280,77.0,0.89,Optimistic,77.0,79.0,77.0,72.7
2010-04-07,3148.22,0.0,-0.72,,59.76,0.38,11.83,1.037,0.63,47.27,,60.7,2.4,-9.31,,,0.36,0.36,1,278,75.7,0.89,Optimistic,75.7,77.9,75.7,69.7
2010-04-08,3118.71,0.0,-0.72,,57.87,0.38,7.69,1.153,0.31,46.68,,55.25,1.51,-10.16,,,0.0,0.362,1,276,75.8,0.89,Optimistic,75.8,78.3,75.8,68.4
2010-04-09,3145.35,0.0,-0.72,,57.0,0.0,15.59,1.062,-0.07,43.89,,58.84,2.4,-9.39,,,1.779,0.356,1,279,75.2,0.89,Optimistic,75.2,77.2,75.2,68.7
2010-04-12,3129.26,0.0,-0.72,,58.64,0.0,23.37,1.395,-0.91,40.79,,55.92,1.92,-9.86,,,1.792,0.358,1,279,74.8,0.89,Optimistic,74.8,76.7,74.8,70.9
2010-04-13,3161.25,0.0,-0.72,,52.63,0.0,6.02,1.447,0.08,47.8,,60.16,2.99,-8.94,,,0.352,2.465,1,284,75.4,0.89,Optimistic,75.4,78.1,75.4,71.0
2010-04-14,3166.18,0.0,-0.72,,57.06,0.0,10.04,1.068,0.57,47.27,,60.78,3.21,-8.79,,,1.045,0.348,1,287,75.7,0.89,Optimistic,75.7,77.9,75.7,69.7
2010-04-15,3164.97,0.0,-0.72,,53.58,0.76,4.18,1.072,1.48,52.12,,60.53,3.17,-8.83,,,0.712,0.0,2,281,77.3,0.89,Optimistic,77.3,79.2,77.3,68.5
2010-04-16,3130.3,0.0,-0.72,,45.87,0.8,1.99,0.824,-0.48,40.37,,53.69,2.09,-9.83,,,0.743,1.115,1,269,74.6,0.89,Optimistic,74.6,76.8,74.6,60.2
2010-04-19,2980.3,0.0,-0.71,,34.4,1.92,0.0,1.329,-4.76,16.0,,35.16,-2.67,-14.15,,,0.0,6.452,1,279,68.6,0.89,Optimistic,68.6,71.4,68.6,54.0
2010-04-20,2979.53,0.0,-0.71,,41.48,2.32,5.41,1.044,-5.75,18.4,,35.09,-2.56,-14.17,,,0.722,1.083,1,277,70.1,0.89,Optimistic,70.1,72.0,70.1,54.1
2010-04-21,3033.28,0.0,-0.71,,47.05,0.0,12.93,1.2,-4.2,20.91,,43.22,-0.69,-12.62,,,2.827,0.0,1,281,71.0,0.89,Optimistic,71.0,72.3,71.0,60.9
2010-04-22,2999.48,0.0,-0.71,,53.24,1.93,11.2,1.259,-5.23,15.44,,39.84,-1.71,-13.6,,,1.434,0.358,2,279,69.7,0.89,Optimistic,69.7,71.0,69.7,62.0
2010-04-23,2983.54,0.0,-0.71,,50.94,1.52,6.06,1.078,-4.69,19.58,,38.32,-2.14,-14.05,,,0.704,0.352,1,284,70.4,0.89,Optimistic,70.4,72.2,70.4,59.1
2010-04-26,2969.5,0.0,-0.71,,58.74,1.5,4.51,0.93,-0.36,41.52,,36.98,-2.52,-14.46,,,0.352,1.761,1,284,75.6,0.89,Optimistic,75.6,78.1,75.6,59.1
2010-04-27,2907.93,0.0,-0.71,,48.34,3.38,1.5,1.139,-2.4,31.5,,31.74,-4.44,-16.23,,,0.0,3.158,1,285,73.0,0.89,Optimistic,73.0,75.9,73.0,55.4
2010-04-28,2900.33,0.055,-0.7,,35.97,2.24,2.61,0.876,-4.38,23.43,,31.15,-4.63,-16.45,,,0.697,2.091,1,286,71.5,0.89,Optimistic,71.5,73.8,71.5,47.5
2010-04-29,2868.43,0.0,-0.71,,28.33,4.12,0.75,0.936,-4.37,22.82,,28.75,-5.62,-17.37,,,0.353,3.534,1,283,71.3,0.89,Optimistic,71.3,73.8,71.3,44.6
2010-04-30,2870.61,0.0,-0.71,,25.75,6.06,0.76,0.928,-3.78,25.63,,29.15,-5.48,-17.31,,,0.0,5.654,1,282,71.6,0.89,Optimistic,71.6,74.5,71.6,43.9
2010-05-04,2835.28,0.0,-0.71,,24.21,7.04,1.48,0.689,-4.52,25.01,,26.54,-6.56,-18.33,,,0.346,1.384,1,289,72.4,0.89,Optimistic,72.4,74.6,72.4,38.8
2010-05-05,2857.15,0.055,-0.7,,39.73,1.5,3.0,0.997,-1.75,35.11,,30.68,-5.8,-17.7,,,3.846,1.049,1,286,75.3,0.89,Optimistic,75.3,77.1,75.3,49.5
2010-05-06,2739.7,0.055,-0.7,,33.76,9.65,1.16,0.968,-5.54,19.45,,23.14,-9.58,-21.08,,,0.0,3.943,1,278,70.9,0.89,Optimistic,70.9,73.7,70.9,43.3
2010-05-07,2688.38,0.11,-0.69,,35.17,8.71,0.38,0.959,-6.28,19.56,,20.74,-11.12,-22.56,,,0.0,1.767,1,283,71.5,0.89,Optimistic,71.5,74.1,71.5,42.3
2010-05-10,2698.76,0.11,-0.69,,38.59,4.63,0.39,0.855,-5.99,21.0,,22.49,-10.63,-22.26,,,0.362,4.348,1,276,71.8,0.89,Optimistic,71.8,74.4,71.8,42.6
2010-05-11,2647.57,0.11,-0.69,,33.79,7.14,0.0,0.921,-6.62,20.09,,20.12,-12.18,-23.73,,,0.352,3.873,1,284,71.8,0.89,Optimistic,71.8,74.4,71.8,40.6
2010-05-12,2655.71,0.11,-0.69,,22.79,5.56,0.0,0.866,-7.05,20.84,,21.54,-11.77,-23.5,,,0.348,2.787,1,287,72.1,0.89,Optimistic,72.1,74.6,72.1,36.8
2010-05-13,2710.51,0.11,-0.69,,39.32,0.74,0.37,0.869,-1.07,38.05,,30.44,-9.83,-21.92,,,2.797,0.699,2,286,77.0,0.89,Optimistic,77.0,78.7,77.0,45.2
2010-05-14,2696.63,0.11,-0.68,,45.29,0.37,0.37,0.764,0.31,43.12,,29.53,-10.15,-22.32,,,0.352,0.0,2,284,78.2,0.89,Optimistic,78.2,80.1,78.2,45.3
2010-05-17,2559.93,0.11,-0.68,,38.39,18.08,0.0,0.858,-5.14,20.95,,22.39,-14.51,-26.26,,,0.351,20.351,1,285,72.0,0.89,Optimistic,72.0,75.0,72.0,40.6
2010-05-18,2594.78,0.274,-0.65,,49.05,5.0,0.0,0.856,-1.99,33.99,,27.22,-13.14,-25.25,,,1.107,1.107,1,270,76.0,0.89,Optimistic,76.0,78.3,76.0,45.9
2010-05-19,2587.81,0.219,-0.66,,52.01,5.54,0.37,0.735,-2.56,31.95,,26.86,-13.17,-25.45,,,1.399,0.0,2,286,76.1,0.89,Optimistic,76.1,77.7,76.1,45.0
2010-05-20,2555.94,0.273,-0.65,,37.55,12.88,0.0,0.683,-5.7,23.36,,25.22,-14.03,-26.37,,,0.358,1.792,1,279,73.2,0.89,Optimistic,73.2,75.6,73.2,38.4
2010-05-21,2583.52,0.273,-0.65,,43.97,1.89,0.0,0.865,-4.19,24.38,,29.25,-12.89,-25.58,,,2.151,0.0,1,279,74.1,0.89,Optimistic,74.1,75.7,74.1,44.7
2010-05-24,2673.42,0.219,-0.66,,63.41,0.0,1.1,1.162,4.43,70.05,,40.51,-9.66,-22.99,,,6.643,0.0,2,286,84.6,0.89,Greed,84.6,86.2,84.6,59.7
2010-05-25,2622.63,0.109,-0.68,,56.08,0.74,1.12,0.964,1.07,48.62,,36.93,-11.17,-24.45,,,0.702,0.351,2,283,78.9,0.89,Optimistic,78.9,81.0,78.9,53.3
2010-05-26,2625.79,0.163,-0.67,,55.87,0.75,0.38,0.712,1.47,46.94,,37.3,-10.83,-24.36,,,0.355,0.355,1,282,78.1,0.89,Optimistic,78.1,80.5,78.1,49.8
2010-05-27,2655.92,0.218,-0.66,,71.03,0.0,1.85,0.917,3.91,61.06,,40.87,-9.59,-23.49,,,1.394,0.348,1,287,81.4,0.89,Greed,81.4,83.8,81.4,58.8
2010-05-28,2655.77,0.163,-0.67,,63.76,0.38,1.52,0.91,2.8,55.8,,40.86,-9.37,-23.5,,,0.357,0.357,1,280,79.9,0.89,Optimistic,79.9,82.4,79.9,57.1
2010-05-31,2592.15,0.217,-0.66,,45.89,3.38,0.38,0.828,-3.04,29.61,,35.86,-11.32,-25.33,,,0.0,4.27,1,281,73.2,0.89,Optimistic,73.2,76.2,73.2,47.3
2010-06-01,2568.28,0.325,-0.64,,43.11,7.27,0.0,0.792,-2.07,33.73,,34.17,-11.91,-26.02,,,0.0,0.342,1,291,75.0,0.89,Optimistic,75.0,77.5,75.0,44.9
2010-06-02,2571.42,0.271,-0.65,,49.73,1.84,0.0,0.69,-2.07,33.85,,34.61,-11.55,-25.93,,,2.076,0.346,1,289,75.5,0.89,Optimistic,75.5,77.5,75.5,46.1
2010-06-03,2552.66,0.27,-0.65,,36.56,3.32,0.37,0.742,-3.89,26.82,,33.19,-11.94,-26.47,,,0.347,0.0,1,287,73.9,0.89,Optimistic,73.9,75.8,73.9,41.5
2010-06-04,2553.59,0.27,-0.65,,40.9,2.91,0.36,0.606,-3.85,28.17,,33.34,-11.65,-26.44,,,0.342,0.342,1,292,74.0,0.89,Optimistic,74.0,76.2,74.0,41.2
2010-06-07,2511.73,0.27,-0.65,,46.71,8.0,0.73,0.707,-3.1,30.02,,30.16,-12.83,-27.65,,,1.027,0.342,2,292,75.3,0.89,Optimistic,75.3,77.1,75.3,43.2
2010-06-08,2513.95,0.324,-0.63,,58.38,1.82,1.46,0.68,-2.12,33.7,,30.53,-12.5,-27.58,,,1.718,0.344,1,290,76.0,0.89,Optimistic,76.0,78.0,76.0,47.0
2010-06-09,2583.87,0.27,-0.64,,60.47,0.0,1.46,1.038,0.48,46.53,,41.33,-9.86,-25.57,,,1.027,0.0,2,292,78.1,0.89,Optimistic,78.1,79.9,78.1,57.3
2010-06-10,2562.58,0.269,-0.64,,64.62,1.47,0.37,0.802,0.39,43.79,,39.33,-10.38,-26.18,,,1.027,1.027,1,290,77.1,0.89,Optimistic,77.1,79.4,77.1,54.4
2010-06-11,2569.94,0.269,-0.64,,59.58,0.0,0.74,0.713,0.64,43.89,,40.4,-9.87,-25.97,,,0.687,0.0,1,291,77.2,0.89,Optimistic,77.2,79.3,77.2,52.1
2010-06-17,2560.24,0.269,-0.64,,57.77,0.37,0.0,0.591,1.93,46.71,,39.41,-9.96,-26.25,,,0.348,1.394,1,287,77.6,0.89,Optimistic,77.6,80.2,77.6,49.5
2010-06-18,2513.22,0.269,-0.64,,44.34,6.32,0.0,0.728,-0.03,41.52,,34.93,-11.32,-27.6,,,0.0,5.594,1,286,76.2,0.89,Optimistic,76.2,79.5,76.2,44.6
2010-06-21,2586.21,0.376,-0.62,,44.75,0.36,0.0,0.854,0.09,43.0,,45.32,-8.48,-25.5,,,2.74,0.342,1,292,76.7,0.89,Optimistic,76.7,78.7,76.7,51.0
2010-06-22,2588.7,0.269,-0.64,,48.16,0.36,0.0,0.695,1.02,45.07,,45.64,-8.14,-25.43,,,0.687,0.0,1,291,77.1,0.89,Optimistic,77.1,79.2,77.1,50.1
2010-06-23,2569.87,0.268,-0.64,,46.6,1.1,0.0,0.645,-0.0,40.96,,43.57,-8.55,-25.97,,,0.345,0.0,1,290,76.1,0.89,Optimistic,76.1,78.2,76.1,48.1
2010-06-24,2566.74,0.268,-0.64,,49.66,2.15,0.0,0.539,0.25,40.9,,43.22,-8.41,-26.06,,,0.338,0.0,1,296,76.1,0.89,Optimistic,76.1,78.2,76.1,47.7
2010-06-25,2552.82,0.268,-0.64,,51.07,3.27,0.0,0.556,1.58,45.07,,41.61,-8.64,-26.46,,,0.0,0.344,1,291,76.9,0.89,Optimistic,76.9,79.5,76.9,47.9
2010-06-28,2535.28,0.268,-0.64,,36.17,5.86,0.37,0.484,-1.97,34.35,,39.62,-8.94,-26.97,,,1.034,0.345,1,290,74.8,0.89,Optimistic,74.8,76.9,74.8,41.1
2010-06-29,2427.05,0.321,-0.63,,23.73,21.45,0.0,0.84,-6.24,21.2,,30.05,-12.46,-30.09,,,0.0,10.959,1,292,71.6,0.89,Optimistic,71.6,74.8,71.6,37.1
2010-06-30,2398.37,0.428,-0.61,,21.38,26.71,0.0,0.632,-6.67,24.06,,28.11,-13.13,-30.91,,,1.02,3.401,1,294,73.1,0.89,Optimistic,73.1,75.6,73.1,32.7
2010-07-01,2373.79,0.375,-0.62,,17.9,25.89,0.35,0.577,-7.52,24.81,,26.53,-13.61,-31.62,,,0.671,0.336,2,298,74.1,0.89,Optimistic,74.1,75.9,74.1,30.9
2010-07-02,2382.9,0.428,-0.61,,24.34,15.19,0.35,0.801,-6.66,21.73,,28.14,-12.87,-31.36,,,0.336,0.671,1,298,72.9,0.89,Optimistic,72.9,75.0,72.9,36.0
2010-07-05,2363.95,0.428,-0.61,,26.97,17.5,0.36,0.569,-6.76,24.93,,26.82,-13.14,-31.9,,,0.683,0.0,1,293,74.0,0.89,Optimistic,74.0,75.8,74.0,33.1
2010-07-06,2409.42,0.427,-0.61,,46.01,0.0,0.0,0.737,-0.73,38.93,,34.72,-11.07,-30.59,,,3.02,0.0,1,297,77.1,0.89,Optimistic,77.1,78.8,77.1,44.8
2010-07-07,2421.12,0.374,-0.62,,57.6,0.0,0.0,0.68,0.95,44.64,,36.62,-10.25,-30.26,,,1.351,0.0,2,296,78.2,0.89,Optimistic,78.2,80.0,78.2,49.0
2010-07-08,2415.15,0.373,-0.62,,58.25,0.35,0.0,0.668,1.74,47.29,,36.04,-10.07,-30.43,,,2.007,0.0,1,299,78.8,0.89,Optimistic,78.8,80.8,78.8,48.9
2010-07-09,2470.92,0.373,-0.62,,68.44,0.0,0.0,1.064,3.69,63.57,,44.77,-7.62,-28.82,,,2.041,0.0,1,294,82.3,0.89,Greed,82.3,84.6,82.3,60.9
2010-07-12,2490.72,0.32,-0.63,,77.21,0.0,0.35,1.039,5.36,69.64,,47.51,-6.48,-28.25,,,0.678,0.0,2,295,83.8,0.89,Greed,83.8,86.1,83.8,63.9
2010-07-13,2450.29,0.319,-0.63,,62.37,0.0,0.0,0.842,1.7,49.75,,42.84,-7.59,-29.42,,,1.003,0.669,3,299,78.9,0.89,Optimistic,78.9,81.0,78.9,55.9
2010-07-14,2470.44,0.372,-0.62,,59.68,0.0,0.35,0.934,2.04,52.73,,45.71,-6.42,-28.84,,,1.667,0.0,4,300,80.0,0.89,Greed,80.0,81.7,80.0,57.6
2010-07-15,2424.3,0.372,-0.62,,54.81,2.47,0.0,1.36,0.38,49.03,,40.68,-7.76,-30.16,,,0.0,1.01,1,297,78.0,0.89,Optimistic,78.0,80.9,78.0,58.0
2010-07-16,2424.27,0.371,-0.62,,47.26,1.42,0.0,0.908,-1.89,34.43,,40.67,-7.43,-30.17,,,1.361,0.34,1,294,75.0,0.89,Optimistic,75.0,77.0,75.0,51.2
2010-07-19,2475.42,0.318,-0.63,,51.12,0.35,0.0,1.154,-0.61,41.5,,48.03,-5.17,-28.69,,,1.017,0.0,1,295,76.7,0.89,Optimistic,76.7,78.7,76.7,58.4
2010-07-20,2528.73,0.212,-0.65,,65.97,0.0,0.35,1.544,3.2,71.36,,54.37,-2.82,-27.16,,,2.349,0.0,1,298,83.8,0.89,Greed,83.8,86.1,83.8,68.6
2010-07-21,2535.39,0.212,-0.65,,61.87,0.0,0.0,1.487,2.63,66.09,,55.11,-2.27,-26.96,,,1.01,0.0,2,297,82.4,0.89,Greed,82.4,84.6,82.4,67.8
2010-07-22,2562.41,0.212,-0.65,,79.04,0.0,0.0,1.381,5.7,79.69,,58.07,-0.96,-26.19,,,1.347,0.0,1,297,85.4,0.89,Greed,85.4,87.9,85.4,72.6
2010-07-23,2572.03,0.212,-0.65,,75.39,0.0,0.35,1.49,6.09,82.9,,59.1,-0.34,-25.91,,,0.671,0.0,1,298,85.9,0.89,Greed,85.9,88.6,85.9,73.2
2010-07-26,2588.68,0.212,-0.65,,73.09,0.0,1.06,1.209,4.58,72.16,,60.9,0.52,-25.43,,,0.0,0.0,1,296,82.7,0.89,Greed,82.7,85.6,82.7,71.4
2010-07-27,2575.37,0.212,-0.65,,60.52,0.0,1.4,1.126,1.84,54.86,,58.68,0.21,-25.81,,,0.0,0.0,1,296,78.5,0.89,Optimistic,78.5,81.1,78.5,66.8
2010-07-28,2633.66,0.211,-0.65,,70.69,0.0,1.75,1.676,3.88,79.51,,64.74,2.63,-24.13,,,0.678,0.0,1,295,84.5,0.89,Greed,84.5,87.1,84.5,75.8
2010-07-29,2648.12,0.106,-0.67,,64.7,0.0,1.74,1.792,3.34,77.92,,66.07,3.35,-23.72,,,1.347,0.0,5,297,84.6,0.89,Greed,84.6,86.5,84.6,75.5
2010-07-30,2637.5,0.158,-0.66,,63.62,0.0,0.69,1.208,2.55,60.25,,64.16,3.07,-24.02,,,0.0,0.336,1,298,79.1,0.89,Optimistic,79.1,81.9,79.1,71.3
2010-08-02,2672.52,0.158,-0.66,,66.46,0.0,1.4,1.431,3.24,69.16,,67.5,4.56,-23.01,,,1.014,0.0,1,296,81.6,0.89,Greed,81.6,83.9,81.6,75.3
2010-08-03,2627.0,0.105,-0.67,,61.94,0.0,0.35,1.615,2.0,63.79,,59.71,2.85,-24.33,,,0.0,0.0,1,295,80.2,0.89,Greed,80.2,82.9,80.2,72.3
2010-08-04,2638.52,0.158,-0.66,,56.57,0.0,0.7,1.404,0.18,48.15,,60.94,3.34,-23.99,,,0.68,0.0,1,294,76.6,0.89,Optimistic,76.6,78.6,76.6,69.9
2010-08-05,2620.76,0.158,-0.66,,53.77,0.0,1.42,1.416,-1.03,40.03,,58.0,2.7,-24.51,,,0.342,0.342,1,292,74.4,0.89,Optimistic,74.4,76.6,74.4,67.9
2010-08-06,2658.39,0.21,-0.64,,65.64,0.0,2.45,1.499,0.79,53.27,,62.16,4.16,-23.42,,,0.676,0.0,1,296,77.7,0.89,Optimistic,77.7,79.8,77.7,74.1
2010-08-09,2672.53,0.158,-0.66,,61.44,0.0,2.11,1.477,0.0,47.48,,63.62,4.71,-23.01,,,0.678,0.0,2,295,76.4,0.89,Optimistic,76.4,78.1,76.4,73.5
2010-08-10,2595.27,0.158,-0.65,,59.48,0.0,0.35,1.551,-1.21,39.21,,51.85,1.76,-25.24,,,0.0,3.741,1,294,73.7,0.89,Optimistic,73.7,76.7,73.7,68.7
2010-08-11,2607.5,0.21,-0.64,,60.96,0.0,2.12,1.053,-1.18,38.07,,53.32,2.29,-24.89,,,0.0,0.0,1,293,74.1,0.89,Optimistic,74.1,76.3,74.1,66.0
2010-08-12,2575.47,0.21,-0.64,,56.01,0.0,1.05,1.119,-1.73,35.24,,49.09,1.03,-25.81,,,0.0,0.0,1,293,73.8,0.89,Optimistic,73.8,76.0,73.8,63.3
2010-08-13,2606.7,0.21,-0.64,,55.67,0.0,2.11,1.07,-1.94,34.08,,53.01,2.24,-24.91,,,1.017,0.0,1,295,73.5,0.89,Optimistic,73.5,75.3,73.5,64.4
2010-08-16,2661.71,0.21,-0.64,,59.94,0.0,4.63,1.515,-0.41,44.87,,58.99,4.35,-22.37,,,0.344,0.0,2,291,75.7,0.89,Optimistic,75.7,77.5,75.7,72.1
2010-08-17,2671.89,0.157,-0.65,,73.4,0.0,5.57,1.46,2.95,67.81,,60.01,4.67,-20.39,,,1.01,0.0,3,297,81.5,0.89,Greed,81.5,83.5,81.5,75.9
2010-08-18,2666.3,0.157,-0.65,,64.86,0.0,3.53,1.604,2.26,65.51,,59.14,4.4,-20.14,,,0.0,0.0,1,293,80.3,0.89,Greed,80.3,83.0,80.3,74.3
2010-08-19,2687.98,0.157,-0.65,,69.48,0.0,2.09,1.497,4.37,78.61,,61.46,5.23,-19.49,,,1.351,0.0,1,296,83.8,0.89,Greed,83.8,86.3,83.8,76.0
2010-08-20,2642.31,0.157,-0.65,,54.55,0.0,1.39,1.35,1.37,55.3,,54.45,3.43,-20.86,,,0.673,0.673,2,296,78.5,0.89,Optimistic,78.5,80.7,78.5,67.8
2010-08-23,2639.37,0.209,-0.64,,47.34,0.0,2.11,1.019,-0.84,39.68,,54.02,3.31,-20.95,,,0.68,0.0,1,294,74.7,0.89,Optimistic,74.7,76.6,74.7,62.3
2010-08-24,2650.31,0.209,-0.64,,48.18,0.0,3.15,1.236,-0.81,40.77,,55.42,3.74,-20.62,,,0.678,0.0,1,295,74.8,0.89,Optimistic,74.8,76.8,74.8,65.2
2010-08-25,2596.58,0.156,-0.65,,44.05,0.36,1.78,1.259,-2.61,29.91,,47.72,1.68,-22.23,,,0.0,0.0,1,290,72.6,0.89,Optimistic,72.6,74.8,72.6,60.9
2010-08-26,2603.48,0.209,-0.64,,46.81,0.0,3.17,0.918,-3.14,28.66,,48.71,1.94,-22.02,,,0.683,0.341,1,293,72.4,0.89,Optimistic,72.4,74.3,72.4,58.7
2010-08-27,2610.74,0.208,-0.64,,55.88,0.35,4.24,0.805,-1.19,37.32,,49.78,2.2,-21.8,,,0.687,0.344,1,291,74.4,0.89,Optimistic,74.4,76.5,74.4,60.6
2010-08-30,2652.66,0.208,-0.64,,62.67,0.0,7.45,1.263,0.5,48.87,,55.56,3.78,-20.55,,,1.384,0.346,1,289,76.8,0.89,Optimistic,76.8,78.9,76.8,70.3
2010-08-31,2638.8,0.208,-0.64,,58.63,0.34,6.9,1.257,-0.43,43.13,,53.37,3.18,-20.96,,,1.684,0.0,2,296,76.0,0.89,Optimistic,76.0,77.6,76.0,68.1
2010-09-01,2622.88,0.208,-0.64,,59.66,0.34,2.39,1.431,1.01,54.01,,50.89,2.51,-21.44,,,1.0,0.0,2,300,78.9,0.89,Optimistic,78.9,80.8,78.9,68.8
2010-09-02,2655.78,0.207,-0.64,,66.02,0.0,6.57,1.378,2.01,59.91,,55.49,3.7,-20.45,,,3.716,0.0,3,296,80.3,0.89,Greed,80.3,81.8,80.3,72.0
2010-09-03,2655.39,0.207,-0.64,,64.95,0.0,6.55,1.422,1.71,58.62,,55.43,3.59,-20.47,,,3.367,0.0,4,297,80.0,0.89,Greed,80.0,81.5,80.0,72.0
2010-09-06,2696.25,0.207,-0.64,,55.65,0.0,5.1,1.565,1.64,60.3,,60.72,5.11,-19.24,,,1.333,0.667,1,300,79.1,0.89,Optimistic,79.1,81.4,79.1,72.1
2010-09-07,2698.36,0.104,-0.66,,58.1,0.0,3.81,1.207,2.26,58.56,,60.98,5.1,-19.18,,,1.361,0.0,1,294,78.9,0.89,Optimistic,78.9,81.0,78.9,70.6
2010-09-08,2695.29,0.103,-0.66,,66.29,0.34,5.48,1.213,2.76,61.62,,60.36,4.89,-19.27,,,1.678,0.336,2,297,79.8,0.89,Optimistic,79.8,81.8,79.8,72.7
2010-09-09,2656.35,0.103,-0.66,,52.49,0.68,6.1,1.409,0.02,47.09,,52.99,3.31,-20.44,,,1.993,0.0,2,301,77.1,0.89,Optimistic,77.1,78.7,77.1,67.3
2010-09-10,2663.21,0.155,-0.65,,52.53,0.34,5.17,1.182,0.29,46.86,,54.06,3.48,-20.23,,,2.027,0.0,3,296,77.0,0.89,Optimistic,77.0,78.5,77.0,66.0
2010-09-13,2688.32,0.155,-0.65,,59.22,0.34,6.55,1.223,-0.29,43.75,,57.82,4.39,-19.48,,,2.027,0.0,1,296,75.5,0.89,Optimistic,75.5,77.3,75.5,69.9
2010-09-14,2688.52,0.155,-0.65,,54.95,0.68,6.51,1.243,-0.36,43.46,,57.85,4.33,-19.47,,,1.007,0.0,2,298,75.5,0.89,Optimistic,75.5,77.2,75.5,68.6
2010-09-15,2652.5,0.155,-0.65,,46.2,0.69,1.72,1.245,-1.59,36.13,,50.92,2.87,-20.55,,,0.0,0.673,1,297,73.6,0.89,Optimistic,73.6,76.0,73.6,63.1
2010-09-16,2602.47,0.155,-0.65,,44.11,1.37,0.69,1.201,-2.03,33.52,,43.17,0.91,-22.05,,,0.337,0.337,1,297,73.6,0.89,Optimistic,73.6,75.7,73.6,59.0
2010-09-17,2598.69,0.154,-0.65,,41.31,1.36,2.03,0.83,-2.42,32.21,,42.65,0.73,-22.16,,,0.669,0.334,1,299,73.4,0.89,Optimistic,73.4,75.4,73.4,53.4
2010-09-20,2588.71,0.154,-0.65,,30.37,1.72,2.07,0.788,-3.71,27.14,,41.22,0.31,-22.46,,,1.014,0.338,1,296,72.2,0.89,Optimistic,72.2,74.1,72.2,48.5
2010-09-21,2591.55,0.154,-0.65,,31.47,1.69,2.37,0.573,-3.61,29.2,,41.81,0.32,-22.38,,,0.331,0.993,2,301,72.7,0.89,Optimistic,72.7,74.6,72.7,46.0
2010-09-27,2627.97,0.154,-0.65,,46.88,0.35,4.18,0.76,-0.93,38.25,,48.99,1.57,-21.29,,,2.041,0.0,1,294,75.1,0.89,Optimistic,75.1,76.8,75.1,56.5
2010-09-28,2611.35,0.154,-0.65,,51.23,1.72,5.84,0.917,0.34,44.67,,46.19,0.78,-21.78,,,0.336,0.336,1,298,76.4,0.89,Optimistic,76.4,78.6,76.4,59.2
2010-09-29,2610.68,0.205,-0.63,,46.49,1.71,2.05,0.867,0.46,44.73,,46.08,0.6,-21.8,,,0.332,0.332,1,299,76.4,0.89,Optimistic,76.4,78.6,76.4,56.7
2010-09-30,2655.66,0.154,-0.64,,57.72,0.0,5.08,0.873,2.59,54.15,,54.26,2.15,-20.46,,,1.645,0.0,1,304,78.4,0.89,Optimistic,78.4,80.4,78.4,63.5
2010-10-08,2738.74,0.154,-0.64,,66.69,0.0,7.85,1.315,5.68,77.74,,64.86,5.12,-17.97,,,2.99,0.0,2,301,84.1,0.89,Greed,84.1,86.0,84.1,74.9
2010-10-11,2806.94,0.153,-0.64,,59.92,0.0,4.41,1.986,6.81,92.0,,70.84,7.47,-15.93,,,2.97,0.33,1,303,86.8,0.89,Greed,86.8,89.4,86.8,79.0
2010-10-12,2841.41,0.153,-0.64,,63.69,0.0,5.42,1.564,8.81,85.08,,73.31,8.5,-14.89,,,3.63,0.0,2,303,85.4,0.89,Greed,85.4,87.4,85.4,79.5
2010-10-13,2861.36,0.153,-0.64,,70.97,0.0,4.78,1.701,9.6,89.1,,74.65,8.99,-14.3,,,1.993,0.0,1,301,85.9,0.89,Greed,85.9,88.4,85.9,82.3
2010-10-14,2879.64,0.153,-0.64,,57.12,0.0,1.37,2.075,8.43,92.0,,75.85,9.41,-13.75,,,0.664,2.658,2,301,85.9,0.89,Greed,85.9,89.1,85.9,80.2
2010-10-15,2971.16,0.153,-0.64,,46.73,0.0,2.79,2.093,8.49,92.0,,80.74,12.52,-11.01,,,1.356,0.339,3,295,86.1,0.89,Greed,86.1,88.6,86.1,79.0
2010-10-18,2955.23,0.102,-0.65,,42.66,0.69,1.39,2.273,5.28,92.0,,77.79,11.58,-11.48,,,1.695,2.373,1,295,85.6,0.89,Greed,85.6,88.7,85.6,77.0
2010-10-19,3001.85,0.102,-0.65,,50.16,0.0,2.41,1.434,5.65,81.25,,80.08,12.93,-10.09,,,4.348,0.0,1,298,83.6,0.89,Greed,83.6,85.7,83.6,77.8
2010-10-20,3003.95,0.102,-0.65,,47.77,0.0,6.16,1.73,4.98,89.81,,80.18,12.6,-10.03,,,2.658,0.332,1,301,85.4,0.89,Greed,85.4,88.0,85.4,78.3
2010-10-21,2983.53,0.152,-0.64,,54.87,0.0,4.42,1.319,3.61,69.07,,76.2,11.48,-10.64,,,2.632,0.0,1,303,80.6,0.89,Greed,80.6,82.7,80.6,77.3
2010-10-22,2975.04,0.102,-0.65,,59.64,0.0,6.51,1.19,0.13,45.99,,74.54,10.85,-10.89,,,1.987,0.0,2,302,75.2,0.89,Optimistic,75.2,76.6,75.2,77.3
2010-10-25,3051.42,0.152,-0.64,,70.57,0.0,9.97,1.548,3.25,71.84,,78.97,13.33,-8.6,,,2.658,0.0,3,301,81.4,0.89,Greed,81.4,83.1,81.4,84.8
2010-10-26,3041.54,0.101,-0.65,,60.5,0.0,7.29,1.586,1.32,58.21,,77.11,12.63,-8.9,,,1.342,0.0,3,298,77.9,0.89,Optimistic,77.9,79.6,77.9,81.7
2010-10-27,2997.05,0.152,-0.64,,57.8,0.0,2.79,1.389,-0.23,45.26,,69.16,10.7,-10.23,,,1.01,0.337,1,297,74.5,0.89,Optimistic,74.5,76.5,74.5,77.2
2010-10-28,2992.58,0.101,-0.65,,57.53,0.0,6.53,1.122,0.3,46.36,,68.4,10.26,-10.37,,,1.329,0.0,2,301,75.3,0.89,Optimistic,75.3,76.8,75.3,74.7
2010-10-29,2978.84,0.101,-0.65,,57.45,0.0,8.25,1.142,0.13,45.57,,65.99,9.48,-10.78,,,2.326,0.0,4,301,75.5,0.89,Optimistic,75.5,76.8,75.5,73.9
2010-11-01,3054.02,0.101,-0.65,,56.87,0.0,14.92,1.435,0.09,47.73,,71.83,11.95,-8.53,,,3.607,0.0,5,305,75.9,0.89,Optimistic,75.9,76.9,75.9,78.5
2010-11-02,3045.43,0.101,-0.65,,56.47,0.0,7.51,1.72,0.13,50.41,,70.35,11.37,-8.78,,,1.316,0.329,1,303,75.7,0.89,Optimistic,75.7,77.7,75.7,79.2
2010-11-03,3030.99,0.101,-0.65,,56.09,0.0,2.41,1.436,1.13,54.89,,67.8,10.57,-9.22,,,0.0,0.662,1,302,76.4,0.89,Optimistic,76.4,79.1,76.4,76.8
2010-11-04,3086.94,0.101,-0.65,,64.3,0.0,8.81,1.322,3.15,66.26,,72.02,12.33,-7.54,,,3.922,0.0,1,306,80.0,0.89,Greed,80.0,81.8,80.0,80.3
2010-11-05,3129.5,0.101,-0.65,,66.0,0.0,11.19,1.572,5.06,85.3,,74.73,13.54,-6.26,,,2.632,0.0,2,304,84.6,0.89,Greed,84.6,86.7,84.6,83.4
2010-11-08,3159.51,0.101,-0.65,,64.04,0.0,14.78,1.508,3.45,72.38,,76.47,14.26,-5.37,,,4.348,0.0,3,299,81.6,0.89,Greed,81.6,83.2,81.6,83.4
2010-11-09,3135.0,0.101,-0.65,,66.78,0.0,14.83,1.397,2.94,66.44,,72.12,13.03,-6.1,,,3.333,0.0,4,300,80.3,0.89,Greed,80.3,81.7,80.3,81.9
2010-11-10,3115.36,0.101,-0.65,,70.69,0.0,12.59,1.33,2.78,64.07,,68.74,12.01,-6.69,,,2.365,0.338,5,296,79.7,0.89,Optimistic,79.7,81.4,79.7,81.3
2010-11-11,3147.74,0.101,-0.65,,58.19,0.0,8.62,1.5,1.97,61.66,,71.14,12.85,-5.72,,,0.667,0.0,1,300,78.3,0.89,Optimistic,78.3,80.5,78.3,80.1
2010-11-12,2985.43,0.1,-0.65,,44.27,0.0,1.4,1.645,-4.6,13.2,,50.31,6.79,-10.58,,,1.007,14.765,2,296,66.9,0.89,Optimistic,66.9,69.0,66.9,68.0
2010-11-15,3014.41,0.151,-0.64,,44.23,0.0,5.88,1.068,-4.59,20.21,,52.96,7.56,-9.71,,,3.654,0.0,1,301,69.7,0.89,Optimistic,69.7,70.8,69.7,65.0
2010-11-16,2894.54,0.151,-0.64,,36.02,0.35,3.11,1.184,-7.67,16.48,,42.8,3.09,-13.3,,,0.332,6.977,1,301,67.8,0.89,Optimistic,67.8,70.3,67.8,58.3
2010-11-17,2838.86,0.15,-0.64,,28.36,0.68,0.34,0.849,-8.88,21.08,,39.05,0.97,-14.97,,,0.0,5.502,1,308,69.2,0.89,Optimistic,69.2,71.9,69.2,49.7
2010-11-18,2865.45,0.15,-0.64,,39.77,0.0,0.68,0.698,-8.97,23.15,,41.68,1.79,-14.17,,,0.974,0.325,1,308,70.6,0.89,Optimistic,70.6,72.3,70.6,52.4
2010-11-19,2888.57,0.15,-0.64,,56.48,0.34,3.7,0.848,-3.24,28.63,,43.94,2.48,-13.48,,,2.589,0.0,2,309,72.4,0.89,Optimistic,72.4,73.6,72.4,61.5
2010-11-22,2884.37,0.15,-0.63,,54.1,0.34,5.12,0.87,-4.31,23.8,,43.61,2.2,-13.61,,,1.639,0.0,2,305,71.2,0.89,Optimistic,71.2,72.4,71.2,60.8
2010-11-23,2828.28,0.15,-0.63,,57.57,0.34,4.73,0.797,-2.29,32.84,,39.35,0.13,-15.29,,,0.0,0.326,1,307,72.9,0.89,Optimistic,72.9,75.2,72.9,58.6
2010-11-24,2859.94,0.25,-0.61,,74.19,0.0,8.11,0.797,0.74,45.19,,42.75,1.12,-14.34,,,2.606,0.0,1,307,76.6,0.89,Optimistic,76.6,78.3,76.6,64.5
2010-11-25,2898.26,0.2,-0.62,,70.03,0.0,4.76,0.903,1.14,48.18,,46.65,2.32,-13.19,,,2.295,0.0,2,305,77.2,0.89,Optimistic,77.2,78.8,77.2,66.7
2010-11-26,2871.7,0.15,-0.63,,59.53,0.0,4.08,0.757,-0.58,39.57,,44.39,1.25,-13.99,,,0.658,0.0,1,304,74.9,0.89,Optimistic,74.9,76.8,74.9,60.6
2010-11-29,2866.36,0.2,-0.62,,56.12,0.0,6.12,0.699,-0.62,39.12,,43.93,0.9,-14.15,,,1.639,0.0,1,305,75.0,0.89,Optimistic,75.0,76.7,75.0,58.3
2010-11-30,2820.18,0.25,-0.61,,53.32,0.68,3.72,0.952,-0.29,42.02,,40.06,-0.85,-15.53,,,0.977,1.954,2,307,75.6,0.89,Optimistic,75.6,77.9,75.6,59.1
2010-12-01,2823.45,0.25,-0.61,,43.91,0.0,1.0,0.551,-1.28,36.4,,40.46,-0.86,-15.43,,,0.645,0.0,1,310,74.5,0.89,Optimistic,74.5,76.4,74.5,50.3
2010-12-02,2843.61,0.25,-0.61,,42.92,0.0,1.69,0.706,-1.89,34.51,,42.99,-0.26,-14.83,,,0.651,0.0,1,307,73.9,0.89,Optimistic,73.9,75.8,73.9,53.0
2010-12-03,2842.43,0.249,-0.61,,41.69,0.0,0.68,0.567,-1.02,37.22,,42.87,-0.42,-14.86,,,0.0,0.33,1,303,74.1,0.89,Optimistic,74.1,76.5,74.1,50.5
2010-12-06,2857.18,0.249,-0.61,,35.78,0.0,0.69,0.611,-0.32,39.66,,44.85,-0.04,-14.42,,,0.0,0.332,1,301,74.6,0.89,Optimistic,74.6,77.1,74.6,49.8
2010-12-07,2875.86,0.248,-0.61,,48.49,0.0,1.35,0.593,1.97,46.88,,47.34,0.48,-13.69,,,1.303,0.0,1,307,76.9,0.89,Optimistic,76.9,78.9,76.9,55.0
2010-12-08,2848.55,0.248,-0.61,,44.89,0.0,2.03,0.595,0.89,43.43,,44.2,-0.58,-14.51,,,0.327,0.0,2,306,76.3,0.89,Optimistic,76.3,78.2,76.3,52.4
2010-12-09,2810.95,0.248,-0.61,,35.46,0.34,1.02,0.652,-1.15,37.07,,40.24,-1.96,-15.64,,,0.326,0.326,1,305,74.7,0.89,Optimistic,74.7,76.8,74.7,48.1
2010-12-10,2841.04,0.198,-0.62,,46.1,0.34,2.72,0.558,-0.05,40.15,,44.52,-0.99,-14.73,,,0.654,0.0,1,305,75.4,0.89,Optimistic,75.4,77.4,75.4,52.2
2010-12-13,2922.95,0.198,-0.62,,61.19,0.0,5.42,0.897,2.3,53.32,,54.15,1.73,-12.27,,,1.954,0.0,1,307,78.3,0.89,Optimistic,78.3,80.2,78.3,66.1
2010-12-14,2927.08,0.198,-0.62,,60.28,0.0,6.02,0.84,1.78,50.09,,54.58,1.71,-12.15,,,1.608,0.0,2,311,77.6,0.89,Optimistic,77.6,79.3,77.6,65.0
2010-12-15,2911.41,0.148,-0.63,,60.97,0.0,4.45,0.762,2.21,50.54,,52.57,1.02,-12.62,,,0.328,0.0,1,304,77.5,0.89,Optimistic,77.5,79.7,77.5,63.2
2010-12-16,2898.14,0.198,-0.62,,67.93,0.0,2.7,0.61,3.1,50.84,,50.87,0.44,-13.02,,,1.294,0.0,1,309,77.9,0.89,Optimistic,77.9,79.9,77.9,62.1
2010-12-17,2893.74,0.197,-0.62,,61.73,0.0,4.44,0.515,1.85,45.26,,50.29,0.17,-13.15,,,0.327,0.0,1,306,76.4,0.89,Optimistic,76.4,78.5,76.4,59.0
2010-12-20,2852.92,0.148,-0.63,,46.59,0.68,4.73,0.799,-2.4,32.4,,45.13,-1.36,-14.38,,,0.324,0.0,1,309,73.6,0.89,Optimistic,73.6,75.5,73.6,55.8
2010-12-21,2904.11,0.197,-0.62,,46.34,0.0,4.75,0.751,-0.78,38.76,,51.81,0.23,-12.07,,,1.623,0.0,1,308,74.9,0.89,Optimistic,74.9,76.6,74.9,57.6
2010-12-22,2877.9,0.197,-0.62,,44.7,0.34,1.02,0.692,-1.15,37.18,,48.55,-0.83,-12.87,,,0.325,0.649,1,308,74.4,0.89,Optimistic,74.4,76.6,74.4,54.8
2010-12-23,2855.22,0.197,-0.62,,38.04,0.0,1.69,0.626,-1.48,35.89,,45.86,-1.76,-13.55,,,0.0,0.974,1,308,73.9,0.89,Optimistic,73.9,76.5,73.9,50.4
2010-12-24,2835.16,0.197,-0.62,,31.31,0.34,1.02,0.57,-2.02,34.12,,43.56,-2.59,-14.16,,,0.0,0.654,1,306,73.7,0.89,Optimistic,73.7,76.2,73.7,46.3
2010-12-27,2781.4,0.197,-0.62,,27.76,2.04,0.34,0.685,-2.51,32.29,,38.06,-4.52,-15.79,,,0.0,1.961,1,306,73.4,0.89,Optimistic,73.4,76.1,73.4,44.2
2010-12-28,2732.99,0.246,-0.61,,16.16,5.44,0.0,0.589,-5.89,24.65,,33.91,-6.25,-16.73,,,0.327,2.288,1,306,72.0,0.89,Optimistic,72.0,74.4,72.0,38.4
2010-12-29,2751.53,0.295,-0.6,,28.99,0.34,0.34,0.447,-4.39,28.16,,36.75,-5.69,-16.17,,,0.984,0.0,1,304,73.5,0.89,Optimistic,73.5,75.3,73.5,41.1
2010-12-30,2759.57,0.246,-0.61,,35.77,2.73,0.34,0.513,-3.35,30.4,,38.0,-5.47,-15.92,,,0.984,0.0,1,305,74.0,0.89,Optimistic,74.0,75.8,74.0,44.0
2010-12-31,2808.08,0.245,-0.61,,50.93,0.0,2.38,0.586,-0.96,37.49,,45.04,-3.84,-14.44,,,0.654,0.0,1,305,75.1,0.89,Optimistic,75.1,77.1,75.1,53.1
2011-01-04,2852.65,0.245,-0.61,,67.06,0.0,2.33,0.778,2.56,52.24,,50.59,-2.34,-13.09,,,3.205,0.0,1,312,78.5,0.89,Optimistic,78.5,80.3,78.5,63.0
2011-01-05,2838.59,0.245,-0.61,,74.28,0.33,3.68,0.747,3.86,56.68,,48.92,-2.82,-13.51,,,1.608,0.0,2,311,79.8,0.89,Optimistic,79.8,81.7,79.8,63.6
2011-01-06,2824.2,0.245,-0.61,,64.4,0.67,3.67,0.61,2.64,49.34,,47.19,-3.29,-13.95,,,1.282,0.0,2,312,78.2,0.89,Optimistic,78.2,80.0,78.2,58.6
2011-01-07,2838.8,0.244,-0.61,,62.09,0.33,1.0,0.825,2.87,54.43,,49.15,-2.77,-13.51,,,0.322,0.322,1,311,78.6,0.89,Optimistic,78.6,81.1,78.6,61.9
2011-01-10,2791.81,0.244,-0.6,,44.74,0.67,0.67,0.672,-0.58,39.14,,43.55,-4.28,-14.94,,,0.641,0.962,1,311,75.4,0.89,Optimistic,75.4,77.7,75.4,51.5
2011-01-11,2804.05,0.244,-0.6,,34.25,1.34,0.33,0.607,-1.7,35.13,,45.3,-3.78,-14.57,,,0.0,0.0,1,311,74.2,0.89,Optimistic,74.2,76.4,74.2,47.6
2011-01-12,2821.3,0.195,-0.61,,37.34,0.0,1.0,0.611,-0.61,38.72,,47.75,-3.09,-14.04,,,0.965,0.322,1,311,75.0,0.89,Optimistic,75.0,77.1,75.0,49.7
2011-01-13,2827.71,0.194,-0.61,,38.59,0.0,0.33,0.584,0.12,40.89,,48.68,-2.77,-13.85,,,0.0,0.0,1,313,75.3,0.89,Optimistic,75.3,77.6,75.3,50.2
2011-01-14,2791.34,0.194,-0.61,,34.92,2.01,0.34,0.609,-1.67,35.24,,43.94,-3.91,-14.95,,,0.0,0.0,1,311,74.4,0.89,Optimistic,74.4,76.6,74.4,47.4
2011-01-17,2706.66,0.194,-0.61,,34.99,8.05,0.67,0.743,-3.05,30.03,,35.31,-6.69,-17.53,,,0.322,5.788,1,311,73.2,0.89,Optimistic,73.2,76.0,73.2,45.4
2011-01-18,2708.98,0.291,-0.59,,40.17,3.64,0.33,0.488,-3.39,30.45,,35.69,-6.42,-17.46,,,0.949,0.316,1,315,74.0,0.89,Optimistic,74.0,76.0,74.0,44.0
2011-01-19,2758.1,0.291,-0.59,,46.35,0.0,1.0,0.646,-2.24,33.31,,43.15,-4.57,-15.76,,,1.592,0.0,2,314,74.7,0.89,Optimistic,74.7,76.2,74.7,51.3
2011-01-20,2677.65,0.291,-0.59,,38.42,9.3,0.33,0.72,-5.31,22.84,,35.82,-7.18,-18.21,,,0.637,2.229,1,314,71.8,0.89,Optimistic,71.8,74.1,71.8,46.0
2011-01-21,2715.29,0.339,-0.58,,48.36,2.97,1.98,0.811,-2.72,31.01,,40.88,-5.73,-17.06,,,0.949,0.0,2,316,74.3,0.89,Optimistic,74.3,75.8,74.3,53.2
2011-01-24,2695.72,0.291,-0.59,,49.59,6.93,0.33,0.751,-0.4,40.24,,39.15,-6.25,-17.66,,,0.631,2.839,1,317,75.8,0.89,Optimistic,75.8,78.5,75.8,52.0
2011-01-25,2677.43,0.339,-0.58,,43.35,7.28,0.0,0.598,-1.16,36.86,,37.55,-6.68,-18.22,,,0.0,2.532,1,316,74.9,0.89,Optimistic,74.9,77.8,74.9,46.8
2011-01-26,2708.81,0.339,-0.58,,42.02,0.66,0.0,0.532,-1.79,34.86,,41.93,-5.41,-16.57,,,0.0,0.0,1,316,74.5,0.89,Optimistic,74.5,76.7,74.5,47.5
2011-01-27,2749.15,0.29,-0.59,,57.58,0.34,0.34,0.947,2.67,55.94,,47.07,-3.84,-15.33,,,0.647,0.0,1,309,79.5,0.89,Optimistic,79.5,81.7,79.5,60.8
2011-01-28,2752.75,0.241,-0.6,,59.37,0.0,0.66,0.776,1.38,47.5,,47.52,-3.52,-15.22,,,0.318,0.0,1,313,77.3,0.89,Optimistic,77.3,79.4,77.3,59.3
2011-01-31,2790.69,0.241,-0.6,,73.41,0.0,1.67,0.843,3.52,57.58,,52.1,-2.0,-14.05,,,0.955,0.0,1,314,79.4,0.89,Optimistic,79.4,81.6,79.4,65.9
2011-02-01,2798.96,0.192,-0.61,,76.71,0.0,0.0,0.689,4.54,57.69,,53.06,-1.5,-13.8,,,0.314,0.0,1,318,79.2,0.89,Optimistic,79.2,81.5,79.2,64.9
2011-02-09,2774.07,0.192,-0.61,,65.13,0.98,1.97,0.836,2.41,52.69,,49.82,-2.17,-12.38,,,1.254,0.313,1,319,78.3,0.89,Optimistic,78.3,80.6,78.3,63.4
2011-02-10,2818.16,0.241,-0.6,,67.91,0.0,2.67,0.955,2.51,55.33,,55.06,-0.44,-10.99,,,2.236,0.0,2,313,78.9,0.89,Optimistic,78.9,80.6,78.9,68.0
2011-02-11,2827.33,0.192,-0.61,,67.16,0.0,2.0,1.066,2.71,58.44,,56.09,0.07,-10.7,,,1.286,0.0,1,310,79.2,0.89,Optimistic,79.2,81.3,79.2,69.7
2011-02-14,2899.13,0.144,-0.62,,68.74,0.0,2.68,1.551,3.89,76.53,,63.19,2.66,-8.43,,,1.286,0.0,1,311,83.1,0.89,Greed,83.1,85.5,83.1,77.0
2011-02-15,2899.24,0.144,-0.62,,67.14,0.0,2.99,1.554,3.58,74.37,,63.2,2.74,-8.43,,,1.905,0.0,1,314,82.7,0.89,Greed,82.7,85.0,82.7,76.7
2011-02-16,2923.9,0.144,-0.62,,78.6,0.0,5.25,1.303,5.4,77.4,,65.42,3.59,-7.65,,,1.258,0.314,2,318,83.3,0.89,Greed,83.3,85.7,83.3,78.8
2011-02-17,2926.96,0.144,-0.62,,68.7,0.0,3.97,1.339,3.86,71.16,,65.7,3.65,-7.56,,,0.952,0.0,1,315,81.6,0.89,Greed,81.6,84.0,81.6,76.8
2011-02-18,2899.79,0.144,-0.62,,60.0,0.0,1.33,1.167,2.56,59.59,,61.02,2.66,-8.41,,,0.639,0.0,1,313,78.9,0.89,Optimistic,78.9,81.1,78.9,71.5
2011-02-21,2932.25,0.191,-0.61,,60.15,0.0,4.59,1.217,1.14,52.17,,64.29,3.79,-7.39,,,0.943,0.0,1,318,76.9,0.89,Optimistic,76.9,78.9,76.9,73.4
2011-02-22,2855.52,0.143,-0.62,,55.04,0.0,0.33,1.568,-1.51,37.03,,52.98,1.09,-9.81,,,0.0,1.262,1,316,73.4,0.89,Optimistic,73.4,76.0,73.4,69.7
2011-02-23,2862.63,0.143,-0.62,,52.16,0.0,1.64,1.133,-2.1,33.22,,53.79,1.32,-9.59,,,1.567,0.0,1,319,73.3,0.89,Optimistic,73.3,74.9,73.3,66.1
2011-02-24,2878.6,0.143,-0.62,,55.26,0.0,0.65,1.121,-1.65,35.65,,55.64,1.87,-9.08,,,1.562,0.0,2,320,73.9,0.89,Optimistic,73.9,75.4,73.9,67.8
2011-02-25,2878.57,0.143,-0.62,,59.57,0.0,1.64,1.023,-0.73,40.23,,55.63,1.88,-9.08,,,0.629,0.314,1,318,74.5,0.89,Optimistic,74.5,76.6,74.5,68.1
2011-02-28,2905.05,0.143,-0.62,,57.18,0.0,3.69,1.22,-0.93,40.0,,58.81,2.8,-8.25,,,0.962,0.0,1,312,74.3,0.89,Optimistic,74.3,76.1,74.3,70.5
2011-03-01,2918.92,0.143,-0.62,,66.07,0.0,4.62,1.401,2.22,61.72,,60.41,3.26,-7.81,,,1.577,0.315,1,317,79.4,0.89,Optimistic,79.4,81.7,79.4,75.2
2011-03-02,2913.81,0.143,-0.62,,57.94,0.0,2.65,1.362,1.79,58.21,,59.49,3.02,-7.97,,,0.0,0.0,1,315,78.4,0.89,Optimistic,78.4,80.9,78.4,72.2
2011-03-03,2902.98,0.142,-0.62,,49.03,0.0,1.32,1.537,0.85,54.1,,57.5,2.59,-8.31,,,0.629,0.314,1,318,77.7,0.89,Optimistic,77.7,80.0,77.7,69.6
2011-03-04,2942.31,0.142,-0.62,,55.95,0.0,1.98,1.194,2.21,58.08,,62.42,3.92,-7.07,,,0.314,0.0,1,318,78.3,0.89,Optimistic,78.3,80.5,78.3,71.5
2011-03-07,2996.21,0.142,-0.62,,55.02,0.0,2.64,1.612,3.14,72.35,,67.9,5.73,-5.37,,,1.567,0.0,1,319,81.7,0.89,Greed,81.7,84.0,81.7,76.4
2011-03-08,2999.94,0.142,-0.62,,55.2,0.0,3.3,1.26,2.78,62.63,,68.24,5.77,-5.25,,,0.627,0.0,1,319,79.2,0.89,Optimistic,79.2,81.4,79.2,74.4
2011-03-09,3002.15,0.142,-0.62,,56.87,0.0,1.97,1.233,3.03,63.63,,68.46,5.77,-5.18,,,0.313,0.313,2,319,79.4,0.89,Optimistic,79.4,81.6,79.4,74.8
2011-03-10,2957.14,0.142,-0.62,,60.03,0.0,2.3,1.216,1.87,56.41,,59.56,4.12,-6.6,,,0.625,0.0,3,320,78.6,0.89,Optimistic,78.6,80.4,78.6,72.5
2011-03-11,2933.8,0.142,-0.62,,50.5,0.0,2.66,1.132,-0.29,43.19,,55.53,3.22,-7.34,,,0.637,0.0,1,314,75.4,0.89,Optimistic,75.4,77.3,75.4,67.2
2011-03-14,2937.63,0.142,-0.62,,48.18,0.0,3.59,1.137,-1.96,33.99,,56.05,3.3,-7.22,,,0.627,0.0,1,319,73.1,0.89,Optimistic,73.1,74.9,73.1,66.6
2011-03-15,2896.26,0.142,-0.62,,41.18,0.33,1.64,1.499,-3.46,23.11,,49.28,1.86,-8.53,,,0.0,0.0,1,318,70.3,0.89,Optimistic,70.3,72.3,70.3,64.3
2011-03-16,2930.8,0.142,-0.61,,48.02,0.0,1.95,1.259,-2.38,31.35,,54.25,3.07,-7.43,,,0.621,0.0,1,320,72.5,0.89,Optimistic,72.5,74.2,72.5,66.9
2011-03-17,2897.3,0.142,-0.61,,44.36,0.32,0.97,1.325,-2.02,33.44,,49.21,1.9,-8.49,,,0.617,0.926,1,324,72.9,0.89,Optimistic,72.9,75.0,72.9,64.1
2011-03-18,2906.89,0.094,-0.62,,51.68,0.0,0.65,0.963,-0.92,39.07,,50.63,2.23,-8.19,,,0.621,0.0,2,322,74.8,0.89,Optimistic,74.8,76.4,74.8,63.8
2011-03-21,2909.14,0.094,-0.62,,46.09,0.0,1.98,0.924,-0.97,38.67,,50.97,2.3,-8.12,,,0.315,0.315,2,317,74.4,0.89,Optimistic,74.4,76.3,74.4,61.5
2011-03-22,2919.14,0.094,-0.62,,50.49,0.66,3.29,0.905,0.79,46.6,,52.56,2.62,-7.8,,,0.314,0.0,1,318,76.3,0.89,Optimistic,76.3,78.3,76.3,63.4
2011-03-23,2948.48,0.094,-0.62,,51.97,0.0,1.97,1.075,0.6,47.51,,56.96,3.62,-6.88,,,0.314,0.0,1,318,76.3,0.89,Optimistic,76.3,78.4,76.3,67.8
2011-03-24,2946.71,0.094,-0.62,,57.05,0.0,2.61,1.039,1.71,52.78,,56.61,3.52,-6.93,,,0.623,0.0,2,321,77.9,0.89,Optimistic,77.9,79.8,77.9,68.9
2011-03-25,2977.81,0.094,-0.62,,56.0,0.0,2.62,1.299,2.44,61.3,,61.03,4.53,-5.95,,,0.938,0.312,1,319,79.2,0.89,Optimistic,79.2,81.5,79.2,72.5
2011-03-28,2984.01,0.094,-0.62,,57.23,0.66,2.96,1.474,2.57,65.46,,61.86,4.66,-5.75,,,1.572,0.0,2,318,80.6,0.89,Greed,80.6,82.6,80.6,74.5
2011-03-29,2958.08,0.094,-0.62,,52.67,1.3,1.3,1.574,1.33,58.14,,56.43,3.64,-6.57,,,0.0,0.621,1,321,78.4,0.89,Optimistic,78.4,81.2,78.4,71.5
2011-03-30,2955.77,0.094,-0.62,,41.97,1.34,2.01,1.169,0.25,46.47,,55.96,3.43,-6.65,,,0.952,0.0,1,315,76.2,0.89,Optimistic,76.2,78.1,76.2,64.8
2011-03-31,2928.11,0.094,-0.62,,39.87,1.64,0.33,1.0,-0.63,40.63,,50.51,2.36,-7.52,,,0.0,0.625,1,320,74.3,0.89,Optimistic,74.3,76.8,74.3,60.3
2011-04-01,2967.41,0.141,-0.61,,42.48,0.33,2.29,0.91,-0.35,41.45,,56.93,3.6,-6.28,,,1.242,0.0,1,322,74.9,0.89,Optimistic,74.9,76.8,74.9,62.4
2011-04-06,3001.36,0.141,-0.61,,42.69,1.0,1.33,1.286,0.58,49.58,,61.56,4.67,-5.21,,,0.635,0.0,2,315,76.6,0.89,Optimistic,76.6,78.4,76.6,68.1
2011-04-07,3007.91,0.094,-0.62,,51.29,0.0,2.58,1.123,1.68,53.94,,62.4,4.81,-5.0,,,1.235,0.0,1,324,77.4,0.89,Optimistic,77.4,79.4,77.4,70.2
2011-04-08,3030.02,0.094,-0.62,,60.81,0.0,2.32,1.027,2.51,56.68,,65.17,5.46,-4.3,,,0.635,0.0,1,315,77.7,0.89,Optimistic,77.7,79.8,77.7,73.4
2011-04-11,3022.75,0.094,-0.62,,60.9,0.96,2.25,1.32,3.23,66.7,,63.51,5.08,-4.53,,,0.923,0.308,1,325,80.2,0.89,Greed,80.2,82.7,80.2,75.4
2011-04-12,3021.37,0.047,-0.63,,53.33,1.29,1.61,1.297,1.82,57.4,,63.18,4.93,-4.57,,,0.309,0.309,1,324,77.9,0.89,Optimistic,77.9,80.3,77.9,72.6
2011-04-13,3050.4,0.0,-0.64,,59.94,0.0,0.96,1.133,1.63,53.82,,67.04,5.78,-3.66,,,1.231,0.0,1,325,76.9,0.89,Optimistic,76.9,78.9,76.9,75.0
2011-04-14,3042.64,0.047,-0.63,,55.25,0.64,2.89,1.138,1.15,51.24,,65.08,5.36,-3.9,,,1.852,0.309,2,324,76.6,0.89,Optimistic,76.6,78.4,76.6,72.8
2011-04-15,3050.53,0.047,-0.63,,48.02,0.0,4.26,1.122,0.68,48.41,,66.16,5.49,-3.65,,,1.577,0.0,3,317,76.0,0.89,Optimistic,76.0,77.5,76.0,70.6
2011-04-18,3057.33,0.047,-0.63,,52.64,1.32,5.59,1.192,1.14,51.86,,67.11,5.59,-3.44,,,1.592,0.318,4,314,76.7,0.89,Optimistic,76.7,78.3,76.7,73.0
2011-04-19,2999.04,0.0,-0.64,,50.06,1.3,2.28,1.219,-0.74,41.1,,53.32,3.45,-5.28,,,0.946,0.631,5,317,75.1,0.89,Optimistic,75.1,76.7,75.1,67.7
2011-04-20,3007.04,0.047,-0.63,,46.98,1.32,1.64,1.019,-1.42,36.75,,54.69,3.55,-5.03,,,0.955,1.911,6,314,73.8,0.89,Optimistic,73.8,75.6,73.8,65.1
2011-04-21,3026.67,0.047,-0.63,,51.05,0.97,2.26,1.03,-0.52,41.32,,57.97,4.04,-4.41,,,0.621,0.621,7,321,75.1,0.89,Optimistic,75.1,76.6,75.1,67.8
2011-04-22,3010.52,0.047,-0.63,,49.11,1.95,1.95,0.996,-1.31,37.25,,54.48,3.33,-4.92,,,0.0,1.567,1,319,73.1,0.89,Optimistic,73.1,75.7,73.1,65.4
2011-04-25,2964.95,0.047,-0.63,,42.0,4.25,0.0,0.98,-3.02,28.9,,46.06,1.6,-6.36,,,0.631,4.101,1,317,71.4,0.89,Optimistic,71.4,73.9,71.4,59.6
2011-04-26,2938.98,0.047,-0.63,,40.5,4.92,0.0,0.792,-2.0,34.01,,42.06,0.58,-7.18,,,0.0,1.893,1,316,72.8,0.89,Optimistic,72.8,75.5,72.8,54.8
2011-04-27,2925.41,0.047,-0.63,,33.26,6.09,0.32,0.878,-2.71,30.79,,40.11,-0.01,-7.6,,,0.309,0.926,1,324,72.6,0.89,Optimistic,72.6,74.7,72.6,52.8
2011-04-28,2887.04,0.046,-0.63,,22.67,10.68,0.0,0.874,-4.61,22.44,,35.13,-1.44,-8.82,,,0.0,4.969,1,321,70.0,0.89,Optimistic,70.0,72.8,70.0,47.1
2011-04-29,2911.51,0.093,-0.62,,33.21,2.27,0.32,0.723,-3.29,29.23,,40.23,-0.72,-8.01,,,0.625,0.625,1,320,72.5,0.89,Optimistic,72.5,74.5,72.5,50.1
2011-05-03,2932.19,0.046,-0.63,,46.36,2.55,1.27,0.793,-1.11,37.65,,44.21,-0.12,-7.19,,,0.917,0.917,2,327,74.6,0.89,Optimistic,74.6,76.6,74.6,57.2
2011-05-04,2866.02,0.046,-0.63,,44.28,7.4,0.32,0.919,-2.48,31.7,,35.95,-2.44,-9.29,,,0.619,0.619,1,323,73.4,0.89,Optimistic,73.4,75.5,73.4,54.6
2011-05-05,2872.4,0.093,-0.62,,51.03,3.88,0.32,0.748,-1.81,34.78,,37.17,-2.26,-9.09,,,0.312,0.0,1,320,74.3,0.89,Optimistic,74.3,76.3,74.3,54.9
2011-05-06,2863.89,0.046,-0.63,,61.41,1.95,0.33,0.748,-0.8,38.68,,36.18,-2.59,-9.36,,,0.312,1.562,1,320,74.9,0.89,Optimistic,74.9,77.4,74.9,57.9
2011-05-09,2872.46,0.046,-0.63,,58.69,0.97,1.29,0.668,-1.34,36.44,,37.97,-2.35,-9.09,,,0.932,0.621,1,322,74.6,0.89,Optimistic,74.6,76.7,74.6,56.5
2011-05-10,2890.63,0.093,-0.62,,54.86,1.65,1.65,0.667,-1.42,36.17,,41.71,-1.78,-8.51,,,1.266,0.633,2,316,74.7,0.89,Optimistic,74.7,76.5,74.7,56.6
2011-05-11,2883.42,0.046,-0.63,,61.64,2.58,1.61,0.76,0.61,44.25,,40.66,-2.05,-8.74,,,1.238,0.929,2,322,76.7,0.89,Optimistic,76.7,78.7,76.7,59.8
2011-05-12,2844.08,0.046,-0.62,,53.75,5.84,0.97,0.825,-0.99,38.25,,35.44,-3.36,-9.98,,,1.246,0.0,2,321,75.8,0.89,Optimistic,75.8,77.4,75.8,55.8
2011-05-13,2871.03,0.092,-0.61,,55.64,4.49,1.6,0.774,0.25,42.97,,41.03,-2.43,-9.13,,,0.617,0.617,1,324,76.2,0.89,Optimistic,76.2,78.5,76.2,57.9
2011-05-16,2849.07,0.092,-0.61,,49.47,5.14,1.29,0.708,-0.81,38.46,,38.13,-3.13,-9.83,,,0.619,1.858,1,323,75.0,0.89,Optimistic,75.0,77.5,75.0,53.5
2011-05-17,2852.77,0.092,-0.61,,44.9,4.18,0.64,0.798,-1.31,36.83,,38.91,-2.97,-9.71,,,1.238,2.786,1,323,74.5,0.89,Optimistic,74.5,77.0,74.5,53.6
2011-05-18,2872.77,0.092,-0.61,,47.78,3.73,0.68,0.65,-0.37,39.74,,43.1,-2.27,-9.08,,,0.325,0.974,1,307,75.2,0.89,Optimistic,75.2,77.6,75.2,54.0
2011-05-19,2859.57,0.092,-0.61,,49.33,5.4,0.32,0.655,0.54,42.94,,41.1,-2.68,-9.49,,,0.0,0.61,1,328,75.9,0.89,Optimistic,75.9,78.5,75.9,53.9
2011-05-20,2858.46,0.092,-0.61,,41.86,9.15,0.65,0.605,-0.44,39.24,,40.93,-2.72,-9.53,,,0.0,0.943,1,318,74.9,0.89,Optimistic,74.9,77.5,74.9,50.4
2011-05-23,2774.57,0.138,-0.6,,34.3,15.56,0.32,0.853,-2.61,31.31,,30.52,-5.53,-12.18,,,0.0,4.601,1,326,73.0,0.89,Optimistic,73.0,76.1,73.0,46.6
2011-05-24,2767.06,0.184,-0.59,,36.08,7.57,0.32,0.649,-3.0,30.68,,29.79,-5.72,-12.42,,,0.304,0.912,1,329,73.7,0.89,Optimistic,73.7,75.9,73.7,43.9
2011-05-25,2741.74,0.184,-0.59,,27.65,15.34,0.32,0.648,-4.56,25.34,,27.41,-6.51,-13.22,,,0.308,1.231,1,325,72.5,0.89,Optimistic,72.5,74.7,72.5,40.2
2011-05-26,2736.53,0.23,-0.58,,28.23,17.83,0.64,0.689,-4.3,25.8,,26.93,-6.6,-13.39,,,0.613,1.534,1,326,72.6,0.89,Optimistic,72.6,74.8,72.6,40.8
2011-05-27,2709.95,0.23,-0.58,,24.22,20.45,0.32,0.726,-5.2,22.77,,24.58,-7.4,-14.23,,,0.615,5.231,2,325,71.8,0.89,Optimistic,71.8,74.2,71.8,39.1
2011-05-30,2706.36,0.23,-0.58,,28.19,17.57,0.32,0.578,-2.46,32.76,,24.27,-7.41,-14.34,,,0.619,4.025,1,323,74.1,0.89,Optimistic,74.1,76.9,74.1,38.2
2011-05-31,2743.47,0.229,-0.58,,35.6,1.88,0.0,0.608,-0.85,37.91,,33.55,-6.06,-13.17,,,1.216,0.912,1,329,75.7,0.89,Optimistic,75.7,77.9,75.7,44.1
2011-06-01,2743.57,0.184,-0.59,,46.89,0.31,0.31,0.622,0.07,41.02,,33.57,-5.95,-13.16,,,1.835,0.0,2,327,77.1,0.89,Optimistic,77.1,78.7,77.1,48.3
2011-06-02,2705.18,0.183,-0.59,,43.73,10.0,0.31,0.786,-1.15,37.47,,29.27,-7.11,-14.38,,,0.909,0.606,2,330,76.1,0.89,Optimistic,76.1,78.0,76.1,47.6
2011-06-03,2728.02,0.183,-0.59,,59.8,1.26,0.0,0.628,0.67,43.08,,34.63,-6.18,-13.66,,,1.22,0.61,1,328,77.1,0.89,Optimistic,77.1,79.3,77.1,52.9
2011-06-07,2744.3,0.183,-0.59,,69.91,0.63,1.26,0.606,1.4,45.24,,38.23,-5.48,-13.14,,,1.524,0.0,1,328,77.8,0.89,Optimistic,77.8,79.7,77.8,56.8
2011-06-08,2750.29,0.183,-0.59,,62.35,2.22,0.95,0.699,0.25,42.31,,39.55,-5.16,-12.95,,,0.617,0.617,2,324,76.8,0.89,Optimistic,76.8,78.9,76.8,56.7
2011-06-09,2703.34,0.183,-0.59,,48.85,9.24,0.0,0.792,-1.47,36.18,,33.51,-6.65,-14.44,,,0.309,1.543,1,324,75.1,0.89,Optimistic,75.1,77.6,75.1,50.9
2011-06-10,2705.14,0.274,-0.57,,54.42,8.49,0.0,0.7,-0.0,41.4,,33.93,-6.47,-14.38,,,0.915,0.61,1,328,76.7,0.89,Optimistic,76.7,78.9,76.7,51.6
2011-06-13,2700.38,0.228,-0.58,,44.75,9.15,0.32,0.606,-1.01,37.38,,33.33,-6.53,-14.53,,,0.917,0.612,1,327,75.7,0.89,Optimistic,75.7,77.9,75.7,46.8
2011-06-14,2730.04,0.228,-0.58,,47.55,0.62,0.62,0.81,-0.52,40.12,,40.35,-5.39,-13.59,,,1.524,0.305,1,328,76.2,0.89,Optimistic,76.2,78.3,76.2,53.4
2011-06-15,2705.43,0.228,-0.58,,41.4,5.33,0.31,0.735,-1.63,35.47,,36.88,-6.14,-14.37,,,0.0,0.305,1,327,74.8,0.89,Optimistic,74.8,77.3,74.8,48.6
2011-06-16,2664.28,0.228,-0.58,,41.44,17.5,0.31,0.704,-1.44,36.13,,31.94,-7.44,-15.67,,,0.608,0.608,1,329,75.5,0.89,Optimistic,75.5,77.7,75.5,45.9
2011-06-17,2642.82,0.228,-0.58,,36.39,22.01,0.0,0.643,-2.3,33.1,,29.7,-8.04,-16.35,,,0.0,0.917,1,327,74.5,0.89,Optimistic,74.5,77.1,74.5,42.4
2011-06-20,2621.25,0.273,-0.57,,32.77,23.15,0.0,0.602,-2.93,31.16,,27.61,-8.63,-17.04,,,0.0,0.625,1,320,74.2,0.89,Optimistic,74.2,76.7,74.2,39.8
2011-06-21,2646.48,0.273,-0.57,,32.6,2.56,0.32,0.654,-3.06,30.46,,33.51,-7.59,-16.24,,,0.311,0.311,1,322,74.1,0.89,Optimistic,74.1,76.3,74.1,42.6
2011-06-22,2649.32,0.227,-0.58,,35.76,6.27,0.0,0.593,-2.07,33.94,,34.16,-7.33,-16.15,,,1.216,0.0,1,328,75.3,0.89,Optimistic,75.3,77.1,75.3,43.1
2011-06-23,2688.25,0.227,-0.58,,52.96,0.32,0.0,0.757,0.9,45.36,,42.47,-5.81,-14.92,,,1.223,0.306,1,327,77.3,0.89,Optimistic,77.3,79.5,77.3,54.6
2011-06-24,2746.21,0.227,-0.58,,68.37,0.31,0.31,1.304,3.91,70.62,,52.15,-3.65,-13.08,,,1.227,0.307,2,326,82.7,0.89,Greed,82.7,85.0,82.7,69.0
2011-06-27,2758.23,0.227,-0.58,,79.17,0.32,0.32,1.059,5.23,70.23,,53.88,-3.11,-12.7,,,1.543,0.0,1,324,82.4,0.89,Greed,82.4,84.7,82.4,70.2
2011-06-28,2759.2,0.227,-0.58,,71.25,0.31,0.31,0.931,4.26,63.02,,54.02,-2.97,-12.67,,,0.612,0.0,1,327,80.5,0.89,Greed,80.5,82.8,80.5,66.8
2011-06-29,2728.48,0.227,-0.58,,67.33,0.32,0.32,0.937,2.99,57.23,,48.8,-3.93,-13.64,,,1.25,0.312,1,319,79.5,0.89,Optimistic,79.5,81.9,79.5,64.1
2011-06-30,2762.08,0.227,-0.58,,66.21,0.0,0.63,0.969,2.75,56.74,,54.03,-2.63,-12.58,,,0.923,0.0,1,325,79.0,0.89,Optimistic,79.0,81.1,79.0,66.3
2011-07-01,2759.36,0.317,-0.56,,59.36,0.0,0.62,0.983,0.48,45.95,,53.56,-2.59,-12.66,,,1.205,0.0,1,332,76.4,0.89,Optimistic,76.4,78.3,76.4,64.4
2011-07-04,2812.82,0.317,-0.56,,62.77,0.0,0.31,1.313,1.98,58.67,,60.87,-0.59,-10.97,,,2.417,0.604,2,331,79.2,0.89,Optimistic,79.2,81.1,79.2,71.5
2011-07-05,2816.36,0.272,-0.57,,65.25,0.0,0.31,1.186,2.07,57.12,,61.31,-0.34,-10.86,,,0.0,0.302,1,331,78.0,0.89,Optimistic,78.0,80.7,78.0,71.4
2011-07-06,2810.48,0.271,-0.57,,72.19,0.0,0.93,1.112,3.01,60.94,,60.11,-0.42,-11.05,,,0.604,0.0,1,331,79.5,0.89,Optimistic,79.5,81.7,79.5,72.2
2011-07-07,2794.27,0.316,-0.56,,62.98,0.31,0.62,1.266,1.17,52.94,,56.83,-0.86,-11.56,,,0.604,0.302,1,331,77.5,0.89,Optimistic,77.5,79.8,77.5,70.0
2011-07-08,2797.77,0.316,-0.56,,58.66,0.31,0.92,0.942,1.39,49.84,,57.37,-0.59,-11.45,,,0.898,0.0,1,334,76.9,0.89,Optimistic,76.9,78.9,76.9,65.7
2011-07-11,2802.69,0.271,-0.57,,53.2,0.31,1.23,0.947,-0.36,41.64,,58.16,-0.27,-11.29,,,0.3,0.3,1,333,74.5,0.89,Optimistic,74.5,76.6,74.5,64.3
2011-07-12,2754.58,0.271,-0.57,,44.44,0.92,0.92,1.073,-2.19,32.77,,48.62,-1.81,-12.82,,,0.298,1.19,1,336,73.2,0.89,Optimistic,73.2,75.4,73.2,59.6
2011-07-13,2795.48,0.316,-0.56,,53.33,0.62,1.23,1.026,-0.53,41.25,,55.33,-0.2,-11.52,,,0.599,0.299,1,334,74.8,0.89,Optimistic,74.8,76.9,74.8,64.6
2011-07-14,2810.44,0.271,-0.56,,59.78,0.31,1.54,1.177,0.58,48.44,,57.52,0.45,-11.05,,,1.497,0.0,1,334,76.6,0.89,Optimistic,76.6,78.5,76.6,69.2
2011-07-15,2820.17,0.225,-0.57,,64.64,0.0,0.94,1.219,0.8,50.17,,58.92,0.91,-10.74,,,0.303,0.606,1,329,76.5,0.89,Optimistic,76.5,78.9,76.5,71.5
2011-07-18,2816.69,0.225,-0.57,,59.11,0.31,0.62,1.229,0.5,48.5,,58.18,0.91,-10.85,,,0.906,0.302,1,331,76.3,0.89,Optimistic,76.3,78.5,76.3,69.7
2011-07-19,2796.98,0.225,-0.57,,59.79,0.31,0.62,1.057,1.54,52.19,,54.03,0.33,-11.47,,,0.0,0.0,1,334,77.5,0.89,Optimistic,77.5,79.9,77.5,67.1
2011-07-20,2794.2,0.27,-0.56,,50.93,0.31,0.31,0.962,-0.05,43.24,,53.45,0.33,-11.56,,,0.599,0.0,1,334,75.6,0.89,Optimistic,75.6,77.6,75.6,62.8
2011-07-21,2765.89,0.27,-0.56,,39.71,1.22,1.22,0.942,-1.59,35.85,,47.82,-0.58,-12.46,,,0.298,0.0,1,336,74.3,0.89,Optimistic,74.3,76.2,74.3,56.6
2011-07-22,2770.79,0.27,-0.56,,38.55,1.22,1.83,0.811,-1.75,35.03,,48.82,-0.31,-12.3,,,1.488,0.0,2,336,74.4,0.89,Optimistic,74.4,75.9,74.4,54.8
2011-07-25,2688.75,0.27,-0.56,,31.1,4.88,1.52,1.294,-4.54,17.8,,36.25,-3.15,-14.9,,,0.0,3.284,1,335,69.3,0.89,Optimistic,69.3,72.0,69.3,52.7
2011-07-26,2703.03,0.315,-0.55,,40.06,3.36,1.53,0.847,-3.36,28.14,,39.18,-2.51,-14.45,,,1.502,0.0,1,333,72.9,0.89,Optimistic,72.9,74.6,72.9,52.1
2011-07-27,2723.49,0.315,-0.55,,47.45,1.22,1.22,0.937,-2.53,31.42,,43.22,-1.65,-13.8,,,2.374,0.0,2,337,73.9,0.89,Optimistic,73.9,75.3,73.9,57.6
2011-07-28,2708.78,0.27,-0.56,,50.28,3.37,1.53,0.917,-2.07,33.62,,41.11,-2.09,-14.27,,,0.896,0.0,2,334,74.3,0.89,Optimistic,74.3,75.9,74.3,57.5
2011-07-29,2701.73,0.269,-0.56,,43.8,3.36,0.61,0.888,-2.49,31.74,,40.1,-2.24,-14.49,,,0.297,0.0,1,336,73.6,0.89,Optimistic,73.6,75.5,73.6,54.5
2011-08-01,2703.78,0.314,-0.55,,55.99,1.25,0.62,0.696,0.56,43.41,,40.55,-2.08,-14.42,,,0.909,0.606,2,330,76.5,0.89,Optimistic,76.5,78.5,76.5,56.0
2011-08-02,2679.26,0.314,-0.55,,50.38,4.88,0.61,0.831,-0.88,38.72,,36.92,-2.85,-15.2,,,0.297,0.297,2,337,75.5,0.89,Optimistic,75.5,77.4,75.5,54.7
2011-08-03,2678.49,0.269,-0.56,,43.7,4.26,0.3,0.761,-1.65,35.41,,36.81,-2.75,-15.22,,,0.296,0.296,1,338,74.4,0.89,Optimistic,74.4,76.5,74.4,51.2
2011-08-04,2684.04,0.269,-0.56,,48.29,2.11,0.6,0.703,-0.91,38.08,,38.26,-2.43,-15.05,,,0.294,0.0,1,340,75.2,0.89,Optimistic,75.2,77.2,75.2,52.6
2011-08-05,2626.42,0.269,-0.56,,45.44,8.26,0.61,0.945,-2.79,30.19,,30.45,-4.4,-16.87,,,0.0,1.488,1,335,72.9,0.89,Optimistic,72.9,75.5,72.9,51.6
2011-08-08,2526.82,0.269,-0.56,,33.18,22.94,0.0,1.332,-6.55,14.44,,22.07,-7.84,-20.03,,,0.0,9.226,1,336,69.1,0.89,Optimistic,69.1,72.1,69.1,47.3
2011-08-09,2526.07,0.582,-0.49,,33.11,21.45,0.91,1.248,-5.72,15.59,,22.02,-7.68,-20.05,,,0.294,0.0,1,340,70.0,0.89,Optimistic,70.0,71.6,70.0,46.4
2011-08-10,2549.18,0.626,-0.48,,40.33,0.91,0.91,1.203,-4.83,17.21,,27.39,-6.66,-19.32,,,1.183,0.296,1,338,69.8,0.89,Optimistic,69.8,71.4,69.8,50.0
2011-08-11,2581.51,0.581,-0.49,,47.1,0.6,1.2,1.145,-3.82,23.59,,34.21,-5.31,-18.29,,,2.053,0.0,1,341,71.8,0.89,Optimistic,71.8,73.2,71.8,54.8
2011-08-12,2593.17,0.492,-0.51,,60.23,0.0,0.91,1.159,-1.27,37.86,,36.52,-4.73,-17.92,,,1.493,0.0,2,335,76.0,0.89,Optimistic,76.0,77.6,76.0,60.6
2011-08-15,2626.77,0.357,-0.54,,76.61,0.0,0.91,1.054,3.96,64.67,,42.78,-3.36,-16.86,,,1.78,0.0,1,337,82.2,0.89,Greed,82.2,84.4,82.2,66.2
2011-08-16,2608.17,0.312,-0.55,,74.51,0.6,0.6,1.009,3.25,60.04,,40.4,-3.94,-17.45,,,0.295,0.59,1,339,80.7,0.89,Greed,80.7,83.3,80.7,64.2
2011-08-17,2601.26,0.357,-0.54,,62.71,0.6,0.3,0.832,2.04,51.08,,39.53,-4.1,-17.67,,,0.295,0.0,1,339,78.7,0.89,Optimistic,78.7,81.0,78.7,58.6
2011-08-18,2559.47,0.357,-0.54,,46.65,3.31,0.6,0.844,-0.85,38.88,,34.63,-5.54,-18.99,,,0.882,0.0,1,340,76.1,0.89,Optimistic,76.1,78.1,76.1,51.1
2011-08-19,2534.36,0.534,-0.5,,36.0,8.11,0.9,0.84,-2.27,32.84,,32.06,-6.35,-19.79,,,0.292,0.0,1,341,74.3,0.89,Optimistic,74.3,76.3,74.3,45.9
2011-08-22,2515.86,0.579,-0.49,,26.21,5.11,0.3,0.729,-4.22,25.67,,30.28,-6.92,-20.37,,,1.17,0.292,1,342,72.3,0.89,Optimistic,72.3,74.1,72.3,40.0
2011-08-23,2554.02,0.579,-0.49,,39.78,0.0,0.91,0.729,-2.08,33.78,,37.94,-5.42,-19.16,,,1.18,0.0,1,339,74.2,0.89,Optimistic,74.2,76.0,74.2,47.6
2011-08-24,2541.09,0.534,-0.5,,41.47,0.91,0.91,0.784,-2.31,32.77,,36.48,-5.78,-19.57,,,0.588,0.294,1,340,74.1,0.89,Optimistic,74.1,76.2,74.1,48.5
2011-08-25,2615.26,0.534,-0.5,,57.17,0.3,0.6,1.252,2.18,58.88,,48.7,-2.95,-17.23,,,1.176,0.588,1,340,79.6,0.89,Optimistic,79.6,82.0,79.6,64.2
2011-08-26,2612.19,0.356,-0.54,,63.8,0.0,0.9,0.926,3.07,57.39,,48.29,-3.01,-17.32,,,0.587,0.0,1,341,79.7,0.89,Optimistic,79.7,82.0,79.7,62.9
2011-08-29,2576.41,0.356,-0.54,,61.88,0.61,1.22,0.878,2.41,53.44,,43.63,-4.25,-18.46,,,0.0,0.296,1,338,78.7,0.89,Optimistic,78.7,81.5,78.7,59.9
2011-08-30,2566.59,0.533,-0.5,,46.94,1.51,0.6,0.903,0.49,45.22,,42.42,-4.51,-18.77,,,0.294,0.882,1,340,76.7,0.89,Optimistic,76.7,79.2,76.7,54.6
2011-08-31,2567.34,0.533,-0.5,,45.18,2.42,0.6,0.702,1.03,45.21,,42.55,-4.37,-18.74,,,0.0,0.588,1,340,76.5,0.89,Optimistic,76.5,79.1,76.5,51.1
2011-09-01,2556.04,0.533,-0.5,,33.49,1.2,0.6,0.682,-2.26,33.16,,41.04,-4.71,-19.1,,,0.0,0.292,1,342,73.7,0.89,Optimistic,73.7,76.1,73.7,46.1
2011-09-02,2528.28,0.533,-0.5,,25.54,6.97,0.0,0.652,-3.21,29.95,,37.51,-5.64,-19.98,,,0.295,0.0,1,339,73.5,0.89,Optimistic,73.5,75.4,73.5,41.7
2011-09-05,2478.74,0.711,-0.46,,21.62,14.76,0.0,0.661,-3.79,27.88,,32.18,-7.36,-21.55,,,0.0,0.88,1,341,71.4,0.89,Optimistic,71.4,73.7,71.4,37.4
2011-09-06,2470.52,0.755,-0.45,,24.11,10.88,0.0,0.592,-3.74,28.62,,31.39,-7.52,-21.81,,,0.294,0.588,1,339,71.5,0.89,Optimistic,71.5,73.5,71.5,36.7
2011-09-07,2516.09,0.755,-0.45,,37.11,0.3,0.3,0.723,-2.0,34.09,,40.21,-5.7,-20.36,,,2.639,0.293,1,341,72.8,0.89,Optimistic,72.8,74.5,72.8,46.4
2011-09-08,2498.94,0.665,-0.47,,34.34,2.74,0.3,0.672,-2.23,33.29,,38.22,-6.24,-20.91,,,0.59,0.295,2,338,73.5,0.89,Optimistic,73.5,75.3,73.5,44.1
2011-09-09,2497.75,0.709,-0.46,,37.96,3.35,0.61,0.625,-1.21,36.8,,38.08,-6.2,-20.94,,,0.295,0.59,1,338,73.7,0.89,Optimistic,73.7,75.8,73.7,44.5
2011-09-13,2471.3,0.709,-0.46,,39.53,16.31,0.0,0.61,-0.3,39.73,,34.99,-7.11,-21.78,,,0.292,0.292,1,342,74.6,0.89,Optimistic,74.6,76.8,74.6,43.4
2011-09-14,2484.83,0.665,-0.47,,50.69,2.12,0.3,0.662,0.58,43.13,,37.77,-6.51,-21.35,,,0.294,0.0,1,340,75.9,0.89,Optimistic,75.9,77.9,75.9,49.4
2011-09-15,2479.05,0.576,-0.49,,40.24,3.96,0.3,0.688,-1.47,36.01,,37.04,-6.62,-21.54,,,0.297,0.0,1,337,74.9,0.89,Optimistic,74.9,76.9,74.9,46.0
2011-09-16,2482.34,0.664,-0.47,,45.71,3.67,0.92,0.589,-0.66,38.43,,37.78,-6.38,-21.43,,,0.593,0.0,1,337,74.7,0.89,Optimistic,74.7,76.7,74.7,46.7
2011-09-19,2437.8,0.708,-0.46,,40.04,19.63,0.31,0.602,-2.4,32.88,,32.27,-7.88,-22.84,,,0.298,0.298,1,336,73.1,0.89,Optimistic,73.1,75.1,73.1,42.1
2011-09-20,2447.76,0.751,-0.45,,49.94,6.91,1.2,0.581,-0.95,37.48,,34.57,-7.32,-22.53,,,0.581,0.0,1,343,74.0,0.89,Optimistic,74.0,75.9,74.0,46.2
2011-09-21,2512.96,0.751,-0.45,,52.12,0.3,0.9,1.1,1.13,50.63,,47.19,-4.71,-20.46,,,0.289,0.289,1,346,75.9,0.89,Optimistic,75.9,78.1,75.9,59.0
2011-09-22,2443.06,0.618,-0.48,,43.97,11.94,0.6,0.949,-1.45,36.48,,38.6,-7.19,-22.68,,,0.0,0.58,1,345,74.1,0.89,Optimistic,74.1,76.5,74.1,51.0
2011-09-23,2433.16,0.751,-0.45,,40.07,19.46,0.0,0.857,-1.98,34.05,,37.55,-7.37,-22.99,,,0.581,0.581,1,344,72.9,0.89,Optimistic,72.9,74.9,72.9,47.4
2011-09-26,2393.18,0.751,-0.45,,41.03,29.64,0.0,0.735,-1.83,34.71,,33.6,-8.68,-24.25,,,0.0,0.872,1,344,73.0,0.89,Optimistic,73.0,75.4,73.0,44.0
2011-09-27,2415.05,0.794,-0.44,,41.41,6.87,0.0,0.712,-1.34,36.55,,37.48,-7.61,-23.56,,,0.0,0.58,1,345,72.8,0.89,Optimistic,72.8,75.2,72.8,45.4
2011-09-28,2392.06,0.794,-0.44,,24.01,30.56,0.0,0.729,-4.81,23.43,,35.16,-8.25,-24.29,,,0.287,1.437,1,347,69.9,0.89,Optimistic,69.9,71.9,69.9,38.8
2011-09-29,2365.34,0.792,-0.44,,24.59,44.61,0.3,0.784,-3.18,29.28,,32.63,-9.01,-25.14,,,0.29,2.899,1,345,71.2,0.89,Optimistic,71.2,73.7,71.2,38.6
2011-09-30,2359.22,0.836,-0.43,,28.52,30.84,0.3,0.653,-3.04,30.55,,32.06,-8.99,-25.33,,,0.58,0.29,2,345,71.9,0.89,Optimistic,71.9,73.6,71.9,37.5
2011-10-10,2344.79,0.924,-0.41,,33.59,32.24,0.3,0.567,-2.02,34.13,,30.7,-9.29,-25.79,,,0.578,0.289,3,346,72.2,0.89,Optimistic,72.2,73.8,72.2,37.1
2011-10-11,2348.52,0.968,-0.4,,30.11,23.81,0.3,0.877,-2.76,30.61,,31.5,-8.88,-25.67,,,0.288,0.576,1,347,70.5,0.89,Optimistic,70.5,72.5,70.5,40.7
2011-10-12,2420.0,0.923,-0.41,,47.52,0.3,0.59,1.261,1.17,52.89,,44.8,-5.9,-23.41,,,2.579,0.0,2,349,76.0,0.89,Optimistic,76.0,77.5,76.0,56.4
2011-10-13,2438.79,0.791,-0.44,,63.26,0.59,0.0,1.212,3.11,63.62,,47.67,-4.95,-22.81,,,0.86,0.0,1,349,79.0,0.89,Optimistic,79.0,81.2,79.0,62.9
2011-10-14,2431.38,0.747,-0.45,,60.37,1.52,0.61,0.838,3.06,55.48,,46.64,-5.0,-23.05,,,0.0,0.0,1,341,77.1,0.89,Optimistic,77.1,79.5,77.1,57.5
2011-10-17,2440.4,0.835,-0.43,,65.56,1.18,0.3,0.813,4.08,59.18,,48.11,-4.41,-22.76,,,0.862,0.0,1,348,77.6,0.89,Optimistic,77.6,79.6,77.6,59.0
2011-10-18,2383.49,0.834,-0.43,,56.35,15.02,0.0,1.122,1.49,52.86,,40.52,-6.38,-24.56,,,0.0,2.339,1,342,75.7,0.89,Optimistic,75.7,78.7,75.7,57.2
2011-10-19,2377.51,0.922,-0.41,,43.01,21.13,0.0,0.832,-1.76,35.02,,39.81,-6.36,-24.75,,,0.87,0.0,1,345,71.7,0.89,Optimistic,71.7,73.3,71.7,48.3
2011-10-20,2331.37,1.01,-0.39,,27.44,39.76,0.0,0.937,-4.4,22.65,,34.74,-7.89,-26.21,,,0.0,0.867,1,346,67.7,0.89,Optimistic,67.7,69.7,67.7,41.9
2011-10-21,2317.28,1.098,-0.37,,25.09,42.6,0.0,0.697,-4.69,24.29,,33.35,-8.18,-26.66,,,0.0,2.017,1,347,67.2,0.89,Optimistic,67.2,69.5,67.2,36.7
2011-10-24,2370.33,1.098,-0.37,,29.63,5.9,0.0,1.028,-2.87,29.41,,42.68,-5.83,-24.98,,,0.575,0.0,1,348,68.4,0.89,Optimistic,68.4,69.9,68.4,46.7
2011-10-25,2409.67,1.01,-0.39,,48.24,0.58,0.0,1.318,1.1,53.18,,48.45,-4.09,-23.73,,,1.994,0.0,1,351,74.9,0.89,Optimistic,74.9,76.6,74.9,58.4
2011-10-26,2427.48,0.921,-0.41,,56.39,0.58,0.29,1.566,2.1,63.7,,50.86,-3.2,-23.17,,,0.285,0.0,2,351,78.2,0.89,Optimistic,78.2,80.2,78.2,64.2
2011-10-27,2435.61,0.878,-0.42,,63.69,0.88,0.29,1.191,4.47,71.06,,51.96,-2.69,-22.91,,,0.857,0.286,1,350,80.0,0.89,Greed,80.0,82.5,80.0,64.6
2011-10-28,2473.41,0.833,-0.43,,79.65,0.0,0.0,1.589,6.74,85.81,,56.82,-1.03,-21.72,,,0.575,0.0,2,347,84.2,0.89,Greed,84.2,86.6,84.2,73.3
2011-10-31,2468.25,0.833,-0.43,,73.99,0.0,0.88,1.207,4.13,69.49,,55.99,-1.08,-21.88,,,1.433,0.0,1,349,80.1,0.89,Greed,80.1,82.3,80.1,69.3
2011-11-01,2470.02,0.833,-0.43,,62.91,0.29,0.58,1.272,2.5,61.2,,56.22,-0.85,-21.82,,,1.136,0.0,2,352,78.2,0.89,Optimistic,78.2,80.1,78.2,67.2
2011-11-02,2504.11,0.832,-0.43,,66.44,0.0,1.17,1.498,3.16,70.05,,60.62,0.63,-20.74,,,2.286,0.0,3,350,80.4,0.89,Greed,80.4,82.1,80.4,71.7
2011-11-03,2508.09,0.743,-0.45,,69.35,0.0,0.58,1.924,2.98,75.0,,61.11,0.91,-20.62,,,1.425,0.0,4,350,82.3,0.89,Greed,82.3,84.1,82.3,74.6
2011-11-04,2528.29,0.699,-0.46,,63.93,0.0,0.59,1.411,2.22,61.88,,63.59,1.83,-19.98,,,0.576,0.0,1,347,78.6,0.89,Optimistic,78.6,80.8,78.6,72.2
2011-11-07,2509.8,0.655,-0.47,,59.74,0.0,0.59,1.082,1.68,53.31,,59.83,1.16,-20.56,,,0.581,0.0,2,344,77.2,0.89,Optimistic,77.2,79.0,77.2,67.3
2011-11-08,2503.84,0.742,-0.45,,54.62,0.0,0.0,1.079,1.37,51.61,,58.62,0.94,-20.75,,,0.0,0.288,1,347,75.4,0.89,Optimistic,75.4,77.9,75.4,64.8
2011-11-09,2524.92,0.786,-0.44,,54.75,0.0,0.3,1.08,0.83,48.78,,61.57,1.79,-20.09,,,1.458,0.0,1,343,74.8,0.89,Optimistic,74.8,76.6,74.8,65.9
2011-11-10,2479.54,0.699,-0.46,,47.09,0.0,0.3,1.21,-1.14,38.73,,52.85,0.01,-21.52,,,0.88,0.293,1,341,73.1,0.89,Optimistic,73.1,75.0,73.1,61.5
2011-11-11,2481.08,0.872,-0.42,,42.12,0.3,0.0,0.922,-1.87,34.53,,53.09,0.14,-21.47,,,0.88,0.0,1,341,70.8,0.89,Optimistic,70.8,72.4,70.8,56.2
2011-11-14,2528.71,0.872,-0.42,,54.5,0.0,0.9,1.14,0.75,49.03,,59.96,2.1,-19.97,,,2.915,0.0,1,343,74.3,0.89,Optimistic,74.3,75.8,74.3,65.9
2011-11-15,2529.76,0.741,-0.45,,63.63,0.0,0.6,1.116,1.04,50.3,,60.1,2.21,-19.93,,,2.326,0.0,2,343,75.8,0.89,Optimistic,75.8,77.3,75.8,69.1
2011-11-16,2466.96,0.741,-0.45,,46.87,0.88,0.0,1.318,-2.3,31.72,,49.13,-0.23,-21.92,,,0.285,0.285,3,351,71.4,0.89,Optimistic,71.4,72.9,71.4,61.0
2011-11-17,2463.05,0.828,-0.43,,51.22,0.58,0.29,0.936,-0.67,40.14,,48.54,-0.3,-21.75,,,0.568,0.0,1,352,72.7,0.89,Optimistic,72.7,74.4,72.7,58.4
2011-11-18,2416.56,0.872,-0.42,,43.8,3.82,0.0,1.018,-2.6,30.82,,42.04,-2.08,-23.23,,,0.0,0.862,1,348,69.7,0.89,Optimistic,69.7,71.9,69.7,54.1
2011-11-21,2415.13,0.915,-0.41,,34.87,2.06,0.0,0.707,-4.49,24.9,,41.85,-2.06,-23.27,,,0.288,0.0,1,347,68.4,0.89,Optimistic,68.4,70.0,68.4,46.4
2011-11-22,2412.62,0.871,-0.42,,29.55,2.93,0.0,0.729,-4.63,24.13,,41.5,-2.1,-21.09,,,0.0,0.287,1,349,68.2,0.89,Optimistic,68.2,70.2,68.2,45.3
2011-11-23,2395.07,0.871,-0.42,,33.84,5.56,0.0,0.718,-2.91,30.67,,39.07,-2.7,-21.66,,,0.0,0.571,1,350,69.9,0.89,Optimistic,69.9,72.0,69.9,45.6
2011-11-24,2397.55,0.914,-0.41,,33.04,6.73,0.0,0.742,-2.66,31.53,,39.61,-2.51,-21.58,,,0.571,0.0,1,350,70.2,0.89,Optimistic,70.2,71.8,70.2,45.8
2011-11-25,2380.22,0.869,-0.42,,36.25,8.82,0.29,0.648,-1.5,35.84,,37.13,-3.06,-22.15,,,0.0,0.287,1,348,71.3,0.89,Optimistic,71.3,73.5,71.3,44.6
2011-11-28,2383.03,0.869,-0.42,,34.7,7.69,0.0,0.667,-1.33,36.48,,37.81,-2.79,-22.06,,,0.576,0.0,1,347,71.9,0.89,Optimistic,71.9,73.6,71.9,44.7
2011-11-29,2412.39,0.913,-0.41,,44.61,0.88,0.0,0.805,-0.01,42.18,,44.55,-1.49,-21.09,,,0.287,0.0,1,349,72.6,0.89,Optimistic,72.6,74.4,72.6,52.5
2011-11-30,2333.41,0.869,-0.42,,39.42,24.56,0.0,1.123,-2.57,30.6,,33.91,-4.56,-23.68,,,0.576,6.34,2,347,70.1,0.89,Optimistic,70.1,72.4,70.1,50.2
2011-12-01,2386.86,1.129,-0.36,,50.78,0.0,0.0,1.446,-0.45,44.17,,43.7,-2.25,-21.93,,,0.862,0.0,1,348,71.6,0.89,Optimistic,71.6,73.2,71.6,59.9
2011-12-02,2360.66,1.043,-0.38,,48.48,17.99,0.0,0.869,-0.82,39.12,,40.53,-3.2,-22.79,,,0.0,0.862,1,348,70.6,0.89,Optimistic,70.6,72.9,70.6,52.4
2011-12-05,2333.23,1.085,-0.37,,40.58,35.1,0.0,0.758,-2.09,33.7,,37.47,-4.19,-23.68,,,0.0,1.724,1,348,68.9,0.89,Optimistic,68.9,71.2,68.9,46.3
2011-12-06,2325.91,1.302,-0.32,,35.42,16.37,0.0,0.667,-3.59,28.55,,36.67,-4.39,-23.92,,,0.285,0.285,1,351,66.4,0.89,Optimistic,66.4,68.0,66.4,42.1
2011-12-07,2332.73,1.302,-0.32,,46.65,9.97,0.0,0.605,-0.03,40.57,,37.99,-4.02,-23.7,,,0.287,0.0,1,349,69.5,0.89,Optimistic,69.5,71.1,69.5,45.8
2011-12-08,2329.82,1.258,-0.33,,36.45,13.2,0.0,0.75,-2.39,32.54,,37.63,-4.02,-23.8,,,0.0,0.57,1,349,67.4,0.89,Optimistic,67.4,69.4,67.4,44.3
2011-12-09,2315.27,1.214,-0.34,,37.85,26.61,0.0,0.584,-1.92,34.43,,35.8,-4.5,-24.27,,,0.0,0.57,1,351,68.3,0.89,Optimistic,68.3,70.4,68.3,41.7
2011-12-12,2291.55,1.344,-0.31,,40.25,32.85,0.0,0.581,-1.79,34.86,,32.98,-5.34,-25.05,,,0.0,1.408,1,355,67.3,0.89,Optimistic,67.3,69.5,67.3,40.7
2011-12-13,2248.59,1.344,-0.31,,29.57,52.59,0.0,0.862,-3.32,28.2,,28.58,-6.98,-26.45,,,0.0,4.213,1,356,65.6,0.89,Optimistic,65.6,68.1,65.6,39.0
2011-12-14,2228.53,1.517,-0.27,,20.42,57.06,0.0,0.647,-4.47,25.68,,26.79,-7.64,-27.11,,,0.0,1.127,1,355,64.1,0.89,Optimistic,64.1,66.0,64.1,31.7
2011-12-15,2180.89,1.691,-0.23,,14.14,60.87,0.0,0.834,-6.39,21.28,,23.08,-9.43,-28.67,,,0.0,2.833,1,353,61.7,0.89,Optimistic,61.7,63.7,61.7,31.9
2011-12-16,2224.84,1.862,-0.19,,29.07,3.51,0.0,0.842,-3.91,25.84,,32.38,-7.44,-27.23,,,1.143,0.286,1,350,61.9,0.89,Optimistic,61.9,62.9,61.9,37.5
2011-12-19,2218.24,1.732,-0.22,,34.42,7.2,0.0,0.848,-3.2,28.82,,31.76,-7.57,-27.45,,,0.282,0.845,1,355,63.5,0.89,Optimistic,63.5,65.0,63.5,39.5
2011-12-20,2215.93,1.73,-0.22,,41.06,5.49,0.0,0.772,-1.45,36.21,,31.53,-7.52,-27.52,,,0.0,0.283,1,353,65.1,0.89,Optimistic,65.1,66.9,65.1,40.6
2011-12-21,2191.15,1.773,-0.21,,39.88,34.68,0.0,0.744,-1.68,35.3,,29.12,-8.35,-28.33,,,0.0,1.7,1,353,64.4,0.89,Optimistic,64.4,66.4,64.4,38.4
2011-12-22,2186.3,1.858,-0.19,,41.91,50.14,0.0,0.87,0.25,43.82,,28.65,-8.39,-28.49,,,0.847,0.847,1,354,66.4,0.89,Optimistic,66.4,68.0,66.4,40.6
2011-12-23,2204.78,1.945,-0.17,,38.15,12.07,0.0,0.776,-0.9,38.41,,33.02,-7.47,-27.89,,,1.408,0.0,2,355,64.7,0.89,Optimistic,64.7,65.6,64.7,39.3
2011-12-26,2190.11,1.772,-0.21,,34.52,24.86,0.0,0.648,-1.27,36.65,,31.38,-7.95,-28.37,,,0.283,0.567,1,353,65.2,0.89,Optimistic,65.2,66.7,65.2,36.0
2011-12-27,2166.2,1.772,-0.21,,28.0,52.45,0.0,0.681,-2.24,33.24,,28.86,-8.8,-29.15,,,0.283,2.55,1,353,64.1,0.89,Optimistic,64.1,66.0,64.1,33.2
2011-12-28,2170.01,2.029,-0.15,,33.16,44.57,0.0,0.742,-0.96,38.03,,29.83,-8.5,-29.02,,,0.865,0.865,1,347,63.6,0.89,Optimistic,63.6,65.0,63.6,35.3
2011-12-29,2173.56,2.026,-0.15,,38.58,28.95,0.0,0.67,-0.58,39.12,,30.77,-8.22,-28.91,,,0.0,0.287,1,348,63.6,0.89,Optimistic,63.6,65.2,63.6,36.5
2011-12-30,2199.42,2.155,-0.12,,42.34,1.45,0.0,0.78,-0.24,41.06,,37.37,-7.03,-28.06,,,0.857,0.286,1,350,63.5,0.89,Optimistic,63.5,64.7,63.5,41.7
2012-01-04,2169.39,1.81,-0.2,,38.5,40.58,0.0,0.739,-0.95,38.09,,33.39,-8.18,-29.04,,,0.285,1.994,1,351,65.0,0.89,Optimistic,65.0,66.8,65.0,38.9
2012-01-05,2148.45,2.5,-0.04,,38.39,69.16,0.0,0.88,-0.82,39.18,,30.92,-8.94,-29.73,,,0.284,7.955,2,352,60.6,0.89,Optimistic,60.6,62.3,60.6,37.9
2012-01-06,2163.39,2.841,0.03,,44.57,23.71,0.0,0.759,-0.3,40.67,,34.64,-8.14,-29.24,,,0.56,1.681,1,356,59.0,0.89,Neutral,59.0,60.3,59.0,39.0
2012-01-09,2225.89,2.626,-0.02,,54.06,0.29,0.0,1.163,2.41,58.64,,47.4,-5.34,-27.19,,,4.802,0.0,1,354,65.0,0.89,Optimistic,65.0,65.6,65.0,52.9
2012-01-10,2285.74,2.28,-0.09,,54.92,0.29,0.0,1.665,3.92,79.64,,56.22,-2.7,-25.24,,,4.775,0.0,2,356,72.2,0.89,Optimistic,72.2,73.1,72.2,60.9
2012-01-11,2276.05,1.677,-0.23,,62.93,0.0,0.0,1.268,4.92,75.85,,54.62,-3.0,-25.55,,,1.404,0.281,3,356,75.3,0.89,Optimistic,75.3,76.9,75.3,62.3
2012-01-12,2275.01,1.72,-0.22,,68.76,0.86,0.0,1.067,5.89,70.48,,54.44,-2.97,-25.59,,,0.283,0.0,4,353,73.6,0.89,Optimistic,73.6,75.1,73.6,61.9
2012-01-13,2244.58,1.762,-0.21,,57.21,6.09,0.0,1.068,3.75,63.96,,49.36,-4.17,-26.58,,,0.0,3.704,1,351,70.5,0.89,Optimistic,70.5,73.3,70.5,56.6
2012-01-16,2206.19,2.061,-0.14,,38.59,27.3,0.0,0.683,-0.88,38.1,,43.8,-5.73,-27.84,,,0.291,3.779,1,344,62.1,0.89,Optimistic,62.1,64.0,62.1,41.5
2012-01-17,2298.38,2.318,-0.09,,38.7,0.0,0.0,1.314,0.55,49.69,,56.48,-1.78,-24.82,,,10.511,0.0,2,352,64.8,0.89,Optimistic,64.8,64.7,64.8,53.7
2012-01-18,2266.38,1.717,-0.22,,31.19,9.22,0.0,1.333,-0.42,43.64,,52.08,-3.07,-25.87,,,0.567,3.399,3,353,66.3,0.89,Optimistic,66.3,68.1,66.3,51.2
2012-01-19,2296.07,2.016,-0.15,,39.92,2.6,0.0,1.07,0.93,49.15,,55.54,-1.72,-24.9,,,1.133,0.567,1,353,65.2,0.89,Optimistic,65.2,66.6,65.2,52.6
2012-01-20,2319.12,1.759,-0.21,,56.14,0.29,0.0,1.036,3.32,60.99,,58.07,-0.66,-24.15,,,0.562,0.0,1,356,70.1,0.89,Optimistic,70.1,71.7,70.1,59.9
2012-01-30,2285.04,1.63,-0.24,,61.27,0.29,0.0,0.874,3.57,58.51,,53.25,-2.01,-25.26,,,0.85,0.0,2,353,71.1,0.89,Optimistic,71.1,72.5,71.1,58.0
2012-01-31,2292.61,1.759,-0.21,,50.28,1.44,0.0,0.733,-0.25,40.71,,54.16,-1.56,-25.01,,,0.567,0.0,3,353,65.6,0.89,Optimistic,65.6,66.6,65.6,52.2
2012-02-01,2268.08,1.887,-0.18,,54.49,0.0,0.0,0.818,0.07,42.64,,50.71,-2.48,-25.81,,,0.282,0.0,4,355,65.3,0.89,Optimistic,65.3,66.1,65.3,53.1
2012-02-02,2312.56,1.93,-0.17,,57.95,0.0,0.0,0.978,0.72,47.06,,56.16,-0.45,-24.36,,,0.283,0.0,5,353,65.7,0.89,Optimistic,65.7,66.5,65.7,58.8
2012-02-03,2330.41,1.844,-0.19,,58.47,0.0,0.0,1.224,0.49,48.38,,58.16,0.44,-23.78,,,1.143,0.0,6,350,66.8,0.89,Optimistic,66.8,67.4,66.8,62.7
2012-02-06,2331.14,1.672,-0.23,,65.73,0.0,0.0,1.182,2.02,56.75,,58.24,0.6,-23.75,,,1.983,0.0,7,353,70.5,0.89,Optimistic,70.5,71.2,70.5,65.2
2012-02-07,2291.9,1.63,-0.24,,59.5,0.0,0.0,1.068,-0.03,44.12,,52.19,-0.92,-25.04,,,0.568,0.568,8,352,67.6,0.89,Optimistic,67.6,68.5,67.6,60.2
2012-02-08,2347.53,1.758,-0.21,,73.08,0.0,0.0,1.395,3.5,70.13,,58.74,1.6,-23.22,,,1.13,0.0,3,354,72.4,0.89,Optimistic,72.4,73.7,72.4,69.0
2012-02-09,2349.59,1.629,-0.24,,66.56,0.0,0.0,1.566,1.6,60.01,,58.96,1.8,-23.15,,,0.857,0.0,4,350,70.9,0.89,Optimistic,70.9,72.1,70.9,69.0
2012-02-10,2351.98,1.5,-0.27,,61.09,0.0,0.0,1.534,0.93,54.63,,59.24,2.03,-23.07,,,1.425,0.0,5,351,70.8,0.89,Optimistic,70.8,71.8,70.8,68.1
2012-02-13,2351.86,1.457,-0.28,,63.05,0.0,0.29,1.364,0.89,52.39,,59.21,2.12,-23.07,,,1.709,0.0,6,351,70.7,0.89,Optimistic,70.7,71.5,70.7,67.7
2012-02-14,2344.77,1.457,-0.28,,68.87,0.0,0.0,1.157,2.31,57.95,,57.87,1.92,-23.31,,,0.57,0.0,1,351,71.4,0.89,Optimistic,71.4,73.0,71.4,67.1
2012-02-15,2366.7,1.414,-0.29,,67.38,0.0,0.0,1.561,0.82,54.15,,60.83,2.99,-22.59,,,1.429,0.0,1,350,70.7,0.89,Optimistic,70.7,72.2,70.7,71.0
2012-02-16,2356.86,1.241,-0.33,,62.12,0.0,0.0,1.494,0.31,49.8,,58.83,2.69,-22.91,,,0.285,0.0,1,350,70.9,0.89,Optimistic,70.9,72.6,70.9,69.3
2012-02-17,2357.18,1.325,-0.31,,55.71,0.0,0.29,1.126,0.22,45.95,,58.88,2.79,-22.9,,,0.567,0.0,1,353,69.3,0.89,Optimistic,69.3,70.9,69.3,64.2
2012-02-20,2363.6,1.368,-0.3,,49.53,0.0,0.29,1.399,0.5,50.2,,59.88,3.14,-22.69,,,0.852,0.0,1,352,70.0,0.89,Optimistic,70.0,71.5,70.0,64.5
2012-02-21,2381.43,1.282,-0.32,,58.22,0.0,0.29,1.242,1.56,55.01,,62.58,3.95,-22.11,,,0.563,0.0,1,355,71.7,0.89,Optimistic,71.7,73.4,71.7,67.6
2012-02-22,2403.59,1.282,-0.32,,59.31,0.0,0.29,1.854,1.56,63.09,,65.68,4.92,-21.38,,,1.13,0.0,1,354,73.6,0.89,Optimistic,73.6,75.3,73.6,72.6
2012-02-23,2409.55,1.196,-0.34,,61.49,0.0,0.29,1.727,2.24,67.51,,66.49,5.18,-21.19,,,0.852,0.0,2,352,75.5,0.89,Optimistic,75.5,77.2,75.5,73.5
2012-02-24,2439.63,1.068,-0.37,,72.37,0.0,0.29,2.038,3.5,79.38,,70.27,6.46,-20.2,,,1.416,0.0,3,353,79.4,0.89,Optimistic,79.4,81.2,79.4,79.4
2012-02-27,2447.06,0.897,-0.41,,71.91,0.0,0.29,2.339,3.53,79.66,,71.14,6.75,-19.96,,,0.568,0.0,1,352,80.4,0.89,Greed,80.4,82.7,80.4,80.7
2012-02-28,2451.86,0.896,-0.41,,61.68,0.0,0.57,1.706,2.96,72.92,,71.71,6.9,-19.8,,,0.847,0.0,1,354,78.8,0.89,Optimistic,78.8,80.9,78.8,76.6
2012-02-29,2428.49,0.896,-0.41,,45.82,0.0,0.57,1.354,1.04,53.22,,64.94,5.85,-20.57,,,0.568,0.0,2,352,74.2,0.89,Optimistic,74.2,75.9,74.2,67.2
2012-03-01,2426.11,1.024,-0.38,,50.14,0.0,0.57,1.052,0.69,47.71,,64.28,5.73,-20.65,,,0.852,0.0,3,352,72.0,0.89,Optimistic,72.0,73.3,72.0,65.6
2012-03-02,2460.69,0.982,-0.39,,52.58,0.0,0.57,1.439,0.86,53.09,,69.22,7.14,-19.51,,,1.13,0.0,1,354,73.2,0.89,Optimistic,73.2,74.9,73.2,71.6
2012-03-05,2445.0,0.854,-0.42,,52.26,0.0,0.86,1.561,-0.08,47.52,,64.84,6.41,-20.03,,,1.14,0.0,2,351,73.2,0.89,Optimistic,73.2,74.7,73.2,71.2
2012-03-06,2410.45,0.939,-0.4,,49.74,0.0,0.57,1.432,-1.69,35.62,,56.37,4.87,-21.16,,,0.852,0.284,3,352,70.0,0.89,Optimistic,70.0,71.4,70.0,66.4
2012-03-07,2394.79,1.025,-0.38,,52.49,0.0,0.0,1.296,-1.39,37.42,,53.0,4.14,-21.67,,,1.14,0.0,4,351,70.4,0.89,Optimistic,70.4,71.5,70.4,64.8
2012-03-08,2420.28,1.067,-0.37,,56.85,0.0,0.0,1.31,-0.24,44.66,,57.46,5.18,-20.84,,,0.857,0.0,1,349,70.9,0.89,Optimistic,70.9,72.5,70.9,67.9
2012-03-09,2439.46,1.107,-0.36,,54.96,0.0,0.29,1.347,-0.86,40.9,,60.5,5.93,-20.21,,,1.14,0.0,1,350,69.4,0.89,Optimistic,69.4,70.8,69.4,68.6
2012-03-12,2434.86,1.022,-0.38,,58.47,0.0,0.29,1.403,-0.41,44.13,,59.41,5.65,-20.36,,,1.143,0.0,1,350,71.0,0.89,Optimistic,71.0,72.5,71.0,70.1
2012-03-13,2455.8,0.937,-0.4,,68.67,0.0,0.29,1.366,1.88,58.9,,62.72,6.45,-19.68,,,1.412,0.282,2,354,75.2,0.89,Optimistic,75.2,77.0,75.2,74.1
2012-03-14,2391.23,0.937,-0.4,,63.35,0.0,0.0,2.315,-0.15,48.75,,49.35,3.58,-21.79,,,0.0,5.307,1,358,72.7,0.89,Optimistic,72.7,75.7,72.7,71.5
2012-03-15,2373.77,1.191,-0.34,,50.56,0.0,0.29,1.5,-1.92,34.0,,46.46,2.73,-22.36,,,1.133,0.567,1,353,68.2,0.89,Optimistic,68.2,69.8,68.2,62.8
2012-03-16,2404.74,1.359,-0.3,,52.16,0.0,0.87,1.279,-1.42,37.17,,51.84,3.94,-21.35,,,2.564,0.285,2,350,67.6,0.89,Optimistic,67.6,68.6,67.6,63.2
2012-03-19,2410.18,1.229,-0.33,,55.84,0.0,0.28,1.245,-1.01,39.58,,52.74,4.0,-21.17,,,1.966,0.0,3,356,69.4,0.89,Optimistic,69.4,70.3,69.4,64.9
2012-03-20,2376.84,1.187,-0.34,,42.79,0.0,0.0,1.183,-3.22,26.73,,46.96,2.45,-22.26,,,0.85,0.283,4,353,66.8,0.89,Optimistic,66.8,67.8,66.8,57.7
2012-03-21,2378.2,1.228,-0.33,,51.79,0.0,0.0,1.146,-0.55,41.85,,47.21,2.39,-22.21,,,1.412,0.0,5,354,70.6,0.89,Optimistic,70.6,71.5,70.6,60.5
2012-03-22,2375.77,1.271,-0.32,,53.91,0.0,0.0,0.944,0.08,43.71,,46.78,2.17,-22.29,,,1.433,0.287,6,349,70.6,0.89,Optimistic,70.6,71.6,70.6,58.5
2012-03-23,2349.54,1.228,-0.33,,36.96,0.29,0.0,0.909,-2.3,32.58,,42.29,0.93,-23.15,,,0.0,0.576,1,347,67.2,0.89,Optimistic,67.2,69.2,67.2,50.5
2012-03-26,2350.6,1.228,-0.33,,30.66,0.29,0.29,0.652,-2.47,32.5,,42.53,0.85,-23.12,,,0.0,0.282,1,354,67.2,0.89,Optimistic,67.2,69.2,67.2,44.6
2012-03-27,2347.18,1.312,-0.31,,37.08,0.57,0.0,0.717,-1.25,36.89,,41.92,0.61,-23.23,,,0.563,0.845,1,355,67.9,0.89,Optimistic,67.9,69.6,67.9,47.2
2012-03-28,2284.88,1.312,-0.31,,28.15,2.59,0.0,0.983,-3.92,24.48,,32.77,-2.13,-25.27,,,0.283,4.816,1,353,64.5,0.89,Optimistic,64.5,66.6,64.5,43.8
2012-03-29,2252.16,1.562,-0.25,,24.71,5.73,0.0,0.866,-5.2,20.84,,29.16,-3.59,-26.34,,,0.563,2.535,1,354,61.8,0.89,Optimistic,61.8,63.5,61.8,38.5
2012-03-30,2262.79,1.647,-0.23,,30.84,4.29,0.0,0.72,-3.69,27.75,,31.79,-3.2,-25.99,,,0.281,1.966,1,356,62.9,0.89,Optimistic,62.9,64.6,62.9,38.8
2012-04-05,2302.24,1.605,-0.24,,40.9,0.0,0.29,0.927,-2.06,33.64,,40.59,-1.6,-24.7,,,3.662,0.282,2,355,65.6,0.89,Optimistic,65.6,66.3,65.6,49.0
2012-04-06,2306.55,1.605,-0.24,,45.22,1.17,0.29,0.829,-1.73,35.12,,41.47,-1.49,-24.56,,,2.292,0.573,2,349,65.7,0.89,Optimistic,65.7,66.7,65.7,49.4
2012-04-09,2285.78,1.562,-0.25,,48.66,1.72,0.29,0.684,0.04,41.42,,38.49,-2.46,-25.24,,,0.847,0.282,3,354,67.6,0.89,Optimistic,67.6,68.8,67.6,47.3
2012-04-10,2305.86,1.688,-0.22,,60.45,0.57,0.28,0.77,2.38,51.39,,42.78,-1.72,-24.58,,,1.401,0.28,1,357,68.8,0.89,Optimistic,68.8,70.3,68.8,53.7
2012-04-11,2308.93,1.561,-0.25,,62.24,1.13,0.28,0.857,2.04,51.47,,43.43,-1.69,-24.48,,,2.228,0.279,2,358,70.2,0.89,Optimistic,70.2,71.5,70.2,56.2
2012-04-12,2350.86,1.476,-0.27,,61.8,0.57,0.28,1.109,2.11,56.06,,51.52,0.01,-23.11,,,2.241,0.28,3,357,71.6,0.89,Optimistic,71.6,72.8,71.6,62.6
2012-04-13,2359.16,1.434,-0.28,,62.59,0.56,0.28,1.117,2.28,57.11,,52.96,0.31,-22.84,,,1.389,0.278,2,360,71.8,0.89,Optimistic,71.8,73.4,71.8,63.5
2012-04-16,2357.03,1.39,-0.29,,66.65,0.85,0.57,0.967,3.12,58.48,,52.52,0.16,-22.91,,,0.833,0.278,1,359,72.3,0.89,Optimistic,72.3,74.2,72.3,62.6
2012-04-17,2334.99,1.348,-0.3,,54.37,1.99,0.28,0.96,1.26,49.47,,48.17,-0.82,-23.63,,,0.559,1.397,2,358,70.6,0.89,Optimistic,70.6,72.4,70.6,57.4
2012-04-18,2380.85,1.474,-0.27,,63.34,0.0,0.58,1.228,3.11,64.01,,56.29,1.04,-22.13,,,1.994,0.0,1,351,73.1,0.89,Optimistic,73.1,74.7,73.1,65.6
2012-04-19,2378.63,1.306,-0.31,,51.99,0.0,0.29,1.058,1.18,50.35,,55.84,0.82,-22.2,,,0.855,0.855,1,351,70.8,0.89,Optimistic,70.8,72.7,70.8,60.8
2012-04-20,2406.86,1.348,-0.3,,53.24,0.3,0.3,1.285,2.02,58.48,,60.25,1.94,-21.28,,,1.453,0.581,2,344,72.6,0.89,Optimistic,72.6,74.2,72.6,64.7
2012-04-23,2388.59,1.305,-0.31,,49.13,2.92,0.29,1.36,1.34,55.28,,56.32,1.08,-21.87,,,0.86,4.298,1,349,71.4,0.89,Optimistic,71.4,73.9,71.4,62.6
2012-04-24,2388.83,1.305,-0.31,,50.65,4.34,0.29,1.471,2.31,63.53,,56.37,1.02,-21.87,,,1.7,1.7,2,353,74.1,0.89,Optimistic,74.1,76.1,74.1,64.0
2012-04-25,2406.81,1.346,-0.3,,46.85,2.29,0.29,1.425,1.09,54.47,,59.38,1.72,-21.28,,,2.521,0.84,3,356,71.8,0.89,Optimistic,71.8,73.1,71.8,63.3
2012-04-26,2404.7,1.26,-0.32,,47.57,3.24,0.29,1.243,1.1,52.22,,58.86,1.54,-21.35,,,1.729,0.0,2,347,72.1,0.89,Optimistic,72.1,73.4,72.1,62.2
2012-04-27,2396.32,1.259,-0.32,,41.11,1.76,0.59,0.972,-0.44,41.41,,56.76,1.11,-21.62,,,1.146,1.433,1,349,68.8,0.89,Optimistic,68.8,70.6,68.8,56.5
2012-05-02,2438.44,1.301,-0.31,,52.47,0.57,0.85,1.353,2.09,60.02,,63.76,2.77,-19.43,,,1.393,0.836,2,359,73.1,0.89,Optimistic,73.1,74.8,73.1,66.7
2012-05-03,2440.08,1.258,-0.32,,60.13,1.16,1.16,1.067,2.15,55.51,,64.01,2.75,-19.38,,,2.254,0.563,2,354,72.5,0.89,Optimistic,72.5,74.0,72.5,67.1
2012-05-04,2452.01,1.258,-0.32,,59.34,1.13,1.41,1.059,1.88,53.99,,65.82,3.16,-18.99,,,0.551,0.551,1,363,71.6,0.89,Optimistic,71.6,73.5,71.6,67.4
2012-05-07,2451.95,1.257,-0.32,,64.06,0.86,1.14,1.124,1.96,55.49,,65.8,3.07,-18.55,,,1.676,0.838,2,358,72.3,0.89,Optimistic,72.3,73.9,72.3,69.6
2012-05-08,2448.88,1.256,-0.32,,65.39,0.86,0.58,1.076,2.19,55.93,,64.83,2.83,-17.41,,,0.845,0.282,3,355,72.5,0.89,Optimistic,72.5,74.1,72.5,69.2
2012-05-09,2408.59,1.214,-0.33,,52.65,2.0,0.0,0.999,-1.22,37.69,,53.64,1.09,-18.05,,,1.117,0.559,4,358,68.8,0.89,Optimistic,68.8,70.0,68.8,60.9
2012-05-10,2410.23,1.424,-0.28,,50.84,0.87,0.29,0.832,-1.22,37.27,,53.99,1.12,-17.8,,,1.989,0.0,5,352,67.4,0.89,Optimistic,67.4,68.1,67.4,57.4
2012-05-11,2394.98,1.422,-0.28,,41.72,1.76,0.0,0.764,-2.33,32.76,,50.22,0.45,-18.32,,,1.143,0.571,6,350,66.2,0.89,Optimistic,66.2,67.0,66.2,51.9
2012-05-14,2380.72,1.464,-0.27,,36.17,2.27,0.0,0.928,-2.9,29.71,,46.92,-0.17,-18.81,,,1.381,0.829,7,362,65.2,0.89,Optimistic,65.2,65.9,65.2,51.1
2012-05-15,2374.84,1.464,-0.27,,34.95,3.43,0.0,0.798,-3.02,29.84,,45.58,-0.44,-19.01,,,0.0,1.393,1,359,64.1,0.89,Optimistic,64.1,66.0,64.1,48.3
2012-05-16,2346.19,1.464,-0.27,,35.51,5.33,0.0,0.785,-2.59,31.65,,39.68,-1.62,-18.83,,,0.288,1.441,1,347,65.0,0.89,Optimistic,65.0,66.7,65.0,46.3
2012-05-17,2378.89,1.464,-0.27,,41.8,0.57,0.29,0.892,-1.3,37.08,,47.96,-0.27,-17.7,,,1.676,0.0,2,358,67.0,0.89,Optimistic,67.0,67.9,67.0,52.9
2012-05-18,2344.52,1.296,-0.31,,39.88,5.09,0.6,0.922,-2.11,33.42,,41.51,-1.7,-18.89,,,0.585,0.585,2,342,67.4,0.89,Optimistic,67.4,68.8,67.4,50.8
2012-05-21,2348.3,1.254,-0.32,,40.85,4.31,0.29,0.767,-1.36,36.56,,42.43,-1.53,-18.76,,,0.0,0.843,1,356,67.8,0.89,Optimistic,67.8,69.9,67.8,49.3
2012-05-22,2373.31,1.295,-0.31,,50.73,0.85,1.13,0.789,-0.06,41.84,,48.22,-0.48,-17.9,,,0.829,0.276,1,362,69.1,0.89,Optimistic,69.1,70.7,69.1,55.1
2012-05-23,2363.44,1.294,-0.31,,54.24,3.09,1.69,0.866,0.74,45.92,,46.24,-0.86,-18.03,,,0.549,0.824,1,364,70.0,0.89,Optimistic,70.0,71.9,70.0,56.7
2012-05-24,2350.97,1.252,-0.32,,42.26,4.84,0.28,0.819,-1.17,37.44,,43.8,-1.35,-18.16,,,0.0,1.114,1,359,68.0,0.89,Optimistic,68.0,70.1,68.0,51.1
2012-05-25,2333.55,1.376,-0.29,,43.05,10.12,0.0,0.77,-0.47,40.1,,40.57,-2.0,-18.77,,,0.282,0.282,1,354,68.2,0.89,Optimistic,68.2,69.9,68.2,49.1
2012-05-28,2361.37,1.459,-0.27,,49.64,5.11,0.28,0.998,0.56,46.49,,47.25,-0.78,-17.8,,,2.493,1.108,1,361,69.0,0.89,Optimistic,69.0,70.6,69.0,56.7
2012-05-29,2389.64,1.333,-0.3,,48.92,1.13,1.13,1.246,0.69,49.8,,53.03,0.46,-16.82,,,2.493,0.831,2,361,70.7,0.89,Optimistic,70.7,72.1,70.7,61.3
2012-05-30,2384.67,1.208,-0.33,,51.5,1.13,1.13,0.955,0.9,47.67,,51.95,0.28,-16.99,,,0.276,0.0,1,362,71.0,0.89,Optimistic,71.0,72.8,71.0,59.3
2012-05-31,2372.23,1.208,-0.33,,56.18,0.56,0.28,0.829,0.9,46.23,,49.26,-0.21,-17.04,,,0.826,1.377,2,363,70.8,0.89,Optimistic,70.8,72.6,70.8,58.3
2012-06-01,2373.44,1.29,-0.31,,59.81,1.12,1.12,0.819,1.71,49.47,,49.53,-0.1,-16.97,,,0.546,0.546,1,366,70.9,0.89,Optimistic,70.9,72.8,70.9,59.2
2012-06-04,2308.55,1.331,-0.3,,46.0,10.08,0.28,0.964,-2.24,32.74,,37.74,-2.73,-18.14,,,0.546,1.639,1,366,66.6,0.89,Optimistic,66.6,68.5,66.6,52.0
2012-06-05,2311.92,1.537,-0.25,,37.73,6.16,0.0,0.709,-3.25,29.46,,38.56,-2.52,-18.02,,,0.546,0.546,2,366,64.6,0.89,Optimistic,64.6,65.8,64.6,45.1
2012-06-06,2309.55,1.496,-0.26,,35.09,9.24,0.28,0.632,-3.15,30.28,,38.18,-2.57,-18.11,,,0.824,0.0,3,364,65.5,0.89,Optimistic,65.5,66.3,65.5,43.1
2012-06-07,2293.13,1.454,-0.27,,30.3,11.14,0.0,0.655,-3.33,29.51,,35.56,-3.17,-18.69,,,0.272,0.545,1,367,65.1,0.89,Optimistic,65.1,66.7,65.1,40.8
2012-06-08,2281.45,1.577,-0.24,,29.63,10.11,0.0,0.744,-3.88,26.85,,33.79,-3.56,-19.1,,,0.275,0.824,2,364,63.7,0.89,Optimistic,63.7,64.9,63.7,40.7
2012-06-11,2305.86,1.577,-0.24,,46.84,1.68,0.56,0.707,-0.12,41.03,,40.47,-2.44,-18.24,,,0.822,0.548,3,365,67.2,0.89,Optimistic,67.2,68.4,67.2,48.7
2012-06-12,2289.79,1.532,-0.25,,44.38,6.69,0.84,0.665,-0.96,37.78,,37.77,-3.0,-18.81,,,1.093,0.546,2,366,66.8,0.89,Optimistic,66.8,68.1,66.8,46.3
2012-06-13,2318.92,1.489,-0.26,,56.2,0.83,1.11,0.878,0.41,44.59,,44.94,-1.72,-17.77,,,1.084,0.542,3,368,68.7,0.89,Optimistic,68.7,70.0,68.7,56.2
2012-06-14,2295.95,1.489,-0.26,,56.7,1.66,0.83,0.817,0.12,42.83,,40.93,-2.64,-18.59,,,0.541,0.541,4,370,68.5,0.89,Optimistic,68.5,69.7,68.5,54.0
2012-06-15,2306.85,1.531,-0.25,,59.5,0.56,0.56,0.791,1.11,46.62,,43.51,-2.11,-18.2,,,0.549,0.275,5,364,69.1,0.89,Optimistic,69.1,70.3,69.1,55.3
2012-06-18,2316.05,1.448,-0.27,,57.11,1.14,1.14,0.702,0.44,43.05,,45.66,-1.65,-17.88,,,1.401,0.84,6,357,68.9,0.89,Optimistic,68.9,70.0,68.9,54.2
2012-06-19,2300.8,1.446,-0.27,,56.02,2.79,0.28,0.703,0.48,43.19,,42.75,-2.25,-18.42,,,0.817,0.545,3,366,68.8,0.89,Optimistic,68.8,70.2,68.8,52.8
2012-06-20,2292.88,1.446,-0.27,,45.0,0.84,0.0,0.637,-1.12,37.11,,41.28,-2.53,-18.7,,,1.096,0.0,1,365,67.3,0.89,Optimistic,67.3,68.6,67.3,47.6
2012-06-21,2260.88,1.488,-0.26,,42.34,7.56,0.28,0.7,-1.53,35.82,,35.91,-3.81,-19.83,,,0.0,0.549,1,364,66.2,0.89,Optimistic,66.2,68.1,66.2,45.1
2012-06-25,2224.11,1.529,-0.25,,33.99,14.61,0.28,0.712,-3.59,28.2,,30.93,-5.29,-21.14,,,0.0,2.198,1,364,64.0,0.89,Optimistic,64.0,66.1,64.0,39.8
2012-06-26,2222.07,1.736,-0.21,,28.38,10.64,0.0,0.633,-4.06,27.22,,30.67,-5.29,-21.21,,,0.274,0.822,1,365,62.6,0.89,Optimistic,62.6,64.0,62.6,36.1
2012-06-27,2216.93,1.777,-0.2,,29.25,14.08,0.56,0.611,-3.64,28.79,,30.0,-5.42,-21.39,,,0.275,0.551,1,363,62.7,0.89,Optimistic,62.7,64.1,62.7,35.7
2012-06-28,2195.84,1.816,-0.19,,25.81,16.43,0.57,0.649,-4.23,26.46,,27.37,-6.26,-22.14,,,1.108,0.831,1,360,62.1,0.89,Optimistic,62.1,63.3,62.1,34.0
2012-06-29,2225.43,1.857,-0.18,,39.81,3.38,1.41,0.741,-1.57,35.72,,35.88,-4.98,-21.09,,,0.826,0.275,1,363,63.8,0.89,Optimistic,63.8,65.1,63.8,42.8
2012-07-02,2226.11,1.775,-0.2,,53.38,3.61,1.67,0.752,0.09,42.16,,36.07,-4.93,-21.06,,,1.902,0.0,2,368,66.7,0.89,Optimistic,66.7,67.6,66.7,48.1
2012-07-03,2229.19,1.898,-0.17,,53.32,3.34,0.84,0.758,0.32,43.11,,36.96,-4.75,-20.96,,,1.635,0.272,3,367,65.8,0.89,Optimistic,65.8,66.7,65.8,48.1
2012-07-04,2227.32,1.856,-0.18,,54.0,6.15,0.56,0.671,0.47,42.83,,36.63,-4.77,-21.02,,,0.274,0.274,2,365,65.7,0.89,Optimistic,65.7,67.0,65.7,47.1
2012-07-05,2201.35,1.856,-0.18,,52.39,17.45,0.83,0.706,0.25,42.37,,32.27,-5.82,-21.94,,,0.0,0.543,1,367,65.3,0.89,Optimistic,65.3,67.1,65.3,45.1
2012-07-06,2223.58,2.02,-0.14,,52.63,3.35,2.79,0.932,-0.08,42.83,,38.96,-4.82,-21.15,,,1.093,0.273,1,366,64.3,0.89,Optimistic,64.3,65.6,64.3,50.6
2012-07-09,2170.81,1.896,-0.17,,39.96,19.89,1.38,0.913,-2.48,31.71,,31.11,-6.99,-23.03,,,0.541,1.351,1,370,62.7,0.89,Optimistic,62.7,64.1,62.7,42.6
2012-07-10,2164.44,2.43,-0.04,,35.31,18.84,0.0,0.717,-2.9,30.7,,30.31,-7.13,-23.25,,,0.543,1.359,1,368,58.9,0.89,Neutral,58.9,60.1,58.9,36.4
2012-07-11,2175.38,2.512,-0.02,,42.96,4.13,1.38,0.718,-2.33,32.84,,33.46,-6.54,-22.86,,,0.539,0.809,1,371,59.0,0.89,Neutral,59.0,60.0,59.0,40.1
2012-07-12,2185.49,2.471,-0.03,,56.73,3.57,0.55,1.015,-0.72,40.25,,36.31,-5.99,-22.5,,,1.078,0.27,1,371,61.1,0.89,Optimistic,61.1,62.2,61.1,50.3
2012-07-13,2185.89,2.346,-0.06,,44.9,10.99,1.65,0.711,-1.69,35.22,,36.43,-5.87,-22.49,,,0.538,0.806,2,371,60.6,0.89,Optimistic,60.6,61.6,60.6,42.4
2012-07-16,2147.95,2.428,-0.04,,43.55,33.52,0.55,0.839,-1.05,38.01,,30.7,-7.35,-23.84,,,0.806,6.989,2,372,60.5,0.89,Optimistic,60.5,62.1,60.5,41.0
2012-07-17,2161.19,2.878,0.06,,52.68,7.97,0.55,0.692,-0.15,40.8,,34.57,-6.64,-23.37,,,1.075,0.269,3,372,59.2,0.89,Neutral,59.2,59.7,59.2,42.4
2012-07-18,2169.1,2.671,0.01,,51.53,4.97,0.83,0.841,-0.29,41.28,,36.84,-6.13,-23.09,,,1.351,0.541,1,370,60.2,0.89,Optimistic,60.2,61.2,60.2,45.7
2012-07-19,2184.84,2.629,0.0,,50.39,1.38,0.83,1.013,-0.03,43.7,,41.2,-5.31,-22.53,,,2.432,0.0,2,370,61.3,0.89,Optimistic,61.3,61.7,61.3,49.5
2012-07-20,2168.64,2.671,0.01,,49.7,4.68,0.0,0.829,-0.79,39.09,,38.27,-5.87,-23.1,,,1.351,1.081,3,370,59.8,0.89,Neutral,59.8,60.5,59.8,45.5
2012-07-23,2141.4,2.753,0.03,,53.01,10.5,0.28,0.729,-0.31,40.48,,33.9,-6.87,-24.07,,,0.271,0.542,3,369,59.7,0.89,Neutral,59.7,60.6,59.7,43.0
2012-07-24,2146.59,2.876,0.06,,52.92,1.38,0.0,0.724,-0.68,39.05,,35.41,-6.47,-23.88,,,0.813,0.0,1,369,58.5,0.89,Neutral,58.5,59.2,58.5,43.2
2012-07-25,2136.15,2.794,0.04,,44.63,6.32,0.0,0.655,-1.52,35.8,,33.74,-6.75,-24.25,,,0.0,0.27,1,371,57.8,0.89,Neutral,57.8,59.0,57.8,38.9
2012-07-26,2126.0,2.871,0.06,,33.27,9.89,0.0,0.72,-2.69,31.48,,32.15,-6.98,-24.61,,,0.27,0.27,1,371,56.5,0.89,Neutral,56.5,57.4,56.5,35.0
2012-07-27,2128.76,2.994,0.09,,36.13,8.24,0.0,0.721,-1.84,34.68,,33.08,-6.65,-24.52,,,1.351,0.27,1,370,56.7,0.89,Neutral,56.7,57.4,56.7,36.1
2012-07-30,2109.91,2.953,0.08,,35.53,24.18,0.0,0.729,-1.47,36.07,,30.06,-7.24,-25.09,,,0.541,2.973,2,370,57.0,0.89,Neutral,57.0,58.1,57.0,34.9
2012-07-31,2103.63,3.073,0.11,,24.84,35.16,0.0,0.758,-2.0,34.04,,29.11,-7.28,-24.79,,,0.0,3.784,1,370,55.1,0.89,Neutral,55.1,56.8,55.1,31.4
2012-08-01,2123.36,3.232,0.14,,37.72,3.29,0.0,0.773,-0.6,39.6,,35.96,-6.19,-24.01,,,0.538,0.0,1,371,56.4,0.89,Neutral,56.4,57.0,56.4,38.0
2012-08-02,2111.18,3.151,0.13,,39.45,13.46,0.27,0.778,-0.7,39.23,,33.79,-6.52,-23.81,,,0.27,0.0,1,371,56.8,0.89,Neutral,56.8,57.5,56.8,38.1
2012-08-03,2132.8,3.191,0.13,,50.22,0.27,0.55,0.785,0.19,42.83,,40.64,-5.37,-23.03,,,1.609,0.0,2,373,57.6,0.89,Neutral,57.6,57.9,57.6,44.6
2012-08-06,2154.92,3.069,0.11,,65.74,0.0,0.82,1.064,2.13,55.4,,46.72,-4.22,-20.88,,,1.877,0.0,2,373,60.8,0.89,Optimistic,60.8,61.3,60.8,55.9
2012-08-07,2157.62,3.027,0.1,,76.34,0.0,1.36,1.112,2.57,58.57,,47.43,-3.94,-20.78,,,1.872,0.0,3,374,61.9,0.89,Optimistic,61.9,62.3,61.9,59.5
2012-08-08,2160.99,2.859,0.06,,65.41,0.0,0.55,1.084,1.77,53.82,,48.35,-3.64,-20.65,,,1.609,0.0,4,373,61.7,0.89,Optimistic,61.7,62.1,61.7,57.3
2012-08-09,2174.1,2.941,0.08,,77.11,0.0,0.55,1.08,2.98,60.16,,51.88,-2.93,-19.74,,,2.151,0.0,4,372,62.7,0.89,Optimistic,62.7,63.0,62.7,61.2
2012-08-10,2168.81,2.817,0.05,,65.57,0.0,1.09,1.02,1.69,52.4,,50.38,-3.01,-19.79,,,0.535,0.267,4,374,61.1,0.89,Optimistic,61.1,61.7,61.1,57.6
2012-08-13,2136.08,2.858,0.06,,48.13,1.36,0.27,1.069,-0.87,39.7,,42.25,-4.33,-21.0,,,0.267,0.802,1,374,57.9,0.89,Neutral,57.9,59.0,57.9,49.8
2012-08-14,2142.53,2.981,0.09,,48.35,0.54,0.54,1.017,-0.7,40.37,,44.17,-3.89,-20.18,,,0.267,0.267,2,374,57.5,0.89,Neutral,57.5,58.2,57.5,49.7
2012-08-15,2118.95,2.981,0.09,,44.96,1.63,0.54,0.823,-1.95,34.22,,39.07,-4.77,-21.05,,,1.07,0.0,3,374,56.7,0.89,Neutral,56.7,56.9,56.7,44.0
2012-08-16,2112.2,3.02,0.09,,32.5,2.17,0.0,0.685,-2.85,31.06,,37.73,-4.89,-21.31,,,0.533,0.267,1,375,55.2,0.89,Neutral,55.2,55.9,55.2,37.0
2012-08-17,2114.89,3.015,0.09,,35.89,1.9,0.27,0.68,-2.49,32.37,,38.64,-4.6,-19.49,,,0.8,0.533,2,375,55.6,0.89,Neutral,55.6,56.1,55.6,38.8
2012-08-20,2106.96,3.015,0.09,,44.45,3.26,0.0,0.722,-1.36,36.46,,36.93,-4.8,-19.79,,,1.07,0.0,1,374,56.7,0.89,Neutral,56.7,57.3,56.7,41.8
2012-08-21,2118.27,3.014,0.09,,48.03,0.54,1.09,0.945,-1.13,37.99,,40.93,-4.11,-19.36,,,3.217,0.0,2,373,57.5,0.89,Neutral,57.5,57.6,57.5,47.8
2012-08-22,2107.71,2.933,0.07,,49.19,2.98,0.27,0.917,-0.53,40.67,,38.48,-4.39,-19.76,,,1.067,0.0,2,375,58.5,0.89,Neutral,58.5,58.9,58.5,47.2
2012-08-23,2113.07,3.014,0.09,,57.6,1.36,0.0,0.932,0.04,43.41,,40.43,-3.94,-19.56,,,1.337,0.0,2,374,58.6,0.89,Neutral,58.6,59.0,58.6,50.9
2012-08-24,2092.1,2.85,0.05,,49.29,5.98,0.0,0.968,-1.08,38.31,,35.67,-4.7,-20.35,,,0.533,1.067,1,374,57.8,0.89,Neutral,57.8,58.9,57.8,47.1
2012-08-27,2055.71,3.013,0.09,,41.43,14.75,0.0,0.974,-2.43,31.78,,29.23,-6.13,-21.74,,,0.0,1.072,1,373,55.2,0.89,Neutral,55.2,56.4,55.2,41.1
2012-08-28,2073.15,3.094,0.11,,37.5,4.38,0.0,0.883,-2.13,33.37,,35.26,-5.16,-20.73,,,1.613,0.269,1,372,55.5,0.89,Neutral,55.5,56.1,55.5,40.7
2012-08-29,2053.24,3.094,0.11,,39.14,10.11,0.0,0.856,-2.58,31.44,,31.91,-5.89,-21.49,,,1.34,0.268,2,373,55.4,0.89,Neutral,55.4,55.7,55.4,39.4
2012-08-30,2052.59,3.217,0.14,,29.19,14.17,0.0,1.019,-2.86,29.49,,31.81,-5.73,-21.52,,,0.802,1.07,1,374,53.6,0.89,Neutral,53.6,54.3,53.6,38.0
2012-08-31,2047.52,3.42,0.19,,38.82,7.63,0.0,0.758,-2.13,33.53,,30.95,-5.79,-21.71,,,0.0,0.802,1,374,53.0,0.89,Neutral,53.0,54.0,53.0,36.7
2012-09-03,2059.15,3.339,0.17,,54.37,1.09,0.0,1.0,0.17,44.58,,35.29,-5.09,-21.26,,,0.802,0.267,1,374,56.6,0.89,Neutral,56.6,57.4,56.6,47.5
2012-09-04,2043.65,3.257,0.15,,43.96,9.51,0.0,0.95,-1.42,36.62,,32.37,-5.61,-21.86,,,0.267,0.267,1,375,55.1,0.89,Neutral,55.1,55.9,55.1,42.2
2012-09-05,2037.68,3.416,0.19,,51.0,8.09,0.54,0.955,-0.76,39.79,,31.29,-5.71,-22.08,,,1.326,0.0,1,377,55.3,0.89,Neutral,55.3,55.7,55.3,44.0
2012-09-06,2051.92,3.496,0.21,,63.97,0.54,0.0,0.929,-0.03,43.05,,36.69,-4.85,-21.54,,,0.796,0.265,1,377,55.2,0.89,Neutral,55.2,55.8,55.2,49.7
2012-09-07,2127.76,3.293,0.16,,72.0,0.0,0.27,2.333,3.92,82.92,,56.36,-1.21,-18.54,,,4.787,0.0,2,376,66.1,0.89,Optimistic,66.1,66.6,66.1,67.0
2012-09-10,2134.89,2.724,0.02,,68.02,0.0,0.27,1.695,3.68,78.41,,57.69,-0.74,-17.14,,,1.862,0.0,3,376,68.1,0.89,Optimistic,68.1,69.0,68.1,66.4
2012-09-11,2120.55,2.681,0.01,,70.68,0.0,0.54,1.304,3.76,69.68,,54.11,-1.26,-17.4,,,0.798,0.0,1,375,65.8,0.89,Optimistic,65.8,67.0,65.8,63.8
2012-09-12,2126.55,2.72,0.02,,70.03,0.0,0.27,1.356,4.36,74.82,,55.36,-0.85,-17.17,,,0.532,0.0,2,376,66.9,0.89,Optimistic,66.9,68.1,66.9,64.4
2012-09-13,2110.38,2.68,0.01,,55.98,0.0,0.54,1.266,2.85,63.2,,51.31,-1.46,-17.44,,,0.532,0.266,3,376,64.4,0.89,Optimistic,64.4,65.4,64.4,58.6
2012-09-14,2123.85,2.761,0.03,,46.99,0.0,0.27,1.452,-0.18,46.01,,54.31,-0.73,-16.05,,,0.538,0.0,4,372,59.6,0.89,Neutral,59.6,60.0,59.6,58.0
2012-09-17,2078.5,2.72,0.02,,33.91,1.36,0.27,1.205,-2.64,29.94,,44.41,-2.74,-17.84,,,0.0,1.337,1,374,55.7,0.89,Neutral,55.7,57.1,55.7,48.1
2012-09-18,2059.54,3.086,0.11,,33.38,4.34,0.0,0.845,-2.88,30.22,,41.04,-3.5,-18.59,,,0.267,0.533,1,375,54.1,0.89,Neutral,54.1,54.9,54.1,41.5
2012-09-19,2067.83,3.248,0.15,,36.08,0.81,0.0,0.821,-2.76,30.82,,43.07,-3.0,-18.26,,,0.8,0.0,1,375,53.5,0.89,Neutral,53.5,53.8,53.5,42.5
2012-09-20,2024.84,3.083,0.11,,34.49,12.23,0.0,1.06,-4.05,23.11,,36.11,-4.89,-19.96,,,0.0,1.333,1,374,52.3,0.89,Neutral,52.3,53.3,52.3,42.5
2012-09-21,2026.69,3.65,0.24,,30.02,12.47,0.0,0.943,-4.57,21.78,,36.59,-4.65,-19.89,,,0.798,0.532,1,376,48.9,0.89,Neutral,48.9,49.2,48.9,38.4
2012-09-24,2033.19,3.609,0.23,,41.27,8.7,0.0,0.902,-2.18,33.12,,38.32,-4.2,-19.63,,,1.067,0.0,2,375,52.4,0.89,Neutral,52.4,52.3,52.4,42.6
2012-09-25,2029.29,3.609,0.23,,39.65,12.74,0.27,0.756,-1.47,36.12,,37.66,-4.24,-19.78,,,0.532,0.266,1,376,52.6,0.89,Neutral,52.6,53.1,52.6,39.6
2012-09-26,2004.17,3.609,0.23,,24.82,25.54,0.0,0.793,-3.08,29.64,,33.61,-5.26,-20.78,,,0.0,1.061,1,377,50.7,0.89,Neutral,50.7,51.6,50.7,33.4
2012-09-27,2056.32,3.728,0.26,,43.28,0.27,0.27,1.208,1.55,54.47,,46.47,-2.68,-18.71,,,0.789,0.263,1,379,56.0,0.89,Neutral,56.0,56.7,56.0,49.2
2012-09-28,2086.17,3.444,0.19,,55.95,0.0,0.27,1.245,2.93,63.3,,52.18,-1.16,-17.53,,4.758,1.583,0.0,2,379,58.2,1.0,Neutral,58.2,60.3,59.9,56.8
2012-10-08,2074.42,3.16,0.13,,50.15,0.0,0.27,0.863,2.03,51.53,,49.93,-1.64,-18.0,,5.046,1.326,0.0,2,377,57.7,1.0,Neutral,57.7,59.3,58.9,50.6
2012-10-09,2115.23,3.36,0.17,,65.42,0.0,0.8,1.331,4.23,73.35,,56.9,0.33,-16.39,,6.01,1.583,0.0,2,379,61.9,1.0,Optimistic,61.9,63.3,62.7,62.5
2012-10-10,2119.94,3.077,0.11,,80.1,0.0,0.53,1.234,5.78,75.37,,57.63,0.6,-16.2,,5.168,1.579,0.0,3,380,63.3,1.0,Optimistic,63.3,65.7,65.0,66.3
2012-10-11,2102.87,2.994,0.09,,62.89,0.27,0.53,1.159,2.26,57.75,,54.04,-0.14,-16.87,1.512,4.702,0.526,0.263,4,380,60.1,1.0,Optimistic,60.1,61.7,61.1,60.6
2012-10-12,2104.93,3.074,0.11,,53.31,0.53,1.07,1.064,0.9,48.95,,54.41,0.02,-16.79,4.581,4.14,0.526,0.0,2,380,58.5,1.0,Neutral,58.5,58.9,61.0,56.5
2012-10-15,2098.7,3.034,0.1,,51.9,1.62,1.35,0.838,1.17,47.47,,53.03,-0.24,-17.04,3.297,3.849,0.266,0.532,1,376,57.2,1.0,Neutral,57.2,58.8,59.5,52.6
2012-10-16,2098.81,3.115,0.12,,42.82,1.34,1.61,0.902,-0.78,39.47,,53.05,-0.18,-17.04,3.019,4.003,0.531,0.531,1,377,55.1,1.0,Neutral,55.1,56.0,57.1,50.2
2012-10-17,2105.62,3.034,0.1,,38.67,0.8,0.8,0.933,-0.68,40.08,,54.52,0.19,-16.77,2.464,4.097,0.529,0.265,2,378,55.8,1.0,Neutral,55.8,56.8,57.5,49.9
2012-10-18,2131.69,3.074,0.11,,55.51,0.0,0.8,1.361,1.37,55.49,,59.71,1.47,-15.74,1.414,5.303,0.526,0.0,1,380,59.2,1.0,Neutral,59.2,60.5,59.7,61.7
2012-10-19,2128.3,2.953,0.08,,53.72,0.27,0.27,1.054,1.11,49.93,,58.77,1.34,-15.87,0.805,4.172,0.263,0.0,1,380,57.6,1.0,Neutral,57.6,59.8,58.6,58.6
2012-10-22,2132.76,2.953,0.08,,60.01,0.27,1.06,0.936,1.62,50.83,,59.67,1.56,-15.69,1.253,4.568,0.525,0.0,1,381,58.3,1.0,Neutral,58.3,60.0,59.2,59.5
2012-10-23,2114.45,2.872,0.06,,53.06,0.27,0.53,1.13,0.75,48.88,,54.42,0.72,-16.42,2.003,4.829,0.524,0.262,1,382,58.7,1.0,Neutral,58.7,60.1,59.8,58.0
2012-10-24,2115.99,2.913,0.07,,49.82,1.33,0.53,1.128,0.49,47.46,,54.78,0.81,-16.36,1.745,3.935,0.262,0.0,1,381,57.5,1.0,Neutral,57.5,59.5,59.1,56.9
2012-10-25,2101.58,2.67,0.01,,35.02,2.66,0.0,1.313,-1.41,37.3,,50.74,0.14,-16.93,2.527,4.416,0.525,0.262,1,381,57.4,1.0,Neutral,57.4,58.7,59.0,52.3
2012-10-26,2066.21,2.791,0.04,,29.49,7.16,0.0,1.199,-2.92,28.36,,42.46,-1.5,-18.32,3.746,4.516,0.0,0.785,1,382,55.3,1.0,Neutral,55.3,55.9,57.2,46.4
2012-10-29,2058.94,2.913,0.07,,26.68,7.16,0.0,0.813,-3.46,27.95,,40.98,-1.8,-18.61,3.561,3.037,0.0,0.785,1,382,53.2,1.0,Neutral,53.2,55.1,56.4,40.1
2012-10-30,2062.35,3.034,0.1,,33.23,5.59,0.27,0.917,-2.46,31.79,,42.0,-1.61,-18.48,2.443,3.088,0.526,0.526,1,380,53.3,1.0,Neutral,53.3,55.3,56.0,43.8
2012-10-31,2068.88,3.074,0.11,,37.78,3.99,0.8,0.9,-2.23,32.91,,44.0,-1.25,-18.22,1.92,3.265,0.263,0.263,1,380,53.2,1.0,Neutral,53.2,55.2,55.6,45.7
2012-11-01,2104.43,3.196,0.13,,52.73,0.53,0.8,1.251,0.14,46.53,,53.41,0.45,-16.81,0.722,5.054,0.263,0.0,1,380,56.1,1.0,Neutral,56.1,57.3,56.5,57.6
2012-11-02,2117.05,2.871,0.06,,63.66,1.06,1.33,1.147,2.46,58.64,,56.22,1.06,-16.31,-0.249,4.411,0.262,0.0,1,381,59.7,1.0,Neutral,59.7,62.7,60.2,62.1
2012-11-05,2114.03,2.709,0.02,,61.04,1.06,0.8,1.066,2.68,58.27,,55.36,0.95,-16.43,-0.429,4.331,0.785,0.262,1,382,60.4,1.0,Optimistic,60.4,63.7,60.8,60.7
2012-11-06,2106.0,2.79,0.04,,55.33,3.18,0.53,1.063,2.12,55.3,,53.04,0.61,-16.75,0.256,4.536,0.524,0.262,1,382,59.7,1.0,Neutral,59.7,62.4,60.2,57.8
2012-11-07,2105.73,2.952,0.08,,51.52,2.13,0.0,0.886,1.78,50.79,,52.96,0.64,-16.76,0.506,3.871,1.312,0.0,1,381,57.7,1.0,Neutral,57.7,60.1,58.8,53.9
2012-11-08,2071.51,2.952,0.08,,34.25,14.36,0.53,0.997,-1.56,36.0,,43.86,-0.91,-18.11,0.793,3.924,0.262,0.525,1,381,54.6,1.0,Neutral,54.6,56.8,55.9,46.2
2012-11-09,2069.07,3.316,0.16,,29.89,12.23,0.27,0.813,-2.27,32.9,,43.29,-0.95,-18.21,0.544,2.759,1.312,0.525,2,381,51.1,1.0,Neutral,51.1,53.5,53.4,41.1
2012-11-12,2079.27,3.275,0.15,,38.41,3.72,0.27,0.853,-1.64,35.51,,46.43,-0.42,-17.81,0.168,3.325,1.312,0.262,3,381,52.3,1.0,Neutral,52.3,54.3,53.9,45.7
2012-11-13,2047.89,3.114,0.11,,35.64,17.29,0.27,0.922,-2.76,30.41,,39.23,-1.85,-19.05,-0.139,3.517,0.262,1.05,1,381,51.8,1.0,Neutral,51.8,54.4,53.1,43.5
2012-11-14,2055.42,3.397,0.18,,38.79,7.98,0.0,0.727,-2.39,32.6,,41.57,-1.44,-18.75,-0.202,2.862,0.262,0.262,1,381,50.2,1.0,Neutral,50.2,53.0,52.0,41.9
2012-11-15,2030.29,3.275,0.15,,39.0,24.73,0.0,0.766,-1.99,34.08,,36.52,-2.58,-19.74,0.135,2.938,0.262,0.262,1,381,51.5,1.0,Neutral,51.5,54.4,53.5,40.7
2012-11-16,2014.72,3.761,0.27,,36.8,23.14,0.0,0.75,-2.63,31.63,,33.78,-3.25,-20.36,0.585,3.089,0.0,0.262,1,381,48.6,1.0,Neutral,48.6,50.7,50.6,37.3
2012-11-19,2016.98,3.882,0.3,,35.82,8.02,0.27,0.685,-3.0,30.53,,34.54,-3.07,-20.27,0.885,3.213,0.264,0.0,1,379,48.2,1.0,Neutral,48.2,49.6,50.2,36.1
2012-11-20,2008.92,3.882,0.3,,40.31,15.78,0.0,0.643,-1.9,34.47,,33.07,-3.37,-20.59,0.797,2.82,0.264,0.0,1,379,48.8,1.0,Neutral,48.8,50.7,51.1,36.4
2012-11-21,2030.32,3.922,0.31,,45.22,1.88,0.27,0.809,-1.22,37.22,,40.34,-2.28,-19.74,0.842,3.66,0.0,0.0,1,378,49.6,1.0,Neutral,49.6,50.9,51.1,43.3
2012-11-22,2015.61,3.599,0.23,,46.93,11.5,0.0,0.693,-0.72,38.73,,37.34,-2.91,-20.32,0.713,2.593,0.794,0.0,1,378,51.0,1.0,Neutral,51.0,53.6,53.5,41.7
2012-11-23,2027.38,3.801,0.28,,52.17,2.94,0.27,0.786,0.63,44.61,,41.12,-2.3,-19.86,0.309,2.858,0.0,0.0,1,378,50.9,1.0,Neutral,50.9,53.7,52.9,45.8
2012-11-26,2017.46,3.68,0.25,,41.74,19.84,0.27,0.684,0.02,41.37,,38.98,-2.74,-20.25,0.122,2.565,0.531,0.531,1,377,50.7,1.0,Neutral,50.7,53.7,52.9,40.1
2012-11-27,1991.16,3.801,0.28,,36.25,42.36,0.0,0.869,-0.88,38.85,,33.96,-3.95,-19.29,-0.23,3.008,0.0,3.714,1,377,49.1,1.0,Neutral,49.1,52.6,50.9,38.7
2012-11-28,1973.52,4.569,0.46,,21.49,50.0,0.0,0.775,-2.8,30.86,,31.06,-4.74,-19.87,-0.804,2.686,0.0,1.323,1,378,44.6,1.0,Neutral,44.6,47.2,46.4,30.0
2012-11-29,1963.49,5.297,0.64,,21.49,50.0,0.0,0.76,-2.59,31.75,,29.52,-5.15,-20.21,-1.315,2.681,0.265,0.794,1,378,42.7,1.0,Neutral,42.7,44.8,44.4,28.1
2012-11-30,1980.12,5.419,0.67,,27.46,4.03,0.0,0.876,-2.33,32.49,,35.25,-4.3,-19.53,-1.458,3.184,0.266,0.266,1,376,42.8,1.0,Neutral,42.8,44.3,44.0,33.6
2012-12-03,1959.77,5.135,0.6,,26.57,46.36,0.0,0.946,-2.86,29.84,,31.84,-5.21,-20.36,-2.219,3.475,0.0,2.133,1,375,42.7,1.0,Neutral,42.7,44.8,43.4,33.1
2012-12-04,1975.14,5.54,0.69,,42.22,6.43,0.0,0.957,-0.8,39.58,,36.82,-4.41,-19.73,-2.266,3.445,0.796,0.0,1,377,44.2,1.0,Neutral,44.2,45.7,44.9,39.9
2012-12-05,2031.91,5.135,0.6,,59.94,0.0,0.54,1.839,2.96,74.85,,51.04,-1.66,-17.43,-1.651,8.087,3.183,0.0,1,377,55.3,1.0,Neutral,55.3,55.5,53.7,57.9
2012-12-06,2029.24,4.125,0.35,,62.98,0.54,0.0,1.229,3.35,65.42,,50.46,-1.77,-17.53,-0.418,5.154,0.796,0.265,1,377,55.3,1.0,Neutral,55.3,56.9,55.2,56.7
2012-12-07,2061.79,4.044,0.34,,64.73,0.0,0.54,1.726,4.12,82.75,,56.85,-0.14,-16.21,-0.033,7.237,2.4,0.267,1,375,60.3,1.0,Optimistic,60.3,61.5,59.5,62.6
2012-12-10,2083.77,3.478,0.2,,81.1,0.0,0.54,1.74,6.33,90.25,,60.55,0.96,-15.32,0.784,6.852,1.067,0.0,2,375,65.1,1.0,Optimistic,65.1,66.9,64.8,69.4
2012-12-11,2074.7,3.073,0.1,,68.07,0.0,0.0,1.404,5.04,80.37,,58.33,0.56,-15.69,2.054,5.936,1.067,0.0,2,375,65.4,1.0,Optimistic,65.4,67.1,66.0,65.0
2012-12-12,2082.73,3.275,0.15,,56.12,0.0,0.54,1.178,2.5,59.43,,59.73,0.99,-15.36,2.73,5.183,0.267,0.0,1,375,59.3,1.0,Neutral,59.3,60.1,60.4,59.9
2012-12-13,2061.48,3.275,0.15,,52.44,0.54,0.54,1.085,1.59,52.86,,54.49,-0.0,-16.22,2.499,4.265,0.268,0.0,1,373,57.2,1.0,Neutral,57.2,58.4,58.8,56.1
2012-12-14,2150.62,3.599,0.23,,53.14,0.0,1.62,2.419,4.31,86.19,,67.42,4.3,-12.6,2.837,10.789,2.406,0.0,1,374,65.3,1.0,Optimistic,65.3,64.6,64.5,67.0
2012-12-17,2160.34,2.588,-0.02,,47.39,0.0,1.08,2.132,3.67,80.87,,68.47,4.7,-12.21,4.048,10.645,1.877,0.268,1,373,69.8,1.0,Optimistic,69.8,69.8,69.5,67.5
2012-12-18,2162.46,2.548,-0.02,,50.65,0.0,1.61,1.833,4.23,85.53,,68.71,4.72,-12.12,4.579,9.599,0.267,0.0,1,375,70.9,1.0,Optimistic,70.9,71.3,71.0,67.9
2012-12-19,2162.24,2.669,0.0,,54.93,0.0,1.34,1.348,3.82,71.1,,68.65,4.63,-12.13,4.747,7.195,1.064,0.0,2,376,66.6,1.0,Optimistic,66.6,66.7,67.7,66.6
2012-12-20,2168.35,2.628,-0.01,,61.53,0.0,1.6,1.406,5.18,80.41,,69.42,4.8,-11.88,5.655,8.053,1.061,0.0,1,377,69.1,1.0,Optimistic,69.1,69.4,70.1,69.6
2012-12-21,2153.31,2.628,-0.01,,50.92,0.0,1.6,1.451,0.12,48.13,,65.18,3.97,-12.49,6.964,8.568,0.796,0.0,1,377,62.5,1.0,Optimistic,62.5,61.0,63.4,64.9
2012-12-24,2159.05,2.75,0.02,,50.24,0.0,1.61,1.091,-0.06,44.14,,66.03,4.14,-12.26,6.657,6.627,2.139,0.0,2,374,60.5,1.0,Optimistic,60.5,59.1,62.1,62.0
2012-12-25,2213.61,2.548,-0.02,,63.1,0.0,2.42,1.982,2.37,69.87,,72.84,6.61,-10.04,6.375,11.427,0.535,0.0,3,374,68.2,1.0,Optimistic,68.2,66.8,68.3,74.5
2012-12-26,2219.13,2.264,-0.09,,68.17,0.0,2.16,1.649,2.63,69.21,,73.42,6.69,-9.82,6.398,8.797,1.078,0.0,4,371,69.1,1.0,Optimistic,69.1,68.5,69.9,75.4
2012-12-27,2205.9,2.264,-0.09,,62.27,0.0,0.54,1.718,1.73,63.3,,69.58,5.93,-10.35,6.194,9.136,0.536,0.268,1,373,67.4,1.0,Optimistic,67.4,67.1,68.0,73.1
2012-12-28,2233.25,2.305,-0.08,,69.09,0.0,2.67,1.526,3.71,74.66,,72.75,7.12,-9.24,4.79,8.634,1.6,0.0,2,375,69.7,1.0,Optimistic,69.7,69.6,70.2,75.2
2012-12-31,2269.13,2.143,-0.12,,71.03,0.0,3.48,1.672,5.1,88.25,,76.25,8.67,-7.79,3.017,9.477,1.067,0.0,3,375,73.0,1.0,Optimistic,73.0,74.0,72.6,78.1
2013-01-04,2276.99,2.224,-0.1,,57.62,0.0,2.15,1.793,2.86,73.91,,76.94,8.91,-7.47,4.471,12.086,1.877,0.0,4,373,70.5,1.0,Optimistic,70.5,69.7,70.2,75.0
2013-01-07,2285.36,2.184,-0.11,,55.0,0.0,2.7,1.502,2.98,68.9,,77.7,9.16,-7.13,5.802,9.082,1.344,0.0,4,372,69.2,1.0,Optimistic,69.2,68.5,69.8,73.4
2013-01-08,2276.07,2.143,-0.12,,66.1,0.0,1.36,1.549,3.18,71.32,,74.78,8.57,-7.5,6.229,8.951,1.897,0.0,5,369,70.2,1.0,Optimistic,70.2,69.5,70.9,76.2
2013-01-09,2275.34,2.184,-0.11,,58.24,0.0,0.27,1.522,1.88,61.4,,74.55,8.39,-7.53,7.44,8.986,1.617,0.27,6,371,67.9,1.0,Optimistic,67.9,66.7,68.7,73.6
2013-01-10,2283.66,2.264,-0.09,,55.32,0.0,0.81,1.481,0.64,52.01,,75.5,8.62,-7.19,9.479,8.717,2.156,0.0,3,371,65.4,1.0,Optimistic,65.4,63.6,66.5,72.5
2013-01-11,2243.0,2.264,-0.09,,51.96,0.0,0.54,1.522,-1.49,37.08,,63.09,6.57,-8.85,7.377,8.653,1.622,1.351,4,370,61.9,1.0,Optimistic,61.9,60.0,62.8,67.9
2013-01-14,2311.74,2.507,-0.03,,57.23,0.0,4.08,1.738,1.15,58.91,,71.59,9.66,-6.05,7.017,12.271,2.439,0.0,5,369,66.1,1.0,Optimistic,66.1,63.6,66.2,73.5
2013-01-15,2325.68,2.103,-0.13,,59.56,0.0,4.08,1.956,2.18,68.31,,72.95,10.15,-5.49,7.38,12.152,2.168,0.0,4,369,70.3,1.0,Optimistic,70.3,68.8,70.4,76.6
2013-01-16,2309.5,2.022,-0.15,,58.61,0.0,3.79,1.785,1.5,62.4,,68.83,9.22,-6.14,7.611,10.927,0.27,0.0,1,370,68.8,1.0,Optimistic,68.8,67.9,69.1,74.5
2013-01-17,2284.91,2.062,-0.14,,51.99,0.0,2.71,1.362,0.05,46.94,,63.0,7.93,-7.14,7.907,8.248,0.541,0.811,1,370,64.5,1.0,Optimistic,64.5,63.8,65.6,68.0
2013-01-18,2317.07,2.143,-0.12,,67.19,0.0,4.32,1.419,3.3,69.33,,66.94,9.28,-5.84,7.099,8.395,1.887,0.0,1,371,69.1,1.0,Optimistic,69.1,68.9,70.1,74.6
2013-01-21,2328.22,1.981,-0.16,,60.07,0.0,5.14,1.508,0.71,52.81,,68.21,9.62,-5.38,7.215,9.647,1.887,0.0,2,371,67.0,1.0,Optimistic,67.0,65.6,67.5,74.2
2013-01-22,2315.14,1.941,-0.17,,45.97,0.0,2.4,1.655,-0.45,45.34,,65.06,8.82,-5.92,7.346,11.093,0.532,0.532,1,376,65.5,1.0,Optimistic,65.5,64.1,65.8,69.0
2013-01-23,2320.91,1.901,-0.18,,47.34,0.0,2.93,1.293,0.49,49.11,,65.81,8.88,-5.68,7.38,7.968,0.266,0.0,2,376,66.0,1.0,Optimistic,66.0,65.4,67.2,67.7
2013-01-24,2302.6,1.941,-0.17,,45.04,0.0,2.93,1.75,0.77,55.94,,61.32,7.81,-6.42,5.854,10.695,0.532,0.266,1,376,67.8,1.0,Optimistic,67.8,67.1,67.9,67.7
2013-01-25,2291.3,2.103,-0.13,,36.71,0.0,2.41,0.987,-1.11,38.21,,58.66,7.09,-6.88,6.042,5.662,0.267,0.0,1,374,61.4,1.0,Optimistic,61.4,61.3,63.3,57.9
2013-01-28,2346.51,2.103,-0.13,,42.86,0.0,3.75,1.36,0.79,51.67,,66.34,9.43,-4.64,5.2,9.576,1.337,0.0,1,374,65.6,1.0,Optimistic,65.6,64.5,65.9,66.5
2013-01-29,2358.98,1.901,-0.18,,52.97,0.0,3.49,1.485,1.89,60.87,,67.8,9.8,-4.13,5.154,10.825,1.34,0.0,1,373,69.1,1.0,Optimistic,69.1,68.4,69.1,72.2
2013-01-30,2382.47,1.901,-0.18,,52.22,0.0,3.21,1.553,2.65,67.53,,70.4,10.66,-3.18,5.765,10.276,0.535,0.0,1,374,70.3,1.0,Optimistic,70.3,70.0,70.5,73.3
2013-01-31,2385.42,1.739,-0.22,,57.44,0.0,2.91,1.43,3.6,71.58,,70.72,10.57,-3.06,7.545,10.125,1.323,0.265,2,378,72.8,1.0,Optimistic,72.8,72.5,73.2,75.0
2013-02-01,2419.02,1.739,-0.22,,60.2,0.0,3.97,1.424,5.57,80.97,,74.14,11.86,-1.69,7.897,10.414,1.323,0.0,2,378,74.9,1.0,Optimistic,74.9,74.8,75.3,77.2
2013-02-04,2428.15,1.739,-0.22,,47.79,0.0,2.65,1.675,3.48,76.38,,74.99,12.0,-1.32,9.483,14.311,0.796,0.0,1,377,74.2,1.0,Optimistic,74.2,73.5,74.3,74.6
2013-02-05,2433.13,1.698,-0.23,,49.33,0.0,2.39,1.481,3.14,69.58,,75.47,11.92,-1.12,8.826,11.221,1.064,0.0,1,376,72.5,1.0,Optimistic,72.5,72.0,73.0,74.5
2013-02-06,2434.48,1.617,-0.25,,52.61,0.0,1.59,1.129,2.18,56.78,,75.61,11.67,-1.07,8.376,9.478,0.265,0.0,1,377,69.8,1.0,Optimistic,69.8,69.4,70.5,73.2
2013-02-07,2418.53,1.577,-0.26,,55.63,0.0,3.72,1.151,1.39,52.7,,70.63,10.65,-1.71,7.983,9.875,0.266,0.0,2,376,69.5,1.0,Optimistic,69.5,68.7,70.0,73.1
2013-02-08,2432.4,1.496,-0.28,,59.66,0.0,6.33,1.036,0.55,46.85,,72.34,10.96,-1.15,5.247,7.958,0.792,0.0,1,379,67.7,1.0,Optimistic,67.7,67.8,68.6,74.0
2013-02-18,2421.56,1.456,-0.29,,65.22,0.0,5.28,1.095,-0.27,43.04,,68.97,10.16,-1.59,6.195,10.755,1.319,0.0,1,379,68.3,1.0,Optimistic,68.3,67.4,68.5,75.4
2013-02-19,2382.91,1.618,-0.25,,54.14,0.0,1.59,1.151,-2.06,33.37,,58.51,8.11,-3.16,7.402,9.341,0.529,0.529,1,378,64.9,1.0,Optimistic,64.9,63.9,65.6,68.4
2013-02-20,2397.18,1.699,-0.23,,61.57,0.0,6.33,1.017,-1.53,36.19,,60.87,8.44,-2.58,6.382,7.273,2.111,0.0,1,379,64.4,1.0,Optimistic,64.4,63.8,65.7,69.9
2013-02-21,2325.95,1.699,-0.23,,54.21,0.0,2.64,1.316,-3.83,22.05,,46.62,4.98,-5.48,6.386,9.528,0.528,0.264,2,379,62.6,1.0,Optimistic,62.6,60.7,63.0,64.9
2013-02-22,2314.16,1.942,-0.17,,45.01,0.0,1.59,0.873,-4.86,21.36,,44.75,4.21,-5.95,8.716,5.932,1.061,0.0,1,377,59.7,1.0,Neutral,59.7,58.6,61.8,55.4
2013-02-25,2325.82,1.942,-0.17,,47.58,0.0,5.03,0.789,-3.95,26.13,,47.01,4.5,-5.48,5.866,5.498,1.852,0.265,2,378,60.4,1.0,Optimistic,60.4,59.8,62.3,55.8
2013-02-26,2293.34,1.982,-0.16,,48.0,0.0,1.85,1.045,-3.76,24.77,,41.87,2.83,-6.8,4.911,8.221,1.058,0.265,3,378,60.9,1.0,Optimistic,60.9,59.4,61.7,57.1
2013-02-27,2313.22,2.104,-0.13,,39.51,0.0,2.65,0.86,-3.5,27.44,,45.78,3.5,-5.99,4.744,6.043,0.796,0.0,1,377,59.7,1.0,Neutral,59.7,59.2,61.2,52.7
2013-02-28,2365.59,2.104,-0.13,,54.44,0.0,2.37,1.108,1.7,53.82,,54.46,5.57,-3.86,3.525,8.547,1.055,0.0,1,379,65.6,1.0,Optimistic,65.6,65.7,65.8,64.6
2013-03-01,2359.51,1.78,-0.21,,60.72,0.0,5.82,1.038,1.96,54.06,,53.39,5.01,-4.11,4.54,7.984,1.852,0.0,2,378,68.4,1.0,Optimistic,68.4,68.5,69.1,66.3
2013-03-04,2273.4,1.861,-0.19,,48.28,0.0,2.9,1.382,-2.25,31.87,,41.09,0.95,-7.61,5.568,9.891,0.528,6.069,2,379,63.7,1.0,Optimistic,63.7,62.8,63.9,59.2
2013-03-05,2326.31,2.346,-0.07,,62.89,0.0,5.8,1.103,1.44,52.31,,48.88,3.02,-5.46,5.246,8.617,1.583,0.0,1,379,65.1,1.0,Optimistic,65.1,64.2,65.7,63.9
2013-03-06,2347.18,2.144,-0.12,,68.86,0.0,5.53,1.176,1.47,53.5,,51.6,3.67,-4.61,6.092,8.903,1.842,0.263,2,380,66.6,1.0,Optimistic,66.6,65.8,67.3,67.5
2013-03-07,2324.29,2.063,-0.14,,55.86,0.0,2.37,1.149,-1.75,35.15,,48.55,2.38,-5.54,6.891,8.757,0.526,0.263,1,380,62.9,1.0,Optimistic,62.9,61.7,63.7,62.3
2013-03-08,2318.61,2.104,-0.13,,47.75,0.26,1.32,0.804,-1.73,35.1,,47.8,1.87,-5.77,6.164,6.124,0.264,0.264,2,379,61.9,1.0,Optimistic,61.9,61.5,63.6,54.6
2013-03-11,2310.59,2.184,-0.11,,55.67,0.26,0.79,0.681,1.64,47.1,,46.69,1.31,-6.1,4.992,5.225,1.05,0.262,1,381,63.6,1.0,Optimistic,63.6,64.3,65.5,54.7
2013-03-12,2286.61,2.104,-0.13,,39.51,0.26,0.53,0.957,-1.71,35.28,,43.46,0.07,-7.07,3.194,6.848,0.263,1.316,2,380,61.5,1.0,Optimistic,61.5,62.0,62.2,51.7
2013-03-13,2263.97,2.265,-0.09,,29.04,0.26,0.26,0.736,-3.55,28.17,,40.6,-1.06,-7.99,3.121,5.528,1.053,0.0,3,380,59.3,1.0,Neutral,59.3,59.2,60.4,43.2
2013-03-14,2270.28,2.427,-0.05,,33.43,0.26,1.06,0.652,-2.32,33.02,,41.75,-0.92,-7.74,2.641,4.503,1.055,0.0,4,379,58.7,1.0,Neutral,58.7,59.4,60.3,43.5
2013-03-15,2278.4,2.427,-0.05,,37.1,0.53,1.32,0.95,-1.73,35.15,,43.27,-0.71,-7.41,2.751,7.087,0.263,0.263,5,380,60.2,1.0,Optimistic,60.2,59.9,60.6,49.5
2013-03-18,2240.02,2.427,-0.05,,31.75,1.31,2.1,0.757,-3.05,29.93,,38.19,-2.5,-8.79,2.603,5.36,1.05,0.262,6,381,58.9,1.0,Neutral,58.9,58.9,59.8,42.5
2013-03-19,2257.43,2.71,0.02,,40.43,0.26,1.58,0.711,-1.28,36.77,,41.55,-1.88,-8.08,3.609,5.178,0.789,0.263,2,380,58.7,1.0,Neutral,58.7,58.8,60.1,45.4
2013-03-20,2317.37,2.508,-0.03,,53.91,0.26,3.16,1.063,2.36,56.56,,51.33,0.6,-5.64,2.998,7.881,1.316,0.0,1,380,64.5,1.0,Optimistic,64.5,64.8,64.7,59.5
2013-03-21,2324.24,2.184,-0.11,,58.0,0.26,4.99,0.969,2.38,54.97,,52.32,0.78,-5.36,3.36,7.08,1.05,0.0,1,381,65.6,1.0,Optimistic,65.6,66.4,66.2,60.9
2013-03-22,2328.28,2.144,-0.12,,59.58,0.26,2.89,0.826,2.19,51.58,,52.92,0.84,-5.19,3.641,5.561,0.0,0.263,1,380,64.1,1.0,Optimistic,64.1,65.7,65.4,59.7
2013-03-25,2326.72,2.144,-0.12,,64.17,0.0,3.42,0.795,3.87,57.87,,52.64,0.65,-5.26,4.002,6.01,1.316,0.0,1,380,66.3,1.0,Optimistic,66.3,67.4,67.6,60.4
2013-03-26,2297.67,2.144,-0.12,,58.53,0.0,2.89,0.855,1.78,50.33,,47.64,-0.7,-6.44,4.481,6.56,1.05,0.262,2,381,65.4,1.0,Optimistic,65.4,65.9,66.7,57.6
2013-03-27,2301.26,2.265,-0.09,,48.95,0.52,3.4,0.788,-0.7,39.29,,48.29,-0.65,-6.15,4.705,5.672,0.0,0.262,1,382,61.5,1.0,Optimistic,61.5,62.1,63.1,53.3
2013-03-28,2236.3,2.266,-0.09,,37.14,1.31,1.31,1.045,-3.78,24.64,,38.84,-3.51,-8.8,4.391,6.943,0.0,1.05,1,381,59.0,1.0,Neutral,59.0,58.8,60.0,48.5
2013-03-29,2236.62,2.671,0.01,,34.85,1.31,1.31,0.696,-3.94,27.05,,38.9,-3.51,-8.78,3.379,4.638,0.525,0.0,1,381,56.5,1.0,Neutral,56.5,56.8,58.2,41.8
2013-04-01,2234.39,2.752,0.03,,38.84,1.04,1.82,0.635,-3.97,27.51,,38.6,-3.62,-8.88,3.038,4.386,0.519,0.779,1,385,55.6,1.0,Neutral,55.6,56.4,57.4,42.0
2013-04-02,2227.74,2.914,0.07,,38.81,1.31,0.78,0.74,-3.04,30.07,,37.67,-3.92,-9.15,2.398,5.028,0.261,1.044,1,383,55.4,1.0,Neutral,55.4,56.1,56.5,42.6
2013-04-03,2225.3,2.914,0.07,,35.39,1.83,0.26,0.678,-3.3,29.48,,37.31,-4.02,-9.25,1.279,3.765,0.522,1.044,1,383,54.0,1.0,Neutral,54.0,56.0,55.6,40.3
2013-04-08,2211.59,2.873,0.06,,43.29,2.63,0.53,0.719,-1.1,37.42,,35.29,-4.57,-9.81,1.678,4.64,0.789,0.263,1,380,57.1,1.0,Neutral,57.1,58.5,58.2,42.8
2013-04-09,2225.78,3.035,0.1,,50.27,0.0,0.26,0.695,-0.48,39.6,,38.98,-3.92,-9.23,2.599,4.599,0.262,0.0,1,381,56.9,1.0,Neutral,56.9,57.8,58.4,46.1
2013-04-10,2226.13,2.914,0.07,,44.22,0.26,0.0,0.681,-0.37,39.94,,39.07,-3.87,-9.21,2.014,4.551,1.575,0.0,1,381,57.6,1.0,Neutral,57.6,58.7,58.9,44.1
2013-04-11,2219.55,3.035,0.1,,45.08,1.31,0.0,0.625,-0.37,39.6,,37.91,-4.11,-9.48,2.074,3.944,0.262,0.262,1,381,56.2,1.0,Neutral,56.2,57.9,57.9,42.8
2013-04-12,2206.78,3.035,0.1,,43.95,2.09,0.0,0.572,-0.83,37.82,,35.69,-4.62,-10.0,2.179,3.654,0.0,0.785,1,382,55.3,1.0,Neutral,55.3,57.5,57.4,40.7
2013-04-15,2181.94,3.035,0.1,,38.53,4.21,0.0,0.617,-1.34,36.34,,31.8,-5.62,-11.01,1.303,3.894,0.0,0.789,1,380,55.1,1.0,Neutral,55.1,57.3,56.5,37.6
2013-04-16,2194.85,3.318,0.17,,38.74,2.62,0.52,0.694,-1.39,36.32,,35.72,-5.03,-10.49,0.901,4.655,0.0,0.525,1,381,53.8,1.0,Neutral,53.8,55.3,54.5,39.5
2013-04-17,2193.8,3.157,0.13,,43.62,1.57,1.31,0.597,-1.45,35.94,,35.54,-4.99,-10.53,1.473,4.44,0.525,0.262,1,381,55.0,1.0,Neutral,55.0,56.2,56.1,40.3
2013-04-18,2197.6,3.278,0.16,,48.15,1.59,0.8,0.633,-0.99,37.55,,36.78,-4.74,-10.38,1.557,4.505,0.796,0.265,2,377,55.0,1.0,Neutral,55.0,55.8,56.1,42.6
2013-04-19,2244.64,3.278,0.16,,62.11,0.27,1.86,0.982,1.72,51.98,,49.65,-2.66,-8.46,1.928,7.091,1.857,0.265,3,377,58.9,1.0,Neutral,58.9,58.7,59.0,56.9
2013-04-22,2242.17,2.873,0.06,,68.61,0.79,2.89,0.859,2.76,54.63,,49.08,-2.73,-8.56,3.413,6.73,0.525,0.787,1,381,61.6,1.0,Optimistic,61.6,62.1,62.4,57.6
2013-04-23,2184.54,2.833,0.05,,54.23,3.16,0.0,0.874,-0.47,40.69,,38.17,-5.14,-10.91,4.27,6.355,0.263,1.316,1,380,59.6,1.0,Neutral,59.6,59.7,60.8,49.5
2013-04-24,2218.32,3.399,0.19,,60.0,1.05,2.89,0.833,1.12,47.17,,45.78,-3.6,-9.53,4.256,6.35,0.787,0.0,1,381,57.8,1.0,Neutral,57.8,57.0,59.1,52.2
2013-04-25,2199.31,3.197,0.14,,52.33,4.72,2.1,0.885,0.08,43.2,,42.6,-4.35,-10.31,4.13,6.436,0.262,1.05,1,381,58.0,1.0,Neutral,58.0,57.7,59.1,49.7
2013-04-26,2177.91,3.44,0.2,,36.47,6.79,1.04,0.707,-2.97,30.5,,39.3,-5.18,-11.18,2.904,4.62,0.783,1.044,1,383,52.9,1.0,Neutral,52.9,53.0,54.4,39.5
2013-05-02,2174.12,3.482,0.21,,36.28,8.59,2.34,0.634,-3.03,30.66,,38.72,-5.25,-11.33,2.01,4.857,1.302,1.042,1,384,52.6,1.0,Neutral,52.6,52.8,53.7,38.1
2013-05-03,2205.5,3.401,0.19,,54.03,0.26,3.12,0.834,0.96,46.52,,45.77,-3.83,-10.05,0.791,5.845,0.781,0.0,2,384,56.4,1.0,Neutral,56.4,56.9,56.5,50.1
2013-05-06,2231.17,3.198,0.14,,54.26,0.0,4.94,0.87,0.58,45.27,,50.77,-2.63,-9.01,1.585,6.816,1.558,0.0,1,385,57.3,1.0,Neutral,57.3,57.3,57.4,53.1
2013-05-07,2235.57,2.996,0.09,,59.8,0.26,2.34,0.819,1.65,49.22,,51.59,-2.35,-8.83,2.063,6.339,0.521,0.0,2,384,59.3,1.0,Neutral,59.3,59.5,59.7,55.1
2013-05-08,2246.3,3.036,0.1,,69.85,0.0,3.91,0.864,3.14,56.39,,53.63,-1.78,-8.39,3.564,6.309,0.781,0.0,3,384,61.1,1.0,Optimistic,61.1,61.0,62.1,59.1
2013-05-09,2232.97,3.077,0.11,,67.5,0.26,4.43,0.951,2.71,56.2,,50.77,-2.25,-8.93,4.163,7.258,2.083,0.0,4,384,62.0,1.0,Optimistic,62.0,61.0,62.8,58.6
2013-05-10,2246.83,3.158,0.13,,62.02,0.0,3.11,0.878,1.87,51.09,,53.54,-1.52,-8.37,4.746,5.522,2.332,0.259,5,386,59.7,1.0,Neutral,59.7,58.8,61.4,57.2
2013-05-13,2241.92,3.158,0.13,,52.59,0.78,1.81,0.845,0.48,44.6,,52.41,-1.61,-8.57,4.492,5.728,0.777,1.295,2,386,57.7,1.0,Neutral,57.7,57.2,59.2,53.2
2013-05-14,2217.01,2.955,0.08,,47.43,2.08,0.78,0.827,-0.83,38.91,,47.02,-2.54,-9.58,4.874,5.824,0.0,1.299,1,385,57.7,1.0,Neutral,57.7,57.7,59.4,49.8
2013-05-15,2224.8,3.158,0.13,,50.1,1.55,3.11,0.72,-0.96,37.98,,48.79,-2.05,-9.27,5.279,5.238,0.518,0.518,1,386,56.5,1.0,Neutral,56.5,55.8,58.4,49.3
2013-05-16,2251.81,3.158,0.13,,55.69,0.78,4.68,1.116,0.84,49.25,,54.49,-0.74,-8.17,4.959,7.829,1.039,0.26,2,385,59.7,1.0,Neutral,59.7,58.1,60.6,58.7
2013-05-17,2282.87,2.955,0.08,,58.94,0.26,4.43,1.278,1.6,55.79,,60.0,0.74,-6.9,4.618,7.524,1.042,0.26,2,384,61.5,1.0,Optimistic,61.5,60.7,62.4,63.8
2013-05-20,2299.99,2.551,-0.02,,65.64,0.52,6.2,1.406,2.59,64.28,,62.68,1.58,-6.2,4.883,9.643,1.55,1.292,1,387,65.9,1.0,Optimistic,65.9,65.2,66.1,68.8
2013-05-21,2305.11,2.51,-0.03,,77.03,0.0,8.55,1.25,3.97,69.66,,63.47,1.87,-5.87,5.481,8.684,2.073,0.0,1,386,67.4,1.0,Optimistic,67.4,66.8,68.0,70.9
2013-05-22,2302.4,2.47,-0.04,,67.34,0.78,4.15,1.292,3.49,67.69,,62.72,1.82,-5.43,5.843,8.302,0.518,0.518,1,386,66.7,1.0,Optimistic,66.7,66.7,67.6,68.9
2013-05-23,2275.67,2.51,-0.03,,59.02,1.04,2.86,1.245,1.06,52.02,,55.67,0.68,-6.52,6.447,8.498,0.779,0.26,1,385,63.9,1.0,Optimistic,63.9,63.1,64.8,63.7
2013-05-24,2288.53,2.713,0.02,,58.29,0.26,5.74,1.021,0.25,45.17,,58.11,1.26,-5.99,7.149,6.553,1.567,0.261,1,383,60.6,1.0,Optimistic,60.6,59.6,62.2,61.8
2013-05-27,2293.08,2.632,-0.0,,55.27,0.52,5.77,1.08,-0.3,42.78,,58.97,1.49,-5.81,7.166,7.842,1.05,0.262,2,381,61.0,1.0,Optimistic,61.0,59.4,62.2,62.1
2013-05-28,2321.32,2.672,0.01,,50.41,1.57,3.93,1.33,0.7,50.81,,63.92,2.72,-4.65,6.057,8.595,0.524,1.047,2,382,62.0,1.0,Optimistic,62.0,60.7,62.8,64.3
2013-05-29,2324.02,2.47,-0.04,,56.34,1.56,6.23,1.253,0.94,51.4,,64.36,2.83,-4.54,5.994,8.605,1.039,0.26,1,385,63.2,1.0,Optimistic,63.2,62.2,64.0,66.4
2013-05-30,2317.75,2.389,-0.06,,59.88,2.34,6.49,1.115,1.85,54.71,,62.45,2.59,-4.79,5.669,7.676,1.299,0.519,1,385,64.2,1.0,Optimistic,64.2,63.8,65.2,66.1
2013-05-31,2300.59,2.429,-0.05,,49.6,1.81,4.4,1.08,0.53,47.16,,57.41,1.87,-5.5,5.565,7.153,0.777,0.777,2,386,62.7,1.0,Optimistic,62.7,62.1,63.9,60.5
2013-06-03,2299.25,2.632,-0.0,,44.4,2.34,3.12,0.969,0.27,44.81,,57.02,1.79,-5.55,5.227,6.535,0.521,0.521,1,384,60.6,1.0,Optimistic,60.6,60.2,62.1,56.6
2013-06-04,2272.42,2.591,-0.01,,36.82,3.36,1.29,1.03,-2.11,33.28,,49.79,0.65,-6.66,5.365,6.28,1.034,1.809,1,387,58.6,1.0,Neutral,58.6,58.1,60.2,52.4
2013-06-05,2270.93,3.036,0.1,,36.19,1.29,2.07,0.777,-2.28,32.9,,49.42,0.64,-6.72,4.622,4.92,1.55,0.0,2,387,56.0,1.0,Neutral,56.0,55.0,58.0,47.4
2013-06-06,2242.11,2.996,0.09,,29.64,4.4,1.55,0.838,-3.26,28.61,,42.72,-0.58,-7.9,3.727,5.654,0.0,1.036,1,386,54.6,1.0,Neutral,54.6,54.4,55.9,43.8
2013-06-07,2210.9,3.279,0.16,,27.36,6.22,0.52,0.934,-3.9,25.05,,36.89,-1.89,-9.18,2.37,5.454,1.036,1.036,1,386,52.3,1.0,Neutral,52.3,51.9,53.2,41.4
2013-06-13,2148.36,3.36,0.18,,22.35,14.55,1.04,0.981,-6.56,19.26,,28.49,-4.55,-11.75,1.735,5.152,1.039,2.857,2,385,50.6,1.0,Neutral,50.6,50.4,51.3,36.3
2013-06-14,2162.04,4.049,0.35,,37.64,2.08,2.08,0.808,-4.86,22.23,,32.13,-3.85,-11.19,0.763,4.46,2.597,0.26,1,385,47.0,1.0,Neutral,47.0,46.6,47.8,38.4
2013-06-17,2156.22,3.887,0.31,,35.33,5.47,2.08,0.792,-5.05,21.87,,31.4,-4.03,-11.43,1.335,5.211,1.562,0.521,2,384,48.5,1.0,Neutral,48.5,47.5,49.0,37.4
2013-06-18,2159.29,3.968,0.33,,42.45,5.22,2.35,0.73,-3.69,27.66,,32.28,-3.82,-11.3,1.42,4.257,0.783,0.783,1,383,48.3,1.0,Neutral,48.3,48.4,49.5,39.1
2013-06-19,2143.45,3.927,0.32,,45.6,8.07,2.34,0.792,-3.05,29.76,,30.14,-4.43,-11.95,2.819,4.897,0.781,1.302,2,384,50.2,1.0,Neutral,50.2,49.4,51.5,40.3
2013-06-20,2084.02,4.008,0.34,,44.41,17.19,0.26,0.822,-2.99,29.83,,23.77,-6.97,-14.4,2.669,4.678,0.0,1.562,1,384,49.5,1.0,Neutral,49.5,49.5,50.9,37.3
2013-06-21,2073.09,4.372,0.43,,32.79,16.15,1.56,0.845,-4.11,24.93,,22.82,-7.33,-14.84,2.426,4.069,0.781,1.042,1,384,47.2,1.0,Neutral,47.2,46.8,49.0,32.6
2013-06-24,1963.23,4.534,0.47,,24.09,32.99,0.52,1.159,-8.95,16.81,,15.91,-12.01,-19.36,0.213,5.359,0.779,12.987,1,385,45.0,1.0,Neutral,45.0,45.1,45.1,30.3
2013-06-25,1959.51,6.032,0.84,,22.01,28.31,0.52,1.472,-9.25,12.5,,15.73,-11.93,-19.51,-2.628,5.62,0.519,1.039,1,385,39.2,1.0,Neutral,39.2,38.3,38.1,29.9
2013-06-26,1951.49,6.437,0.94,,30.58,13.09,1.05,1.075,-8.96,17.97,,15.34,-12.05,-19.84,-3.089,4.908,1.832,0.262,1,382,39.0,1.0,Neutral,39.0,38.2,38.2,28.7
2013-06-27,1950.01,6.356,0.92,,33.57,26.18,0.26,1.124,-6.43,17.3,,15.27,-11.86,-19.9,-4.331,4.748,0.0,1.047,1,382,38.0,1.0,Neutral,38.0,38.3,37.0,30.4
2013-06-28,1979.21,6.64,0.99,,35.86,15.1,0.26,1.068,-4.53,20.53,,23.25,-10.33,-18.7,-4.823,4.434,0.521,0.0,1,384,37.8,1.0,Neutral,37.8,37.7,36.9,31.7
2013-07-01,1995.24,6.356,0.92,,51.59,3.65,1.3,0.828,1.63,49.27,,27.29,-9.39,-18.04,-3.889,3.887,2.344,0.521,2,384,44.9,1.0,Neutral,44.9,46.2,44.7,35.7
2013-07-02,2006.56,6.194,0.88,,59.88,2.09,2.61,0.92,2.4,54.18,,30.1,-8.72,-17.58,-1.403,4.848,3.133,0.0,2,383,48.1,1.0,Neutral,48.1,48.1,47.9,41.0
2013-07-03,1994.27,6.113,0.86,,51.73,9.71,3.15,1.002,2.19,54.64,,28.8,-9.11,-18.08,-1.154,5.137,1.312,0.787,3,381,48.4,1.0,Neutral,48.4,48.5,48.1,38.9
2013-07-04,2006.1,6.356,0.92,,60.79,0.26,1.06,1.075,2.88,59.51,,31.85,-8.41,-17.6,-0.254,5.545,1.055,0.528,1,379,48.8,1.0,Neutral,48.8,48.7,48.6,43.7
2013-07-05,2007.2,6.032,0.84,,59.56,1.04,0.52,0.974,1.41,50.39,,32.14,-8.21,-17.55,0.384,4.957,1.044,0.522,4,383,48.1,1.0,Neutral,48.1,47.6,48.4,42.7
2013-07-08,1958.27,5.83,0.78,,45.14,28.8,0.0,0.897,-1.85,34.6,,26.68,-10.27,-19.56,0.188,4.11,0.785,4.45,2,382,44.2,1.0,Neutral,44.2,44.5,45.0,34.5
2013-07-09,1965.45,6.802,1.03,,41.44,11.55,0.79,0.688,-2.05,33.93,,28.6,-9.77,-19.27,-0.133,3.149,1.575,0.525,1,381,40.3,1.0,Neutral,40.3,40.6,41.9,29.4
2013-07-10,2008.13,6.761,1.01,,53.31,0.52,0.78,0.961,0.69,46.77,,38.83,-7.65,-17.51,-0.267,5.069,2.35,0.261,1,383,44.4,1.0,Neutral,44.4,43.5,44.4,41.6
2013-07-11,2072.99,6.194,0.87,,59.18,0.0,2.35,1.71,3.33,76.0,,50.45,-4.56,-14.85,-0.548,8.75,3.133,0.0,2,383,53.2,1.0,Neutral,53.2,51.9,51.7,54.6
2013-07-12,2039.49,5.182,0.62,,57.12,0.0,2.36,1.277,1.61,55.8,,45.63,-5.97,-16.22,0.133,7.582,1.312,0.0,3,381,52.0,1.0,Neutral,52.0,50.9,51.2,50.9
2013-07-15,2059.39,5.83,0.78,,73.13,0.0,4.46,1.06,5.16,70.27,,48.76,-4.95,-15.41,1.173,6.78,2.625,0.0,2,381,53.0,1.0,Neutral,53.0,51.9,52.9,53.8
2013-07-16,2065.72,5.468,0.69,,75.93,0.0,2.62,1.005,5.1,68.64,,49.75,-4.57,-15.15,2.369,6.332,2.094,0.0,2,382,54.0,1.0,Neutral,54.0,52.8,54.5,54.7
2013-07-17,2044.92,5.225,0.63,,60.9,0.0,1.31,1.068,1.83,53.89,,46.56,-5.42,-16.0,2.292,5.999,1.832,0.0,1,382,51.4,1.0,Neutral,51.4,50.2,52.1,50.8
2013-07-18,2023.4,5.63,0.73,,48.98,0.26,4.23,0.949,-2.39,32.03,,43.46,-6.29,-16.89,3.265,5.195,2.116,0.0,2,378,45.9,1.0,Neutral,45.9,43.2,47.2,43.5
2013-07-19,1992.65,5.873,0.79,,46.71,5.48,2.09,1.073,-2.3,32.23,,39.42,-7.57,-18.15,2.268,5.706,1.044,1.305,3,383,45.1,1.0,Neutral,45.1,42.8,45.8,42.2
2013-07-22,2004.76,6.521,0.95,,44.83,2.09,4.19,0.846,-2.65,31.18,,41.72,-6.84,-17.65,2.165,4.537,2.88,0.0,2,382,42.4,1.0,Neutral,42.4,39.8,43.7,38.5
2013-07-23,2043.88,6.278,0.89,,48.97,0.0,6.02,1.122,-1.06,38.91,,48.51,-4.87,-16.04,1.556,6.497,2.356,0.0,2,382,44.8,1.0,Neutral,44.8,42.0,45.0,46.6
2013-07-24,2033.33,5.792,0.77,,54.65,0.26,6.3,1.09,-0.57,41.43,,46.92,-5.25,-16.48,1.898,6.757,1.312,0.0,1,381,46.9,1.0,Neutral,46.9,44.6,47.1,48.3
2013-07-25,2021.17,5.913,0.8,,52.23,0.26,1.57,1.006,-0.11,43.25,,45.09,-5.67,-16.98,1.146,6.024,0.0,1.05,1,381,45.9,1.0,Neutral,45.9,44.9,46.0,45.6
2013-07-26,2010.85,5.994,0.82,,58.12,4.2,1.57,0.752,0.91,45.36,,43.54,-6.02,-17.4,1.386,4.281,1.575,0.0,1,381,46.1,1.0,Neutral,46.1,45.4,47.3,43.2
2013-07-29,1976.31,6.197,0.87,,45.67,8.66,1.05,0.805,-1.42,36.39,,38.72,-7.49,-18.82,1.082,4.599,0.787,0.525,2,381,44.0,1.0,Neutral,44.0,42.8,44.9,37.4
2013-07-30,1990.06,6.561,0.96,,37.77,2.62,1.57,0.79,-2.63,31.46,,41.5,-6.71,-18.25,0.61,4.495,1.832,0.262,2,382,41.4,1.0,Neutral,41.4,39.8,42.1,35.0
2013-07-31,1993.8,6.44,0.93,,40.57,1.83,0.52,0.717,-1.94,34.29,,42.26,-6.38,-18.1,-0.011,4.129,1.832,0.0,2,382,42.0,1.0,Neutral,42.0,40.9,42.7,35.4
2013-08-01,2029.07,6.44,0.93,,55.37,0.0,2.36,0.935,0.39,45.07,,49.03,-4.57,-16.65,0.203,5.635,2.094,0.0,3,382,44.8,1.0,Neutral,44.8,43.0,44.7,46.4
2013-08-02,2029.42,6.116,0.85,,55.93,0.0,1.57,0.959,0.92,47.84,,49.1,-4.4,-16.64,0.096,5.495,1.047,0.0,1,382,45.9,1.0,Neutral,45.9,44.9,45.8,47.5
2013-08-05,2050.48,6.035,0.83,,69.98,0.0,4.49,0.875,3.75,59.34,,52.92,-3.26,-15.77,0.295,5.348,1.583,0.0,1,379,48.4,1.0,Neutral,48.4,47.8,48.5,52.0
2013-08-06,2060.5,5.63,0.73,,72.48,0.0,4.5,1.082,3.54,63.15,,54.66,-2.66,-15.36,0.691,6.44,2.646,0.0,1,378,51.1,1.0,Neutral,51.1,50.2,50.9,56.7
2013-08-07,2046.78,5.63,0.73,,65.93,0.0,4.49,1.102,2.66,58.87,,51.83,-3.15,-15.93,0.989,6.643,2.111,0.792,2,379,50.5,1.0,Neutral,50.5,49.4,50.3,54.3
2013-08-08,2044.89,5.63,0.73,,56.29,0.0,3.97,0.858,0.78,46.03,,51.44,-3.09,-16.0,1.537,5.286,1.058,0.0,2,378,47.5,1.0,Neutral,47.5,46.0,48.1,48.2
2013-08-09,2052.24,5.589,0.72,,57.59,0.27,3.98,0.973,1.12,48.97,,52.94,-2.62,-15.7,1.982,5.643,1.326,0.0,3,377,48.6,1.0,Neutral,48.6,46.7,49.2,50.8
2013-08-12,2101.28,5.427,0.68,,56.18,0.0,1.33,1.376,2.48,62.97,,61.49,-0.19,-13.69,1.572,7.527,2.66,0.0,2,376,52.5,1.0,Neutral,52.5,50.7,52.2,57.7
2013-08-13,2106.16,5.144,0.61,,55.51,0.0,1.6,1.186,2.22,57.95,,62.23,0.16,-13.49,2.013,6.617,1.33,0.0,3,376,52.0,1.0,Neutral,52.0,50.4,52.3,56.8
2013-08-14,2100.14,4.86,0.54,,55.66,0.0,1.33,1.152,2.61,59.55,,60.69,0.02,-13.73,2.01,6.52,1.064,0.0,4,376,53.2,1.0,Neutral,53.2,51.9,53.6,56.6
2013-08-15,2081.88,5.105,0.6,,50.06,0.0,1.34,1.002,1.81,52.74,,56.15,-0.68,-14.48,1.602,5.538,0.804,0.268,1,373,49.9,1.0,Neutral,49.9,49.3,50.5,51.2
2013-08-16,2068.45,5.105,0.6,,41.53,0.53,0.0,1.554,0.79,53.88,,53.01,-1.14,-15.04,1.951,8.548,0.535,1.872,1,374,51.3,1.0,Neutral,51.3,49.8,50.9,51.5
2013-08-19,2085.6,5.348,0.66,,43.28,0.27,1.33,0.984,-0.75,39.98,,56.36,-0.14,-14.33,2.114,5.532,1.867,0.267,1,375,46.8,1.0,Neutral,46.8,45.0,47.5,48.5
2013-08-20,2072.59,5.105,0.6,,38.1,0.27,2.12,1.09,-1.59,35.95,,53.26,-0.61,-14.86,1.764,5.81,1.326,0.265,2,377,46.9,1.0,Neutral,46.9,45.1,47.4,47.3
2013-08-21,2072.96,5.267,0.64,,44.86,0.26,2.64,0.891,-1.29,37.1,,53.33,-0.42,-14.85,2.148,4.729,2.111,0.0,2,379,46.5,1.0,Neutral,46.5,44.7,47.7,47.1
2013-08-22,2067.12,5.105,0.59,,48.66,0.52,3.41,0.928,-0.71,39.9,,51.85,-0.52,-15.09,1.993,4.926,1.575,0.0,2,381,47.7,1.0,Neutral,47.7,46.2,48.8,48.7
2013-08-23,2057.46,5.186,0.61,,52.1,0.79,1.84,1.151,-0.53,41.95,,49.39,-0.77,-15.49,1.511,6.427,1.053,0.263,1,380,48.3,1.0,Neutral,48.3,46.8,48.4,51.6
2013-08-26,2096.47,5.348,0.65,,52.55,0.0,6.05,1.232,0.52,48.66,,58.03,1.29,-13.88,1.985,6.926,2.105,0.0,2,380,49.5,1.0,Neutral,49.5,47.3,49.7,55.4
2013-08-27,2103.57,5.146,0.6,,57.5,0.0,5.56,1.299,1.49,55.41,,59.39,1.81,-13.59,2.576,6.598,2.116,0.0,3,378,51.7,1.0,Neutral,51.7,49.7,52.2,58.4
2013-08-28,2101.3,4.66,0.48,,50.79,0.27,3.72,1.655,1.37,59.5,,58.73,1.87,-13.69,3.145,8.122,2.128,0.532,4,376,54.8,1.0,Neutral,54.8,52.7,55.0,58.8
2013-08-29,2097.23,4.66,0.48,,51.25,0.27,2.12,1.354,1.46,55.95,,57.51,1.84,-13.85,3.695,6.143,1.326,0.0,5,377,53.7,1.0,Neutral,53.7,51.8,54.8,56.9
2013-08-30,2098.38,4.619,0.47,,51.88,0.27,2.65,1.718,1.99,65.36,,57.78,2.04,-13.81,3.178,7.364,2.653,1.326,6,377,56.1,1.0,Neutral,56.1,54.4,56.5,59.3
2013-09-02,2098.45,4.498,0.44,,46.54,0.8,2.13,1.49,0.09,48.24,,57.79,2.18,-13.8,3.267,6.727,0.798,0.798,1,376,51.8,1.0,Neutral,51.8,50.3,52.5,56.8
2013-09-03,2123.11,4.295,0.39,,50.13,0.27,3.45,1.37,0.93,52.73,,63.51,3.48,-12.79,2.136,6.206,2.122,0.0,1,377,53.1,1.0,Neutral,53.1,52.1,53.6,59.5
2013-09-04,2127.62,4.011,0.32,,51.95,0.0,4.5,1.388,1.25,55.08,,64.45,3.77,-12.6,1.349,6.552,2.381,0.0,1,378,54.3,1.0,Neutral,54.3,53.8,54.4,61.1
2013-09-05,2122.43,4.052,0.33,,52.27,0.53,4.51,1.227,1.2,52.64,,62.45,3.54,-12.82,1.329,6.272,1.326,0.0,2,377,53.7,1.0,Neutral,53.7,53.0,53.8,59.3
2013-09-06,2139.99,4.335,0.4,,56.72,0.0,3.69,1.381,1.98,59.81,,66.28,4.42,-12.1,2.221,6.569,1.847,0.0,3,379,54.8,1.0,Neutral,54.8,53.7,55.2,63.0
2013-09-09,2212.52,4.133,0.35,,58.05,0.0,2.93,2.094,5.44,92.0,,76.8,7.91,-9.12,3.073,11.048,2.394,0.0,4,376,63.8,1.0,Optimistic,63.8,62.3,63.1,70.8
2013-09-10,2237.98,3.687,0.24,,53.36,0.0,3.72,2.213,5.41,92.0,,79.25,9.08,-8.07,4.899,11.209,1.33,0.0,2,376,66.2,1.0,Optimistic,66.2,64.7,66.2,71.5
2013-09-11,2241.27,3.444,0.18,,53.67,0.0,1.86,2.222,5.34,92.0,,79.55,9.15,-7.94,5.268,11.389,1.33,0.798,1,376,67.2,1.0,Optimistic,67.2,66.3,67.2,72.3
2013-09-12,2255.61,3.282,0.14,,54.14,0.0,3.2,1.859,6.27,92.0,,80.85,9.7,-7.35,6.138,9.959,2.133,0.267,2,375,68.3,1.0,Optimistic,68.3,67.3,68.6,72.4
2013-09-13,2236.22,3.201,0.12,,53.8,0.0,2.94,1.496,4.5,79.49,,74.0,8.61,-8.14,6.351,7.891,1.872,0.0,3,374,65.6,1.0,Optimistic,65.6,64.7,66.7,69.3
2013-09-16,2231.4,3.485,0.19,,49.39,0.0,3.76,1.329,0.85,51.76,,72.36,8.14,-8.34,6.197,8.712,2.151,0.269,4,372,58.3,1.0,Neutral,58.3,55.6,59.1,65.3
2013-09-17,2185.56,3.525,0.2,,41.33,0.54,1.88,1.318,-2.34,31.43,,58.95,5.73,-10.22,5.409,8.168,1.877,1.072,3,373,53.6,1.0,Neutral,53.6,50.5,54.4,57.9
2013-09-18,2191.85,3.888,0.29,,47.52,0.8,4.01,0.979,-2.2,32.87,,60.05,5.83,-9.97,4.203,5.928,1.333,0.533,4,374,50.7,1.0,Neutral,50.7,48.3,52.1,56.4
2013-09-23,2221.04,3.687,0.24,,56.75,0.27,5.35,1.131,-1.53,36.32,,64.74,7.0,-8.77,4.104,7.777,2.4,0.0,2,375,53.1,1.0,Neutral,53.1,50.3,53.7,63.6
2013-09-24,2207.53,3.647,0.23,,55.23,0.53,6.95,1.356,-1.28,38.21,,61.16,6.16,-9.32,4.718,8.873,2.133,0.0,2,375,54.5,1.0,Neutral,54.5,51.2,54.9,63.6
2013-09-25,2198.51,3.566,0.21,,51.43,0.54,4.56,1.343,-1.47,36.96,,58.82,5.55,-9.69,3.922,8.298,1.604,0.802,3,374,54.1,1.0,Neutral,54.1,51.6,54.5,61.6
2013-09-26,2155.81,3.687,0.24,,51.64,0.8,1.61,1.164,-1.36,37.33,,49.22,3.38,-11.45,3.497,7.507,1.07,2.406,4,374,53.1,1.0,Neutral,53.1,51.3,53.6,56.4
2013-09-27,2160.03,3.93,0.3,,47.23,1.06,2.39,0.867,-1.45,36.36,,50.09,3.44,-11.27,3.711,5.963,0.796,0.0,1,377,51.2,1.0,Neutral,51.2,49.4,52.3,51.0
2013-09-30,2174.66,3.93,0.3,,44.41,0.8,5.87,0.762,-2.09,33.7,,53.08,4.0,-10.67,1.061,5.368,1.596,0.266,2,376,49.4,1.0,Neutral,49.4,48.6,49.8,49.5
2013-10-08,2198.2,4.173,0.36,,51.58,0.27,7.18,1.042,-0.42,41.91,,57.49,4.97,-9.71,1.958,8.61,3.714,0.0,3,377,52.2,1.0,Neutral,52.2,49.4,51.7,57.1
2013-10-09,2211.77,3.971,0.31,,58.14,0.0,6.4,1.071,0.6,47.47,,59.84,5.4,-9.15,2.752,7.65,2.128,0.266,3,376,53.6,1.0,Neutral,53.6,51.7,53.8,60.9
2013-10-10,2190.93,3.93,0.3,,60.45,0.8,5.59,1.218,1.63,55.05,,54.83,4.22,-10.0,3.613,8.418,1.857,0.531,1,377,56.0,1.0,Neutral,56.0,54.2,56.2,61.1
2013-10-11,2228.15,3.971,0.31,,66.71,0.27,8.24,1.261,3.15,64.96,,61.09,5.81,-8.48,4.625,8.201,1.326,0.0,2,377,58.3,1.0,Neutral,58.3,56.2,58.9,65.5
2013-10-14,2237.77,3.728,0.25,,64.01,0.0,10.99,1.323,2.9,64.67,,62.54,6.13,-8.08,7.181,8.673,3.209,0.0,3,374,60.3,1.0,Optimistic,60.3,57.6,61.2,66.5
2013-10-15,2233.41,3.566,0.21,,56.84,0.27,7.22,1.224,1.6,54.98,,61.42,5.76,-8.26,6.19,7.903,3.467,0.533,4,375,58.6,1.0,Neutral,58.6,56.2,59.7,63.5
2013-10-16,2193.07,3.728,0.25,,47.05,0.53,2.39,1.226,-0.85,40.51,,52.17,3.74,-9.92,4.728,7.448,0.265,2.918,1,377,53.4,1.0,Neutral,53.4,51.8,54.4,56.3
2013-10-17,2188.54,3.93,0.3,,52.01,0.0,1.6,0.998,-0.11,43.2,,51.24,3.43,-10.1,3.554,6.241,1.33,0.266,1,376,52.7,1.0,Neutral,52.7,51.2,53.7,54.9
2013-10-18,2193.78,3.971,0.31,,47.53,0.0,4.53,0.813,-1.54,35.9,,52.3,3.55,-9.89,2.545,5.031,1.596,0.0,2,376,50.3,1.0,Neutral,50.3,49.0,51.5,51.0
2013-10-21,2229.24,3.89,0.29,,53.36,0.0,7.24,1.072,-0.38,42.3,,58.84,5.06,-8.43,2.209,7.505,3.476,0.0,3,374,53.0,1.0,Neutral,53.0,50.9,53.1,59.3
2013-10-22,2210.65,3.768,0.26,,52.03,0.0,4.04,1.163,-1.02,39.26,,54.61,4.0,-9.19,1.625,8.14,1.075,1.882,1,372,52.2,1.0,Neutral,52.2,51.1,51.8,58.3
2013-10-23,2183.11,3.809,0.27,,51.96,0.27,1.08,1.134,-0.45,42.29,,48.99,2.56,-10.33,1.519,7.048,0.536,1.877,1,373,52.4,1.0,Neutral,52.4,52.0,52.3,55.7
2013-10-24,2164.32,4.133,0.35,,47.22,0.53,1.07,0.792,-1.11,37.64,,45.55,1.58,-11.1,1.604,4.865,0.798,1.064,2,376,49.6,1.0,Neutral,49.6,49.2,50.4,47.6
2013-10-25,2132.95,4.254,0.38,,39.19,1.33,0.0,0.877,-2.77,30.54,,40.45,0.03,-12.39,1.721,5.637,0.266,1.596,1,376,48.0,1.0,Neutral,48.0,47.2,48.5,43.7
2013-10-28,2133.87,4.538,0.45,,29.18,1.86,1.33,0.68,-4.28,25.98,,40.65,-0.01,-12.35,0.963,4.393,1.061,1.592,3,377,45.5,1.0,Neutral,45.5,45.0,46.5,37.1
2013-10-29,2128.86,4.457,0.43,,24.4,2.92,0.27,1.101,-3.7,24.61,,39.83,-0.34,-12.55,-0.257,6.462,0.529,1.587,4,378,46.0,1.0,Neutral,46.0,44.9,45.5,41.2
2013-10-30,2160.46,4.984,0.56,,38.76,1.32,0.53,0.913,-1.04,38.32,,47.12,1.0,-11.26,-0.087,5.37,2.639,0.0,1,379,47.1,1.0,Neutral,47.1,46.3,47.0,45.3
2013-10-31,2141.61,4.66,0.48,,39.38,1.33,0.27,0.82,-1.05,37.97,,43.72,-0.0,-12.03,-0.435,4.787,0.265,1.592,1,377,47.1,1.0,Neutral,47.1,47.7,47.2,43.2
2013-11-01,2149.56,4.619,0.47,,44.58,0.53,0.53,0.674,0.78,43.96,,45.5,0.25,-11.7,-1.063,3.813,0.528,0.264,1,379,47.8,1.0,Neutral,47.8,49.3,48.5,43.5
2013-11-04,2149.63,4.66,0.48,,48.91,0.53,0.53,0.574,0.74,42.73,,45.52,0.16,-11.7,-0.984,3.817,0.792,0.0,1,379,47.7,1.0,Neutral,47.7,48.9,48.3,43.7
2013-11-05,2157.24,4.579,0.46,,61.08,0.27,0.8,0.694,1.33,46.2,,47.37,0.41,-11.39,-0.047,4.444,1.323,0.0,2,378,49.7,1.0,Neutral,49.7,50.0,50.2,50.1
2013-11-06,2139.61,4.538,0.45,,48.69,0.53,0.53,0.759,-0.97,38.09,,43.66,-0.48,-12.11,-0.134,4.895,0.794,0.0,1,378,48.2,1.0,Neutral,48.2,48.3,48.4,45.5
2013-11-07,2129.4,4.66,0.48,,45.62,1.6,0.53,0.617,-0.57,38.88,,41.63,-1.01,-12.53,-0.074,4.009,0.266,1.596,1,376,47.0,1.0,Neutral,47.0,48.1,47.8,41.5
2013-11-08,2106.13,4.741,0.5,,40.44,2.67,0.27,0.629,-2.02,34.08,,37.36,-2.13,-13.49,0.372,3.862,0.533,0.8,1,375,46.1,1.0,Neutral,46.1,46.8,47.3,37.8
2013-11-11,2109.47,4.7,0.49,,41.59,1.34,1.87,0.529,-1.87,34.62,,38.34,-2.03,-13.35,-0.001,3.351,1.333,0.267,2,375,46.1,1.0,Neutral,46.1,47.0,47.6,37.3
2013-11-12,2126.77,4.7,0.49,,41.59,0.0,0.8,0.604,-1.41,36.08,,43.28,-1.28,-12.64,-0.457,3.728,1.604,0.0,1,374,46.5,1.0,Neutral,46.5,47.3,47.5,40.0
2013-11-13,2087.94,4.619,0.47,,39.3,3.23,0.54,0.672,-2.41,32.65,,36.26,-3.07,-14.23,-0.967,4.012,0.268,1.072,1,373,45.9,1.0,Neutral,45.9,47.0,46.4,37.3
2013-11-14,2100.51,4.903,0.54,,51.27,1.08,2.16,0.642,-1.36,36.33,,39.67,-2.48,-13.72,-0.907,4.238,1.075,0.0,1,372,46.4,1.0,Neutral,46.4,46.8,46.7,42.1
2013-11-15,2135.83,4.822,0.52,,66.68,0.0,2.96,0.969,1.41,50.3,,48.07,-0.87,-12.27,-0.449,6.525,1.613,0.0,2,372,51.0,1.0,Neutral,51.0,50.5,50.3,54.6
2013-11-18,2197.22,4.498,0.44,,70.94,0.0,2.68,1.211,4.16,69.77,,58.81,1.89,-9.75,0.484,8.274,2.406,0.0,3,374,56.5,1.0,Neutral,56.5,55.7,55.5,62.8
2013-11-19,2193.12,4.295,0.39,,66.4,0.0,1.88,0.954,3.12,58.22,,57.95,1.6,-9.91,1.392,6.93,0.535,0.267,3,374,54.1,1.0,Neutral,54.1,53.4,54.0,58.9
2013-11-20,2206.61,4.254,0.38,,76.89,0.0,2.96,0.911,5.68,65.88,,60.03,2.13,-9.36,2.568,6.17,1.344,0.0,2,372,56.1,1.0,Neutral,56.1,55.4,56.8,61.8
2013-11-21,2205.77,4.092,0.34,,67.53,0.27,2.7,1.048,5.01,69.91,,59.83,1.98,-9.39,2.942,6.96,0.538,0.0,1,372,57.6,1.0,Neutral,57.6,57.1,58.1,61.4
2013-11-22,2196.38,3.971,0.31,,54.84,0.54,2.17,0.866,2.84,55.1,,57.54,1.45,-9.78,2.662,5.996,1.084,0.0,1,369,54.6,1.0,Neutral,54.6,54.0,55.4,54.6
2013-11-25,2186.11,3.971,0.31,,45.74,0.27,2.98,0.821,-0.51,40.24,,55.07,0.89,-10.2,2.221,5.587,1.081,0.27,1,370,51.1,1.0,Neutral,51.1,50.3,51.9,49.9
2013-11-26,2183.07,4.092,0.34,,44.75,0.54,3.51,0.76,-0.46,40.08,,54.32,0.65,-10.33,2.058,5.02,1.348,0.0,1,371,50.6,1.0,Neutral,50.6,49.9,51.6,48.1
2013-11-27,2201.07,4.133,0.35,,48.24,0.0,2.16,0.874,-0.25,41.66,,57.95,1.4,-9.59,1.897,6.687,1.078,0.0,2,371,51.2,1.0,Neutral,51.2,49.7,51.4,52.4
2013-11-28,2219.37,4.011,0.32,,55.4,0.0,3.76,1.019,0.62,47.01,,61.32,2.15,-8.84,1.824,7.443,3.217,0.268,2,373,52.9,1.0,Neutral,52.9,51.2,52.8,58.2
2013-11-29,2220.5,3.93,0.3,,60.77,0.0,6.17,0.81,1.1,46.8,,61.52,2.11,-8.79,2.121,6.105,1.872,0.0,3,374,52.9,1.0,Neutral,52.9,51.7,53.5,57.3
2013-12-02,2207.37,3.89,0.29,,52.76,0.8,0.27,1.329,0.97,52.51,,57.7,1.42,-9.33,1.73,8.954,0.802,19.519,4,374,54.6,1.0,Neutral,54.6,53.8,53.9,59.0
2013-12-03,2222.67,4.092,0.34,,59.96,0.0,1.34,0.861,1.81,50.56,,60.76,2.02,-8.7,1.547,5.812,1.067,0.533,1,375,52.2,1.0,Neutral,52.2,51.9,52.6,57.3
2013-12-04,2251.76,3.849,0.28,,60.21,0.0,2.94,1.202,2.3,58.73,,65.82,3.24,-7.51,1.725,7.788,2.133,0.267,1,375,55.9,1.0,Neutral,55.9,55.2,55.7,63.8
2013-12-05,2247.06,3.566,0.2,,56.06,0.0,2.13,0.932,1.25,49.02,,64.38,2.93,-7.7,1.975,6.264,0.798,0.0,2,376,55.1,1.0,Neutral,55.1,54.5,55.5,59.7
2013-12-06,2237.11,3.647,0.22,,52.3,0.0,1.07,0.793,0.75,45.17,,61.31,2.38,-8.11,1.705,5.355,0.533,0.267,3,375,53.3,1.0,Neutral,53.3,53.1,54.0,55.2
2013-12-09,2238.2,3.728,0.24,,64.72,0.0,2.67,0.717,1.4,46.75,,61.52,2.34,-8.06,2.184,5.119,0.8,0.0,1,375,53.2,1.0,Neutral,53.2,52.9,54.1,57.8
2013-12-10,2237.49,3.647,0.22,,57.44,0.0,2.93,0.842,0.67,45.36,,61.28,2.24,-8.09,2.193,5.308,1.064,0.0,2,376,53.7,1.0,Neutral,53.7,53.1,54.5,57.5
2013-12-11,2204.17,3.566,0.2,,45.68,0.0,1.86,0.849,-2.11,33.48,,51.18,0.72,-9.46,1.722,5.256,0.796,0.265,2,377,52.1,1.0,Neutral,52.1,51.6,52.8,50.4
2013-12-12,2202.8,3.93,0.3,,47.85,0.27,2.39,0.677,-1.97,34.22,,50.8,0.68,-9.52,1.405,4.479,1.058,0.0,1,378,49.6,1.0,Neutral,49.6,49.4,50.7,47.6
2013-12-13,2196.07,3.89,0.29,,50.6,0.27,2.65,0.683,-1.83,34.7,,48.93,0.41,-9.79,1.527,4.052,1.323,0.0,2,378,50.0,1.0,Neutral,50.0,49.9,51.4,48.2
2013-12-16,2160.86,3.849,0.27,,39.97,0.53,2.67,0.831,-3.46,27.84,,40.5,-1.13,-11.24,1.202,4.855,1.064,1.064,2,376,49.0,1.0,Neutral,49.0,48.7,49.8,43.7
2013-12-17,2151.08,4.173,0.36,,37.49,0.8,1.34,0.654,-3.86,27.69,,38.52,-1.51,-11.64,1.117,3.85,0.533,0.0,1,375,46.9,1.0,Neutral,46.9,47.1,48.4,38.9
2013-12-18,2148.28,4.133,0.35,,41.73,0.81,1.61,0.541,-2.54,32.63,,37.94,-1.58,-11.76,0.938,3.256,0.536,0.0,1,373,47.4,1.0,Neutral,47.4,48.5,49.4,38.6
2013-12-19,2127.79,4.172,0.36,,34.91,1.07,0.54,0.625,-3.4,29.48,,33.96,-2.47,-12.6,0.843,3.739,0.0,0.0,1,373,47.0,1.0,Neutral,47.0,47.8,48.4,35.6
2013-12-20,2084.79,4.212,0.37,,28.89,2.41,0.8,0.75,-5.07,22.44,,27.45,-4.37,-14.36,0.93,3.894,0.536,0.268,1,373,46.0,1.0,Neutral,46.0,46.1,47.3,32.5
2013-12-23,2089.71,4.779,0.51,,32.89,3.75,1.07,0.591,-3.29,30.06,,29.12,-4.04,-14.16,0.802,3.157,0.268,0.536,1,373,44.9,1.0,Neutral,44.9,46.0,47.0,31.3
2013-12-24,2092.91,4.82,0.52,,40.44,1.07,1.07,0.615,-2.7,31.84,,30.25,-3.81,-14.03,0.692,3.513,1.604,0.535,1,374,45.7,1.0,Neutral,45.7,46.3,47.3,34.6
2013-12-25,2106.35,4.739,0.5,,46.88,0.8,2.41,0.578,-1.95,34.34,,34.93,-3.13,-13.48,1.012,3.624,2.681,0.268,2,373,47.0,1.0,Neutral,47.0,47.0,48.6,38.3
2013-12-26,2073.1,4.698,0.49,,45.47,4.0,1.07,0.707,-2.57,31.99,,29.63,-4.59,-14.84,1.115,3.935,0.8,0.533,3,375,47.0,1.0,Neutral,47.0,46.9,48.4,37.2
2013-12-27,2101.25,4.982,0.56,,58.61,0.53,4.53,0.697,0.79,44.26,,38.18,-3.26,-13.69,1.004,3.684,1.867,0.0,1,375,48.3,1.0,Neutral,48.3,48.8,49.9,44.4
2013-12-30,2097.53,4.779,0.51,,62.33,1.59,3.44,0.676,0.37,42.55,,37.53,-3.37,-13.84,1.793,4.031,1.587,0.0,2,378,49.5,1.0,Neutral,49.5,49.1,51.0,45.4
2013-12-31,2115.98,4.739,0.5,,59.67,0.27,2.92,0.736,1.1,45.9,,42.73,-2.46,-13.08,1.681,4.048,0.796,0.265,1,377,49.7,1.0,Neutral,49.7,50.0,51.1,47.4
2014-01-02,2109.39,4.901,0.54,,56.12,1.33,4.8,0.631,0.14,41.35,,41.41,-2.69,-13.35,1.644,3.932,2.133,0.0,2,375,48.6,1.0,Neutral,48.6,48.2,50.2,44.0
2014-01-03,2083.14,5.103,0.59,,58.07,2.95,2.68,0.786,0.48,44.03,,36.54,-3.82,-14.43,1.255,4.336,0.804,0.268,2,373,48.6,1.0,Neutral,48.6,48.4,49.7,44.5
2014-01-06,2045.71,5.184,0.61,,42.11,6.91,0.53,0.842,-2.64,31.23,,30.96,-5.41,-15.97,1.38,4.104,0.266,1.33,1,376,45.2,1.0,Neutral,45.2,45.1,46.5,37.1
2014-01-07,2047.32,5.549,0.7,,42.96,4.5,1.32,0.602,-2.39,32.9,,31.44,-5.2,-15.9,0.677,3.181,0.794,0.0,1,378,43.6,1.0,Neutral,43.6,44.1,45.6,33.7
2014-01-08,2044.34,5.589,0.71,,40.57,6.9,1.59,0.692,-3.39,29.08,,31.01,-5.2,-16.03,0.951,4.239,1.857,0.0,2,377,44.1,1.0,Neutral,44.1,42.9,45.2,33.9
2014-01-09,2027.62,5.711,0.74,,31.76,9.02,0.8,0.743,-3.88,26.85,,28.62,-5.85,-16.71,0.935,4.763,0.531,0.265,2,377,43.4,1.0,Neutral,43.4,42.0,44.1,30.4
2014-01-10,2013.3,5.873,0.78,,30.17,13.3,0.53,0.75,-3.35,28.82,,26.72,-6.39,-17.3,0.998,3.601,0.266,0.798,1,376,42.1,1.0,Neutral,42.1,42.1,43.8,29.1
2014-01-13,2009.56,6.278,0.89,,37.2,8.47,1.32,0.665,-1.77,34.94,,26.23,-6.43,-17.45,0.75,3.271,0.794,0.529,1,378,41.9,1.0,Neutral,41.9,42.2,43.8,29.5
2014-01-14,2026.84,6.197,0.86,,44.39,0.53,2.65,0.708,-1.0,37.78,,32.4,-5.48,-16.74,0.636,3.557,3.979,0.0,2,377,43.7,1.0,Neutral,43.7,43.0,45.3,34.8
2014-01-15,2023.35,5.832,0.77,,46.6,2.13,2.93,0.686,-1.03,37.61,,31.82,-5.5,-16.89,0.53,3.763,0.532,0.0,1,376,44.3,1.0,Neutral,44.3,44.3,45.6,35.6
2014-01-16,2023.7,6.035,0.82,,54.14,0.8,2.68,0.751,-0.19,41.05,,31.95,-5.37,-16.87,0.292,3.872,1.072,0.0,1,373,44.5,1.0,Neutral,44.5,44.5,45.6,39.0
2014-01-17,2004.95,5.87,0.78,,54.41,7.2,1.07,0.703,-0.41,39.91,,28.76,-6.13,-17.64,0.494,3.583,0.533,0.267,1,375,44.5,1.0,Neutral,44.5,44.9,45.9,37.3
2014-01-20,1991.25,6.316,0.89,,51.84,7.49,0.27,0.592,-0.91,37.65,,26.66,-6.67,-18.21,0.838,3.229,0.535,1.337,1,374,42.3,1.0,Neutral,42.3,42.8,44.2,33.5
2014-01-21,2008.31,6.376,0.91,,50.5,0.53,3.2,0.636,-0.91,37.82,,33.19,-5.78,-17.51,0.887,3.738,2.128,0.0,1,375,43.0,1.0,Neutral,43.0,42.4,44.5,35.7
2014-01-22,2051.75,6.172,0.86,,57.62,0.0,3.73,1.056,1.4,51.47,,46.3,-3.68,-15.72,0.934,5.553,2.128,0.0,2,376,47.5,1.0,Neutral,47.5,46.0,47.7,49.0
2014-01-23,2042.18,5.348,0.65,,56.85,0.0,3.71,0.906,0.91,47.17,,44.24,-4.04,-16.11,1.147,5.409,1.05,0.0,2,378,49.2,1.0,Neutral,49.2,48.2,49.6,47.3
2014-01-24,2054.39,5.426,0.67,,68.49,0.0,5.04,1.007,2.47,56.08,,47.45,-3.4,-15.61,0.928,5.483,4.199,0.0,2,381,50.9,1.0,Neutral,50.9,49.9,51.2,52.9
2014-01-27,2033.3,5.329,0.64,,68.23,0.8,3.99,0.965,2.11,53.6,,42.86,-4.31,-16.48,1.047,5.756,1.316,0.0,2,380,50.9,1.0,Neutral,50.9,50.1,51.2,50.8
2014-01-28,2038.51,5.429,0.67,,60.29,0.8,5.31,0.788,1.5,48.16,,44.3,-3.98,-16.26,0.842,4.227,1.044,0.783,3,381,48.1,1.0,Neutral,48.1,48.1,49.1,46.6
2014-01-29,2049.91,5.374,0.65,,52.93,1.06,5.04,0.803,-0.09,41.84,,47.41,-3.36,-15.8,0.069,4.334,1.832,0.785,2,382,46.4,1.0,Neutral,46.4,46.3,47.0,45.5
2014-01-30,2033.08,5.414,0.66,,47.98,3.17,2.65,0.683,-0.45,39.68,,43.54,-4.07,-16.49,-1.669,3.772,0.781,0.26,1,384,44.9,1.0,Neutral,44.9,46.0,45.4,40.6
2014-02-07,2044.5,5.533,0.69,,48.74,0.26,7.41,0.808,-0.48,40.26,,46.71,-3.47,-16.02,-0.337,5.286,2.344,0.0,1,384,46.2,1.0,Neutral,46.2,45.4,46.0,43.7
2014-02-10,2086.07,5.452,0.67,,61.8,0.0,11.14,1.367,2.6,63.57,,56.34,-1.49,-14.31,0.912,7.947,2.35,0.0,2,383,52.4,1.0,Neutral,52.4,50.9,51.8,57.6
2014-02-11,2103.67,4.972,0.55,,63.13,0.0,5.29,1.552,3.2,71.49,,59.66,-0.65,-13.59,2.634,8.543,2.604,0.521,2,384,56.3,1.0,Neutral,56.3,54.7,56.1,61.1
2014-02-12,2109.95,4.972,0.55,,65.52,0.0,6.88,1.361,2.93,65.62,,60.81,-0.34,-13.33,4.403,6.953,2.083,0.0,3,384,55.3,1.0,Neutral,55.3,53.1,56.3,60.9
2014-02-13,2098.4,4.773,0.5,,63.5,0.0,1.86,1.565,3.21,71.9,,57.57,-0.9,-13.8,6.931,7.804,0.261,1.305,1,383,57.2,1.0,Neutral,57.2,55.5,58.3,60.9
2014-02-14,2115.85,4.972,0.55,,65.27,0.0,6.35,1.179,3.49,65.11,,60.95,-0.09,-13.09,5.596,5.348,2.604,0.0,1,384,54.6,1.0,Neutral,54.6,52.9,56.6,59.6
2014-02-17,2135.41,4.853,0.52,,63.39,0.0,10.34,1.475,2.37,64.02,,64.38,0.84,-12.28,4.937,7.545,3.133,0.0,2,383,55.7,1.0,Neutral,55.7,53.0,56.7,62.9
2014-02-18,2119.07,4.694,0.48,,59.93,0.0,10.29,1.499,0.73,52.85,,59.67,0.13,-12.96,4.451,7.694,2.597,0.26,3,385,53.6,1.0,Neutral,53.6,50.7,54.3,60.8
2014-02-19,2142.55,4.887,0.53,,55.95,0.0,5.8,1.591,1.55,59.96,,63.77,1.28,-11.99,3.984,7.289,1.818,0.26,3,385,54.0,1.0,Neutral,54.0,51.8,54.8,61.2
2014-02-20,2138.78,4.688,0.48,,57.24,0.0,2.12,1.645,1.92,63.66,,62.67,1.15,-12.15,3.476,7.214,1.302,0.521,3,384,55.1,1.0,Neutral,55.1,53.5,55.7,61.7
2014-02-21,2113.69,4.688,0.48,,45.9,0.26,2.89,1.224,-0.1,44.9,,55.76,0.04,-13.18,3.343,5.202,0.518,0.0,1,386,50.1,1.0,Neutral,50.1,48.7,51.4,52.9
2014-02-24,2076.69,5.046,0.57,,36.88,3.17,4.49,1.29,-2.75,28.96,,47.45,-1.62,-14.7,2.645,5.868,1.299,1.558,2,385,46.3,1.0,Neutral,46.3,44.1,47.1,46.7
2014-02-25,2034.22,5.403,0.66,,31.42,6.86,1.32,1.46,-4.0,19.58,,40.07,-3.51,-16.44,1.277,6.913,0.779,5.714,3,385,42.9,1.0,Neutral,42.9,40.7,42.8,42.8
2014-02-26,2041.25,5.602,0.71,,33.58,2.91,2.12,1.141,-4.73,18.57,,41.69,-3.07,-16.15,0.725,5.106,1.562,0.0,4,384,42.0,1.0,Neutral,42.0,39.6,42.4,41.5
2014-02-27,2047.35,5.602,0.71,,34.51,6.33,2.37,1.367,-4.27,18.69,,43.12,-2.66,-15.9,0.09,6.011,2.857,2.078,5,385,41.8,1.0,Neutral,41.8,39.6,41.6,44.0
2014-02-28,2056.3,5.681,0.73,,42.56,1.59,2.12,1.152,-2.72,29.72,,45.25,-2.11,-15.53,-0.061,4.951,2.604,0.26,6,384,43.8,1.0,Neutral,43.8,42.1,43.9,45.9
2014-03-03,2075.24,5.562,0.7,,51.49,1.32,3.7,1.32,-0.07,45.81,,49.55,-1.1,-14.68,0.027,5.294,2.344,0.26,7,384,47.6,1.0,Neutral,47.6,46.4,47.6,52.1
2014-03-04,2071.47,5.443,0.67,,57.17,2.12,2.91,1.196,1.83,55.9,,48.73,-1.17,-14.84,0.545,5.199,1.302,0.0,8,384,50.5,1.0,Neutral,50.5,49.6,50.7,53.0
2014-03-05,2053.08,5.403,0.66,,52.5,1.58,1.84,1.123,0.58,47.89,,44.83,-1.91,-15.22,0.716,4.832,1.813,0.0,9,386,49.0,1.0,Neutral,49.0,47.9,49.6,49.6
2014-03-06,2059.58,5.403,0.66,,56.37,0.26,2.12,1.141,0.6,48.17,,46.46,-1.45,-14.08,1.025,4.98,1.042,0.0,10,384,49.2,1.0,Neutral,49.2,47.9,49.8,51.8
2014-03-07,2057.91,5.244,0.62,,48.33,2.37,2.37,1.091,0.08,44.88,,46.08,-1.38,-14.15,0.858,4.748,1.558,0.519,1,385,47.9,1.0,Neutral,47.9,47.6,48.6,48.8
2014-03-10,1999.07,5.364,0.65,,33.18,10.9,0.27,1.221,-3.67,23.81,,35.23,-4.02,-15.49,0.11,4.889,0.0,4.188,1,382,42.2,1.0,Neutral,42.2,42.1,42.5,40.1
2014-03-11,2001.16,6.198,0.86,,36.91,2.65,1.33,0.977,-3.39,27.11,,35.81,-3.74,-15.41,-0.397,3.845,2.089,0.783,1,383,40.2,1.0,Neutral,40.2,39.8,41.1,38.0
2014-03-12,1997.69,5.801,0.76,,39.4,1.06,0.8,1.068,-2.7,30.14,,35.25,-3.72,-15.55,-1.004,4.378,1.309,1.047,2,382,42.4,1.0,Neutral,42.4,42.1,42.7,40.4
2014-03-13,2019.11,5.721,0.74,,46.56,0.27,1.06,1.065,-1.96,33.98,,41.37,-2.54,-14.65,-1.03,4.188,1.832,0.0,2,382,43.5,1.0,Neutral,43.5,43.1,43.9,45.5
2014-03-14,2004.34,5.602,0.71,,46.62,0.8,0.8,0.927,-2.6,31.11,,38.66,-3.1,-15.27,-0.877,3.726,0.0,0.0,1,382,42.3,1.0,Neutral,42.3,42.9,43.2,42.8
2014-03-17,2023.67,5.721,0.74,,62.96,0.0,2.65,0.911,1.23,48.68,,43.85,-2.03,-14.45,-0.306,4.102,1.828,0.0,1,383,46.6,1.0,Neutral,46.6,46.9,47.3,49.8
2014-03-18,2025.2,5.602,0.71,,61.37,0.27,2.13,1.022,1.2,49.98,,44.25,-1.85,-14.17,0.369,4.71,0.785,0.0,1,382,47.8,1.0,Neutral,47.8,47.7,48.3,51.2
2014-03-19,2021.73,5.562,0.69,,60.53,1.33,1.86,1.006,1.2,49.79,,43.49,-1.92,-13.87,1.158,4.412,1.309,0.0,1,382,48.1,1.0,Neutral,48.1,47.8,49.1,50.6
2014-03-20,1993.48,5.522,0.68,,46.23,2.66,1.6,1.163,-1.27,37.85,,37.79,-3.16,-15.07,1.052,4.691,0.785,1.571,2,382,45.7,1.0,Neutral,45.7,45.1,46.5,45.2
2014-03-21,2047.62,5.721,0.73,,56.76,0.0,0.8,1.51,2.16,63.18,,51.03,-0.47,-12.76,1.383,5.728,0.522,0.0,1,383,50.8,1.0,Neutral,50.8,50.2,51.2,56.0
2014-03-24,2066.28,5.205,0.6,,51.4,0.0,2.13,1.525,2.11,63.04,,54.62,0.45,-11.25,1.605,5.883,1.312,0.525,1,381,52.2,1.0,Neutral,52.2,51.7,52.6,56.5
2014-03-25,2067.31,4.728,0.48,,51.48,0.0,0.8,1.347,2.08,59.87,,54.81,0.52,-11.21,1.612,5.085,0.262,0.262,1,381,52.5,1.0,Neutral,52.5,52.7,53.2,56.0
2014-03-26,2063.67,4.847,0.51,,52.37,0.0,1.6,1.037,2.07,54.64,,53.92,0.37,-11.36,1.433,4.238,0.0,0.0,1,380,50.3,1.0,Neutral,50.3,50.9,51.5,53.2
2014-03-27,2046.59,5.006,0.55,,53.49,0.8,1.61,1.198,2.66,60.76,,49.84,-0.42,-12.1,1.594,4.937,0.264,0.792,1,379,52.1,1.0,Neutral,52.1,52.4,52.9,53.4
2014-03-28,2041.71,5.085,0.57,,40.18,2.15,0.81,1.212,-0.29,43.72,,48.7,-0.63,-12.31,1.083,4.451,0.0,3.175,1,378,47.0,1.0,Neutral,47.0,47.7,48.0,48.3
2014-03-31,2033.31,5.125,0.58,,34.82,1.89,0.27,0.933,-1.6,35.79,,46.73,-0.98,-12.67,0.504,3.29,0.0,1.064,1,376,44.2,1.0,Neutral,44.2,45.5,46.0,42.8
2014-04-01,2047.46,5.562,0.69,,42.46,0.27,0.0,0.822,-0.96,38.34,,50.38,-0.25,-12.06,-0.138,3.064,0.265,0.0,1,377,43.3,1.0,Neutral,43.3,44.3,45.0,44.5
2014-04-02,2058.99,5.522,0.68,,41.24,0.27,0.54,1.011,-0.23,42.7,,53.19,0.36,-11.57,-0.611,3.966,0.794,0.265,1,378,44.8,1.0,Neutral,44.8,45.3,45.5,47.7
2014-04-03,2043.7,5.284,0.62,,47.33,0.27,0.54,1.066,-0.14,43.53,,49.21,-0.34,-12.22,-0.497,4.205,1.064,0.532,2,376,46.5,1.0,Neutral,46.5,46.8,47.0,49.6
2014-04-04,2058.83,5.483,0.67,,60.27,0.27,0.81,0.811,0.84,45.74,,52.96,0.42,-11.57,-0.461,3.424,0.8,0.267,3,375,45.4,1.0,Neutral,45.4,46.3,46.7,51.6
2014-04-08,2098.28,5.443,0.66,,68.94,0.27,0.82,1.301,3.2,66.06,,61.05,2.3,-9.88,-0.125,5.682,1.081,0.0,4,370,51.3,1.0,Neutral,51.3,51.0,51.1,62.4
2014-04-09,2105.24,5.046,0.56,,65.16,0.0,1.92,1.02,2.82,58.12,,62.28,2.59,-9.58,0.488,5.019,2.162,0.0,5,370,51.0,1.0,Neutral,51.0,50.4,51.3,60.0
2014-04-10,2134.3,4.966,0.54,,67.08,0.0,1.37,1.508,3.66,73.84,,66.97,3.93,-8.27,1.437,7.47,0.541,0.0,1,370,55.2,1.0,Neutral,55.2,54.6,54.9,66.6
2014-04-11,2130.54,4.807,0.5,,65.1,0.28,1.93,1.25,4.25,71.33,,65.83,3.66,-8.33,1.167,5.613,0.272,0.0,1,368,54.3,1.0,Neutral,54.3,54.6,54.6,64.0
2014-04-14,2131.54,4.966,0.54,,62.28,0.0,3.59,0.96,3.53,60.31,,66.0,3.61,-8.28,2.118,4.734,1.087,0.272,1,368,51.3,1.0,Neutral,51.3,51.1,52.4,60.2
2014-04-15,2101.6,4.966,0.54,,50.57,0.0,0.55,1.007,0.16,44.59,,57.06,2.08,-9.57,2.415,5.203,0.543,0.0,1,368,48.7,1.0,Neutral,48.7,47.4,49.7,53.9
2014-04-16,2105.12,5.085,0.57,,47.25,0.28,1.66,0.832,-0.01,42.41,,57.78,2.19,-9.42,2.154,3.956,0.0,0.0,1,367,46.6,1.0,Neutral,46.6,46.4,48.3,50.4
2014-04-17,2098.89,5.125,0.58,,45.76,0.0,2.22,0.834,-1.66,35.43,,55.98,1.82,-9.69,1.462,3.976,0.817,0.0,1,367,45.1,1.0,Neutral,45.1,44.5,46.6,49.2
2014-04-18,2097.75,5.205,0.6,,49.59,0.55,1.66,0.815,-1.54,35.91,,55.64,1.71,-9.74,1.196,3.605,0.272,0.0,1,367,44.4,1.0,Neutral,44.4,44.4,46.2,50.0
2014-04-21,2065.83,5.125,0.58,,37.33,0.84,1.11,0.889,-3.08,29.1,,47.0,0.11,-11.11,0.604,4.373,0.0,0.548,1,365,43.7,1.0,Neutral,43.7,43.5,44.5,43.8
2014-04-22,2072.83,5.403,0.65,,39.08,2.21,0.55,0.907,-1.37,36.8,,48.87,0.38,-10.81,0.173,4.344,0.545,0.545,1,367,44.5,1.0,Neutral,44.5,44.4,45.2,44.9
2014-04-23,2067.38,5.324,0.63,,36.45,1.1,0.0,0.717,-1.79,34.85,,47.47,0.07,-11.04,0.122,3.46,0.272,0.543,2,368,43.8,1.0,Neutral,43.8,44.3,45.2,40.8
2014-04-24,2057.03,5.364,0.64,,31.6,2.2,0.0,0.711,-1.99,34.11,,44.82,-0.43,-11.49,-0.222,3.405,0.0,0.272,1,367,43.0,1.0,Neutral,43.0,44.1,44.4,38.1
2014-04-25,2036.52,5.324,0.63,,22.84,7.44,0.55,0.849,-2.92,30.02,,40.06,-1.42,-12.37,-0.515,3.716,0.274,1.37,1,365,42.7,1.0,Neutral,42.7,43.4,43.6,35.8
2014-04-28,2003.49,5.642,0.71,,22.51,12.67,0.28,0.819,-3.02,29.76,,33.84,-2.98,-13.79,-0.885,3.578,0.0,5.753,1,365,41.0,1.0,Neutral,41.0,42.4,42.0,32.0
2014-04-29,2020.34,5.999,0.8,,33.87,2.75,0.28,0.695,-2.53,32.16,,39.04,-2.15,-13.07,-1.368,2.964,1.102,0.551,1,363,40.5,1.0,Neutral,40.5,41.6,41.9,35.3
2014-04-30,2026.36,5.801,0.75,,40.44,2.2,0.82,0.681,-1.98,34.17,,40.83,-1.85,-12.81,-2.205,2.671,0.549,0.824,1,364,40.8,1.0,Neutral,40.8,42.8,42.2,38.2
2014-05-05,2027.35,5.602,0.7,,51.08,1.37,0.82,0.73,-1.44,36.18,,41.14,-1.79,-12.77,-1.637,3.239,1.374,0.275,2,364,42.9,1.0,Neutral,42.9,44.0,44.0,43.1
2014-05-06,2028.04,5.761,0.74,,60.9,1.1,0.83,0.681,-0.42,39.77,,41.37,-1.75,-12.74,-0.854,3.447,0.551,0.0,2,363,43.7,1.0,Neutral,43.7,44.4,44.8,45.6
2014-05-07,2010.08,5.721,0.73,,61.68,4.41,0.0,0.677,0.33,42.4,,37.32,-2.59,-13.51,-0.54,3.011,0.551,0.551,1,363,43.9,1.0,Neutral,43.9,45.4,45.5,44.2
2014-05-08,2015.27,6.039,0.81,,54.71,2.21,0.55,0.709,-0.25,40.55,,39.17,-2.29,-13.28,-0.182,3.203,1.381,0.276,1,362,42.9,1.0,Neutral,42.9,43.6,44.4,42.6
2014-05-09,2011.13,5.88,0.77,,47.13,4.4,0.27,0.699,-0.75,38.66,,38.2,-2.41,-13.46,0.282,2.952,0.0,0.549,1,364,42.5,1.0,Neutral,42.5,43.7,44.4,39.7
2014-05-12,2052.87,5.999,0.8,,51.37,0.82,1.1,1.073,1.26,50.94,,51.3,-0.34,-11.67,0.104,4.953,4.11,0.548,1,365,46.6,1.0,Neutral,46.6,45.9,46.8,50.7
2014-05-13,2050.73,5.403,0.65,,47.28,0.55,0.27,0.902,1.12,48.06,,50.7,-0.41,-11.76,0.014,4.002,0.546,1.639,2,366,46.7,1.0,Neutral,46.7,47.4,47.5,47.7
2014-05-14,2047.91,5.284,0.62,,52.6,0.82,0.82,0.674,1.88,47.87,,49.89,-0.49,-11.88,0.043,3.016,0.824,0.549,1,364,46.2,1.0,Neutral,46.2,47.9,48.0,46.1
2014-05-15,2024.97,5.403,0.65,,43.96,1.91,0.55,0.714,0.48,43.3,,43.7,-1.52,-12.87,-0.058,3.207,0.546,0.273,2,366,45.4,1.0,Neutral,45.4,46.6,47.1,41.4
2014-05-16,2026.5,5.801,0.75,,46.25,3.27,0.54,0.631,0.76,43.43,,44.2,-1.37,-12.8,-0.138,2.705,0.0,0.817,1,367,43.2,1.0,Neutral,43.2,45.1,45.2,40.7
2014-05-19,2005.18,5.602,0.7,,33.57,5.15,0.27,0.629,-2.32,33.07,,39.03,-2.3,-13.72,-0.304,3.084,0.271,0.542,1,369,42.2,1.0,Neutral,42.2,43.3,43.9,34.7
2014-05-20,2008.12,5.92,0.78,,37.19,4.07,0.27,0.599,-2.08,33.93,,40.07,-2.05,-13.59,-0.496,2.92,0.271,0.542,1,369,41.2,1.0,Neutral,41.2,42.3,42.9,35.5
2014-05-21,2024.95,5.959,0.79,,45.71,1.08,0.81,0.613,-1.12,37.05,,45.78,-1.16,-12.87,-0.305,2.946,1.081,0.27,1,370,41.9,1.0,Neutral,41.9,42.8,43.6,40.5
2014-05-22,2021.29,5.801,0.75,,50.09,3.23,0.27,0.748,-0.18,41.08,,44.78,-1.29,-13.03,-0.336,3.471,0.806,1.344,2,372,43.7,1.0,Neutral,43.7,44.5,45.0,43.9
2014-05-23,2034.57,5.801,0.75,,56.79,1.08,0.54,0.64,0.4,42.29,,49.12,-0.64,-12.45,-0.396,3.084,1.075,0.538,1,372,43.4,1.0,Neutral,43.4,44.6,45.0,46.0
2014-05-26,2041.48,5.522,0.68,,66.42,0.27,0.54,0.718,1.81,48.31,,51.26,-0.31,-12.16,-0.458,3.929,0.806,0.0,2,372,46.6,1.0,Neutral,46.6,47.0,47.3,51.0
2014-05-27,2034.57,5.522,0.68,,60.05,3.23,0.81,0.695,1.32,46.16,,49.03,-0.63,-12.45,-0.386,3.562,0.539,1.348,2,371,45.6,1.0,Neutral,45.6,46.7,46.8,48.2
2014-05-28,2050.23,5.522,0.68,,58.93,1.62,0.54,0.846,1.25,47.9,,53.92,0.14,-11.78,-0.371,4.621,1.617,1.078,1,371,46.4,1.0,Neutral,46.4,46.6,46.7,51.7
2014-05-29,2040.6,5.443,0.65,,55.56,4.32,0.27,0.85,0.96,46.69,,50.7,-0.31,-12.2,-0.269,4.308,0.0,0.27,1,370,46.2,1.0,Neutral,46.2,46.9,46.7,49.7
2014-05-30,2039.21,5.642,0.71,,50.13,2.7,0.27,0.792,0.23,43.05,,50.24,-0.35,-12.25,-0.344,3.726,0.811,0.811,1,370,44.5,1.0,Neutral,44.5,45.3,45.5,46.6
2014-06-03,2038.31,5.721,0.73,,42.46,4.04,1.08,0.76,-0.16,41.27,,49.91,-0.38,-12.29,-0.373,3.855,0.809,0.27,1,371,44.1,1.0,Neutral,44.1,44.5,45.0,43.2
2014-06-04,2024.83,5.721,0.73,,41.11,6.2,1.08,0.774,-0.48,40.08,,45.27,-1.01,-12.87,-0.381,3.589,0.539,0.27,2,371,43.9,1.0,Neutral,43.9,44.4,45.0,41.4
2014-06-05,2040.88,6.158,0.84,,42.54,0.82,1.36,0.731,-0.46,39.92,,51.11,-0.21,-12.18,-0.68,3.471,1.359,0.0,3,368,42.4,1.0,Neutral,42.4,42.4,43.6,42.5
2014-06-06,2029.96,5.763,0.74,,46.45,4.34,1.08,0.715,-0.52,39.58,,47.4,-0.77,-12.65,-0.659,3.617,0.542,0.0,1,369,43.5,1.0,Neutral,43.5,44.1,44.5,43.0
2014-06-09,2030.5,6.081,0.82,,42.36,7.05,0.27,0.708,-0.43,39.89,,47.6,-0.77,-12.63,-0.054,3.602,1.355,0.542,1,369,42.7,1.0,Neutral,42.7,43.0,44.0,41.1
2014-06-10,2052.53,6.121,0.83,,51.04,0.81,1.08,0.874,0.7,45.85,,55.18,0.26,-11.68,0.076,4.34,0.0,0.27,1,371,43.6,1.0,Neutral,43.6,43.7,44.3,49.0
2014-06-11,2054.95,5.723,0.72,,58.24,1.35,0.54,0.821,1.49,48.56,,55.93,0.35,-11.58,0.131,4.204,0.541,1.081,1,370,45.4,1.0,Neutral,45.4,45.8,46.2,51.4
2014-06-12,2051.71,5.684,0.71,,47.76,2.43,0.81,0.905,0.53,45.42,,54.61,0.16,-11.72,0.572,4.211,1.617,0.809,1,371,45.4,1.0,Neutral,45.4,45.3,46.3,48.7
2014-06-13,2070.72,5.684,0.71,,56.7,0.81,0.81,1.078,2.01,54.97,,60.51,1.04,-10.66,0.43,4.89,1.897,0.271,2,369,47.9,1.0,Neutral,47.9,47.3,48.3,56.0
2014-06-16,2085.98,5.644,0.7,,64.02,0.81,0.81,1.062,2.73,58.49,,64.51,1.74,-9.33,0.776,5.299,1.626,0.271,1,369,48.8,1.0,Neutral,48.8,48.2,49.1,59.6
2014-06-17,2066.7,5.485,0.66,,50.81,3.5,0.54,0.972,0.69,46.87,,56.7,0.76,-10.11,1.529,4.903,0.27,0.539,1,371,46.9,1.0,Neutral,46.9,46.2,47.7,52.0
2014-06-18,2055.52,5.644,0.7,,44.61,4.34,0.27,0.967,0.03,43.63,,52.72,0.17,-9.54,2.362,4.825,0.542,0.542,1,369,46.3,1.0,Neutral,46.3,45.1,47.6,48.4
2014-06-19,2023.73,5.882,0.76,,39.65,14.59,0.27,1.035,-1.36,37.07,,43.39,-1.36,-10.89,2.401,4.935,0.0,2.703,1,370,44.1,1.0,Neutral,44.1,43.1,45.3,44.0
2014-06-20,2026.67,6.399,0.9,,39.4,3.5,0.27,0.755,-2.13,33.55,,44.37,-1.19,-10.15,2.593,3.196,1.078,0.0,1,371,41.2,1.0,Neutral,41.2,40.2,43.9,39.7
2014-06-23,2024.37,6.359,0.89,,40.22,2.71,1.08,0.805,-2.95,30.09,,43.73,-1.27,-10.25,2.117,3.471,0.542,0.542,2,369,40.6,1.0,Neutral,40.6,39.4,42.8,40.5
2014-06-24,2033.93,6.24,0.85,,50.37,0.54,1.08,0.823,-1.59,35.73,,47.14,-0.78,-9.83,1.293,3.703,1.084,0.542,1,369,41.9,1.0,Neutral,41.9,41.3,43.6,45.7
2014-06-25,2025.5,6.2,0.84,,50.97,2.71,0.54,0.785,-1.46,36.2,,44.58,-1.17,-10.2,0.531,3.469,0.542,0.0,3,369,42.1,1.0,Neutral,42.1,41.6,43.7,44.6
2014-06-26,2038.68,6.272,0.86,,67.61,0.54,1.36,0.95,0.74,46.86,,49.22,-0.52,-9.62,-0.01,4.128,2.174,0.0,4,368,44.8,1.0,Neutral,44.8,44.0,45.5,53.4
2014-06-27,2036.51,6.114,0.82,,64.69,0.82,1.9,1.155,0.49,47.68,,48.5,-0.63,-9.71,-0.312,4.734,1.359,0.272,5,368,45.7,1.0,Neutral,45.7,44.9,45.9,55.0
2014-06-30,2048.33,5.992,0.79,,63.81,0.55,2.74,1.143,1.18,51.46,,52.57,-0.06,-9.19,0.187,5.285,1.096,0.0,1,365,46.7,1.0,Neutral,46.7,45.9,46.7,56.2
2014-07-01,2050.38,5.791,0.74,,62.51,0.0,1.63,1.161,0.81,49.57,,53.26,0.05,-9.1,0.543,5.245,0.813,0.271,6,369,47.3,1.0,Neutral,47.3,46.1,47.5,56.5
2014-07-02,2059.42,5.745,0.73,,68.14,0.27,2.17,1.293,1.67,56.44,,56.29,0.48,-8.7,0.737,5.438,1.355,0.0,2,369,48.7,1.0,Neutral,48.7,47.7,48.9,60.0
2014-07-03,2063.23,5.743,0.72,,62.37,0.0,3.24,1.451,1.2,55.57,,57.53,0.66,-8.53,1.423,5.993,2.162,0.0,1,370,48.8,1.0,Neutral,48.8,47.4,49.1,60.2
2014-07-04,2059.38,5.505,0.66,,57.81,0.82,2.17,1.23,1.12,52.21,,55.8,0.5,-8.7,1.757,5.189,0.272,0.815,1,368,48.3,1.0,Neutral,48.3,47.6,49.0,56.8
2014-07-07,2059.93,5.624,0.69,,52.74,1.37,2.19,1.144,0.57,48.03,,56.0,0.57,-8.68,1.978,5.282,0.82,0.546,1,366,47.2,1.0,Neutral,47.2,46.0,48.0,54.4
2014-07-08,2064.02,5.584,0.68,,52.57,0.55,4.64,1.121,0.67,48.33,,57.57,0.83,-8.49,2.2,5.279,1.093,0.0,1,366,47.6,1.0,Neutral,47.6,46.0,48.5,54.8
2014-07-09,2038.61,5.465,0.65,,43.76,3.28,1.64,1.353,-1.01,39.97,,46.5,-0.34,-9.62,2.304,6.031,1.093,0.273,1,366,47.1,1.0,Neutral,47.1,45.2,47.7,50.2
2014-07-10,2038.34,5.861,0.75,,42.28,3.0,2.72,1.174,-1.21,38.23,,46.4,-0.28,-9.63,2.363,5.077,2.18,0.0,2,367,45.6,1.0,Neutral,45.6,43.3,46.6,47.7
2014-07-11,2046.96,5.782,0.73,,48.81,0.54,2.98,1.26,-0.6,42.12,,50.16,0.19,-9.25,2.517,4.907,1.355,0.0,1,369,46.2,1.0,Neutral,46.2,44.5,47.5,52.0
2014-07-14,2066.65,5.584,0.68,,56.88,0.54,4.59,1.381,0.33,48.88,,57.5,1.18,-8.38,2.43,6.058,2.973,0.27,2,370,48.4,1.0,Neutral,48.4,46.2,49.1,58.3
2014-07-15,2070.36,5.307,0.61,,52.77,0.81,3.79,1.486,0.31,49.71,,58.73,1.39,-8.21,2.16,5.879,2.168,0.542,3,369,49.1,1.0,Neutral,49.1,47.3,49.7,58.5
2014-07-16,2067.28,5.267,0.6,,55.42,1.63,2.17,1.626,1.41,59.39,,57.25,1.26,-8.35,2.146,5.562,0.543,1.087,4,368,51.1,1.0,Neutral,51.1,50.2,51.9,59.6
2014-07-17,2055.59,5.188,0.58,,51.31,1.9,1.63,1.227,0.85,50.54,,51.89,0.7,-8.87,1.769,4.227,0.0,0.272,1,368,48.5,1.0,Neutral,48.5,48.8,49.9,54.2
2014-07-18,2059.07,5.186,0.58,,47.25,1.91,1.36,1.25,0.59,49.27,,53.29,0.88,-8.71,1.179,4.201,0.272,0.272,1,367,48.1,1.0,Neutral,48.1,48.3,49.2,53.4
2014-07-21,2054.48,4.988,0.53,,37.54,1.64,1.64,1.099,-0.59,41.36,,51.17,0.67,-8.92,0.601,4.185,0.82,0.273,2,366,47.2,1.0,Neutral,47.2,47.2,48.1,48.4
2014-07-22,2075.48,5.384,0.63,,46.19,0.0,3.55,1.438,0.25,48.86,,59.17,1.68,-7.99,0.6,5.685,2.732,0.0,3,366,48.2,1.0,Neutral,48.2,46.8,48.3,56.1
2014-07-23,2078.49,4.988,0.53,,46.31,2.72,1.91,1.588,0.54,52.41,,60.18,1.79,-7.85,0.904,6.135,0.817,0.545,4,367,50.0,1.0,Neutral,50.0,49.1,50.1,57.8
2014-07-24,2105.06,4.949,0.52,,49.63,2.73,1.64,1.9,2.41,70.22,,67.74,3.01,-6.67,1.261,7.315,1.093,0.546,2,366,54.2,1.0,Neutral,54.2,53.5,53.9,62.9
2014-07-25,2126.61,4.711,0.46,,55.52,0.54,2.17,1.611,3.28,73.41,,72.33,3.97,-5.72,1.419,6.181,1.63,0.0,3,368,55.6,1.0,Neutral,55.6,55.2,55.8,65.7
2014-07-28,2177.95,4.473,0.4,,67.45,0.0,2.71,2.637,6.01,92.0,,79.73,6.35,-3.44,0.966,9.35,2.168,0.0,2,369,61.1,1.0,Optimistic,61.1,60.6,59.9,75.1
2014-07-29,2183.19,4.157,0.31,,64.38,0.0,3.25,2.171,5.19,92.0,,80.31,6.47,-3.21,1.158,8.72,1.897,0.271,5,369,62.0,1.0,Optimistic,62.0,61.8,61.1,74.1
2014-07-30,2181.24,4.038,0.28,,70.34,0.0,5.41,1.962,4.94,91.53,,79.4,6.25,-3.3,1.667,8.359,2.703,0.0,6,370,62.6,1.0,Optimistic,62.6,62.1,62.1,75.1
2014-07-31,2201.56,4.033,0.28,,74.94,0.0,4.86,1.714,4.58,86.13,,81.72,7.07,-2.4,2.126,7.625,1.081,0.0,2,370,60.7,1.0,Optimistic,60.7,60.6,60.7,75.9
2014-08-01,2185.3,3.907,0.25,,62.53,0.0,3.25,1.962,2.76,73.18,,74.49,6.13,-3.12,2.214,7.919,0.542,0.0,3,369,58.7,1.0,Neutral,58.7,58.0,58.6,72.5
2014-08-04,2223.33,4.025,0.28,,62.21,0.0,5.15,1.75,2.08,66.66,,79.14,7.79,-1.43,3.608,7.805,1.626,0.271,2,369,56.9,1.0,Neutral,56.9,55.4,57.4,73.1
2014-08-05,2219.95,3.748,0.21,,60.44,0.0,5.14,1.734,1.68,63.15,,77.78,7.48,-1.58,3.913,8.348,1.617,0.0,2,370,58.0,1.0,Neutral,58.0,56.1,58.4,72.7
2014-08-06,2217.47,3.708,0.2,,58.71,0.0,5.15,1.74,1.66,63.06,,76.74,7.22,-1.69,3.775,8.498,0.541,0.0,1,370,57.9,1.0,Neutral,57.9,56.4,58.2,72.0
2014-08-07,2187.67,3.748,0.21,,48.37,0.0,2.43,1.694,-0.63,44.16,,65.42,5.66,-3.01,3.699,7.961,0.539,0.0,2,371,53.9,1.0,Neutral,53.9,51.6,54.3,64.9
2014-08-08,2194.43,3.904,0.25,,57.79,0.0,5.41,1.285,0.42,48.56,,66.63,5.84,-2.71,4.174,6.218,0.809,0.0,3,371,53.6,1.0,Neutral,53.6,51.7,54.8,65.8
2014-08-11,2224.65,3.943,0.26,,57.8,0.0,7.82,1.418,0.06,47.42,,71.41,7.13,-1.37,3.778,7.223,1.882,0.269,4,372,53.1,1.0,Neutral,53.1,50.7,53.8,68.5
2014-08-12,2221.59,3.785,0.22,,56.28,0.0,8.09,1.439,0.07,47.69,,70.31,6.8,-1.51,4.094,7.642,1.882,0.0,5,372,54.5,1.0,Neutral,54.5,51.8,55.2,68.2
2014-08-13,2222.88,3.746,0.21,,54.58,0.0,6.49,1.633,0.24,50.57,,70.52,6.67,-1.45,4.281,8.277,1.078,0.27,3,371,55.3,1.0,Neutral,55.3,52.8,55.8,68.7
2014-08-14,2206.47,3.746,0.21,,56.27,0.0,2.98,1.533,0.86,54.14,,64.39,5.73,-2.18,4.404,7.64,0.811,0.541,3,370,56.3,1.0,Neutral,56.3,54.4,57.1,66.9
2014-08-15,2226.73,3.785,0.22,,59.12,0.27,5.69,1.329,1.47,55.7,,68.08,6.53,-1.28,4.447,7.042,1.351,0.27,2,370,55.9,1.0,Neutral,55.9,54.1,56.9,67.8
2014-08-18,2239.47,3.667,0.19,,57.71,0.0,9.73,1.437,0.67,51.72,,70.17,6.96,-0.72,4.918,8.118,1.887,0.0,3,371,56.4,1.0,Neutral,56.4,53.6,57.2,69.2
2014-08-19,2245.33,3.509,0.15,,56.45,0.0,7.57,1.536,1.07,55.69,,71.11,7.07,-0.46,4.586,8.861,2.156,0.0,4,371,58.3,1.0,Neutral,58.3,55.7,58.7,70.0
2014-08-20,2240.21,3.549,0.16,,57.74,0.27,5.14,1.427,0.78,52.38,,69.07,6.65,-0.68,4.254,7.705,1.887,0.27,5,371,56.9,1.0,Neutral,56.9,54.7,57.6,69.0
2014-08-21,2230.46,3.47,0.14,,59.75,0.0,6.47,1.39,1.09,54.01,,65.22,6.04,-1.11,4.268,7.804,2.419,0.0,6,372,58.4,1.0,Neutral,58.4,56.1,59.0,68.4
2014-08-22,2240.81,3.626,0.18,,56.82,0.27,9.16,1.328,0.63,50.33,,67.3,6.36,-0.66,4.251,7.295,1.882,0.0,7,372,56.3,1.0,Neutral,56.3,53.8,57.1,67.3
2014-08-25,2229.27,3.467,0.14,,45.11,0.27,7.08,1.33,-0.46,43.43,,62.8,5.65,-1.17,4.042,7.281,1.084,0.0,8,368,55.9,1.0,Neutral,55.9,53.6,56.7,62.2
2014-08-26,2207.11,3.586,0.17,,38.34,0.0,2.46,1.325,-1.7,35.48,,55.15,4.46,-2.15,4.011,6.931,0.815,0.815,9,368,53.6,1.0,Neutral,53.6,51.2,54.5,56.9
2014-08-27,2209.47,3.704,0.2,,42.05,0.27,4.1,0.968,-1.37,36.9,,55.77,4.42,-2.05,3.783,5.506,2.174,0.272,10,368,53.0,1.0,Neutral,53.0,50.9,54.4,54.7
2014-08-28,2195.82,3.861,0.24,,39.98,0.27,2.74,0.988,-1.55,36.05,,51.37,3.65,-2.65,4.303,6.013,1.09,0.545,3,367,51.8,1.0,Neutral,51.8,49.7,53.2,52.3
2014-08-29,2217.2,4.019,0.28,,43.45,0.0,3.54,0.831,-1.05,37.98,,57.08,4.51,-1.7,4.369,4.766,1.084,0.0,4,369,51.0,1.0,Neutral,51.0,49.1,53.0,52.9
2014-09-01,2235.51,3.783,0.22,,56.65,0.0,6.3,1.015,0.28,45.27,,61.28,5.2,-0.89,4.319,6.413,1.362,0.0,5,367,54.4,1.0,Neutral,54.4,52.2,55.7,62.0
2014-09-02,2266.05,3.743,0.21,,72.3,0.0,7.92,1.497,2.67,66.57,,67.07,6.46,0.0,3.361,8.13,2.174,0.272,6,368,59.1,1.0,Neutral,59.1,57.5,59.3,72.6
2014-09-03,2288.63,3.428,0.13,,73.82,0.0,10.38,1.631,3.58,76.17,,70.57,7.32,0.0,2.612,8.994,2.446,0.0,7,368,62.9,1.0,Optimistic,62.9,61.7,62.5,75.4
2014-09-04,2306.86,3.428,0.13,,82.42,0.0,13.19,1.505,5.06,83.34,,73.06,7.96,0.0,2.134,9.065,2.459,0.273,8,366,64.1,1.0,Optimistic,64.1,63.4,63.5,77.5
2014-09-05,2326.43,3.269,0.08,,76.73,0.0,10.63,1.585,4.93,85.13,,75.46,8.66,0.0,1.778,8.895,2.439,0.0,4,369,65.0,1.0,Optimistic,65.0,64.9,64.4,77.7
2014-09-09,2326.53,3.11,0.04,,69.32,0.0,12.88,1.444,4.07,75.16,,75.47,8.46,0.0,2.389,9.17,2.446,0.0,5,367,64.1,1.0,Optimistic,64.1,63.4,63.6,75.5
2014-09-10,2318.3,3.105,0.04,,61.95,0.0,14.01,1.374,2.31,61.81,,72.33,7.87,-0.35,4.113,8.318,2.168,0.0,6,367,61.6,1.0,Optimistic,61.6,59.9,62.1,72.3
2014-09-11,2311.68,3.145,0.05,,56.01,0.0,10.44,1.589,1.01,55.9,,69.81,7.35,-0.64,5.429,10.136,2.439,0.271,7,369,61.2,1.0,Optimistic,61.2,58.2,61.3,70.8
2014-09-12,2331.95,3.181,0.06,,57.85,0.0,15.62,1.362,1.09,53.66,,72.92,8.03,0.0,5.13,7.648,3.784,0.0,8,370,59.8,1.0,Neutral,59.8,57.2,60.8,70.9
2014-09-15,2339.14,2.985,0.01,,60.48,0.0,17.13,1.496,0.55,51.5,,73.94,8.1,0.0,6.839,9.101,3.27,0.272,4,367,60.6,1.0,Optimistic,60.6,57.9,61.3,73.5
2014-09-16,2296.55,2.867,-0.02,,50.94,0.0,4.16,2.07,-1.29,39.18,,59.57,5.91,-1.82,6.44,10.982,1.639,3.279,4,366,59.3,1.0,Neutral,59.3,56.7,59.5,68.3
2014-09-17,2307.89,3.064,0.03,,54.12,0.0,7.44,1.405,-0.45,43.91,,61.7,6.21,-1.34,5.736,7.125,3.261,0.0,9,368,59.1,1.0,Neutral,59.1,56.6,60.4,66.8
2014-09-18,2315.93,2.867,-0.02,,59.38,0.0,6.87,1.241,0.18,46.73,,63.19,6.35,-0.99,5.108,6.544,2.71,0.0,6,369,60.1,1.0,Optimistic,60.1,58.4,61.5,68.3
2014-09-19,2329.45,2.828,-0.03,,57.05,0.0,9.04,1.131,-0.11,44.18,,65.6,6.73,-0.41,4.412,6.42,3.243,0.0,7,370,59.4,1.0,Neutral,59.4,57.7,60.6,67.6
2014-09-22,2289.87,2.71,-0.06,,47.21,0.0,5.21,1.127,-2.11,33.16,,54.36,4.71,-2.11,4.487,7.561,1.622,0.541,8,370,58.4,1.0,Neutral,58.4,56.4,59.3,60.7
2014-09-23,2309.72,2.985,0.01,,62.82,0.0,7.4,0.997,0.57,46.56,,58.22,5.41,-1.26,4.467,6.57,1.351,0.0,9,370,59.6,1.0,Neutral,59.6,58.0,60.8,65.1
2014-09-24,2343.57,2.867,-0.02,,66.38,0.0,12.77,1.406,1.55,57.28,,63.85,6.72,0.0,5.81,9.7,2.681,0.0,10,373,63.8,1.0,Optimistic,63.8,61.1,64.2,72.0
2014-09-25,2345.1,2.71,-0.06,,60.64,0.0,9.76,1.407,1.26,55.38,,64.08,6.56,0.0,6.617,9.865,1.872,0.0,11,374,64.4,1.0,Optimistic,64.4,61.7,64.7,70.8
2014-09-26,2347.72,2.748,-0.05,,57.77,0.0,9.81,1.077,0.78,48.49,,64.51,6.45,0.0,7.082,7.407,1.075,0.269,12,372,61.5,1.0,Optimistic,61.5,59.5,62.9,67.3
2014-09-29,2357.71,2.708,-0.06,,68.82,0.0,16.62,1.226,2.96,63.08,,66.16,6.66,0.0,4.768,7.684,1.882,0.0,7,372,64.6,1.0,Optimistic,64.6,63.5,65.5,72.2
2014-09-30,2363.87,2.668,-0.07,,63.48,0.0,18.5,1.177,2.34,58.53,,67.17,6.69,0.0,1.725,7.1,2.91,0.0,8,378,62.5,1.0,Optimistic,62.5,62.4,62.5,70.8
2014-10-08,2382.79,2.746,-0.05,,61.35,0.27,22.76,1.229,1.67,55.47,,70.13,7.29,0.0,2.564,10.253,2.139,0.0,9,374,62.5,1.0,Optimistic,62.5,60.7,61.8,71.4
2014-10-09,2389.37,2.662,-0.07,,62.74,0.0,15.45,1.403,1.89,59.52,,71.1,7.3,0.0,2.786,10.166,2.4,0.0,10,374,64.0,1.0,Optimistic,64.0,62.3,63.3,73.5
2014-10-10,2374.54,2.541,-0.1,,57.78,0.0,8.17,1.32,1.14,53.48,,65.88,6.37,-0.62,3.248,9.074,1.07,0.0,11,373,63.5,1.0,Optimistic,63.5,62.1,63.3,69.9
2014-10-13,2366.01,2.579,-0.09,,51.84,0.0,11.48,1.166,0.35,47.04,,63.02,5.74,-0.98,5.335,8.222,2.145,0.0,12,373,62.7,1.0,Optimistic,62.7,60.4,63.5,65.7
2014-10-14,2359.47,2.54,-0.1,,46.76,0.0,7.95,1.132,-0.19,43.75,,60.84,5.21,-1.25,8.49,7.809,1.882,0.269,13,372,62.4,1.0,Optimistic,62.4,60.1,63.8,62.9
2014-10-15,2373.67,2.539,-0.1,,42.63,0.0,6.59,1.157,-0.38,42.82,,63.77,5.61,-0.66,6.447,8.032,1.348,0.0,14,371,61.9,1.0,Optimistic,61.9,59.5,63.0,62.6
2014-10-16,2356.5,2.461,-0.13,,37.7,0.0,5.51,1.405,-1.38,37.7,,58.1,4.62,-1.38,5.059,8.465,2.162,0.811,15,370,61.6,1.0,Optimistic,61.6,59.3,62.3,61.0
2014-10-17,2341.18,2.617,-0.08,,36.25,0.0,4.42,1.19,-1.4,37.13,,53.53,3.72,-2.02,4.128,7.158,1.897,0.813,7,369,59.6,1.0,Neutral,59.6,58.2,60.4,56.9
2014-10-20,2356.73,2.812,-0.03,,44.18,0.0,6.3,0.888,-0.39,41.12,,57.21,4.18,-1.37,3.132,5.823,1.613,0.0,8,372,58.7,1.0,Neutral,58.7,57.9,59.7,57.0
2014-10-21,2339.66,2.734,-0.05,,42.55,0.0,3.01,0.932,-0.84,39.31,,52.31,3.21,-2.08,2.671,6.076,0.804,0.536,9,373,58.6,1.0,Neutral,58.6,58.2,59.4,55.4
2014-10-22,2326.55,2.812,-0.03,,34.93,0.0,2.19,0.837,-1.98,34.05,,48.85,2.44,-2.63,2.199,5.869,0.536,0.536,10,373,56.9,1.0,Neutral,56.9,56.4,57.5,49.9
2014-10-23,2302.42,2.852,-0.02,,34.14,0.0,1.91,0.889,-2.29,32.62,,43.18,1.21,-3.64,2.806,6.063,0.804,1.34,10,373,56.8,1.0,Neutral,56.8,56.1,57.6,48.2
2014-10-24,2302.28,3.125,0.05,,41.33,0.0,1.64,0.721,-1.66,35.34,,43.15,1.06,-3.64,3.152,4.765,1.34,0.268,11,373,55.8,1.0,Neutral,55.8,55.0,57.3,47.4
2014-10-27,2290.44,3.086,0.04,,38.61,0.0,2.48,0.713,-2.81,31.07,,40.48,0.42,-4.14,3.203,4.872,1.081,0.811,12,370,55.1,1.0,Neutral,55.1,54.2,56.6,45.4
2014-10-28,2337.87,3.164,0.06,,52.82,0.0,6.58,0.978,-0.08,43.21,,53.02,2.38,-2.16,2.185,6.341,1.344,0.0,13,372,57.6,1.0,Neutral,57.6,56.6,58.1,58.3
2014-10-29,2373.03,2.773,-0.04,,65.22,0.54,9.26,1.462,2.0,61.24,,59.78,3.78,-0.68,1.56,8.921,3.743,0.535,14,374,64.1,1.0,Optimistic,64.1,63.3,63.3,70.0
2014-10-30,2391.08,2.497,-0.12,,70.24,0.27,8.72,1.613,3.85,77.78,,62.75,4.41,0.0,1.353,8.955,1.604,0.267,15,374,68.7,1.0,Optimistic,68.7,69.1,67.8,73.8
2014-10-31,2420.18,2.457,-0.13,,68.39,0.0,7.36,1.765,5.12,90.99,,66.97,5.51,0.0,1.017,9.398,1.07,0.0,16,374,71.5,1.0,Optimistic,71.5,72.4,70.4,75.5
2014-11-03,2430.03,2.34,-0.16,,67.41,0.0,11.75,1.596,6.09,86.01,,68.29,5.75,0.0,1.53,8.949,3.217,0.0,17,373,71.3,1.0,Optimistic,71.3,71.7,70.5,75.3
2014-11-04,2430.68,2.182,-0.2,,55.28,0.0,7.61,1.635,3.97,79.23,,68.37,5.62,0.0,2.897,8.85,1.604,0.0,18,374,71.0,1.0,Optimistic,71.0,71.0,70.8,72.3
2014-11-05,2419.25,1.83,-0.29,,47.2,0.0,5.43,1.378,1.95,59.53,,64.92,4.97,-0.47,3.722,7.949,1.604,0.0,19,374,69.2,1.0,Optimistic,69.2,68.9,69.7,67.9
2014-11-06,2425.86,2.102,-0.22,,52.66,0.27,9.04,1.152,1.45,53.09,,65.99,5.1,-0.2,3.645,7.002,0.809,0.0,20,371,65.4,1.0,Optimistic,65.4,64.9,66.2,67.6
2014-11-07,2418.17,1.946,-0.26,,47.42,0.54,6.52,1.505,-0.08,47.11,,63.55,4.59,-0.51,3.638,9.441,0.802,0.0,21,374,66.2,1.0,Optimistic,66.2,64.7,66.0,68.0
2014-11-10,2473.67,2.218,-0.19,,48.87,0.27,8.45,1.539,1.8,61.02,,71.67,6.78,0.0,3.144,9.053,2.145,0.268,22,373,66.6,1.0,Optimistic,66.6,65.6,66.4,70.8
2014-11-11,2469.67,1.906,-0.27,,44.01,0.82,3.26,2.079,1.6,63.48,,70.45,6.42,-0.16,2.955,12.05,0.804,2.413,2,373,68.3,1.0,Optimistic,68.3,68.6,67.4,71.5
2014-11-12,2494.48,2.061,-0.23,,53.54,0.0,7.3,1.249,3.11,64.43,,73.47,7.28,0.0,2.679,7.543,2.66,0.0,23,376,67.7,1.0,Optimistic,67.7,67.5,67.9,71.3
2014-11-13,2485.61,1.867,-0.28,,44.96,0.27,4.07,1.445,2.46,64.15,,70.69,6.7,-0.36,2.392,9.454,1.6,0.533,4,375,68.7,1.0,Optimistic,68.7,69.1,68.0,69.5
2014-11-14,2478.82,1.828,-0.29,,49.28,0.0,3.23,1.071,2.51,57.48,,68.56,6.2,-0.63,2.428,6.735,0.531,1.592,1,377,65.9,1.0,Optimistic,65.9,67.9,66.3,67.5
2014-11-17,2474.01,2.1,-0.22,,49.18,0.0,2.99,1.042,0.01,44.15,,67.01,5.8,-0.82,2.307,7.111,1.07,0.0,1,374,61.9,1.0,Optimistic,61.9,62.4,62.1,65.7
2014-11-18,2456.37,2.023,-0.24,,57.81,0.0,5.93,0.967,-0.54,40.9,,61.54,4.89,-1.53,2.098,6.149,1.326,0.0,2,377,62.0,1.0,Optimistic,62.0,62.7,62.5,66.0
2014-11-19,2450.99,2.178,-0.2,,52.31,0.27,4.07,0.893,-1.74,35.09,,59.93,4.5,-1.74,2.091,6.49,1.6,0.0,1,375,59.9,1.0,Neutral,59.9,60.3,60.3,62.2
2014-11-20,2452.66,2.217,-0.19,,55.28,0.27,5.21,0.793,-1.33,36.75,,60.28,4.42,-1.68,2.077,5.604,0.809,0.0,2,371,59.8,1.0,Neutral,59.8,60.4,60.5,61.7
2014-11-21,2486.79,2.178,-0.2,,61.89,0.27,6.58,1.017,0.32,45.5,,66.64,5.68,-0.31,2.388,7.641,0.809,0.0,2,371,62.2,1.0,Optimistic,62.2,62.3,62.2,69.4
2014-11-24,2532.88,1.906,-0.27,,62.4,0.27,10.63,1.735,2.38,68.81,,72.94,7.42,0.0,4.567,13.848,1.344,0.0,3,372,70.9,1.0,Optimistic,70.9,69.9,70.3,77.4
2014-11-25,2567.6,1.75,-0.31,,67.26,0.0,12.02,1.476,4.53,79.19,,76.53,8.63,0.0,6.134,11.775,1.892,0.0,1,370,74.0,1.0,Optimistic,74.0,74.0,74.1,79.1
2014-11-26,2604.34,1.673,-0.33,,65.72,0.0,10.41,1.565,6.26,85.09,,79.62,9.88,0.0,7.325,12.662,1.355,0.0,2,369,76.3,1.0,Optimistic,76.3,76.3,76.4,80.5
2014-11-27,2630.49,1.555,-0.36,,69.27,0.0,14.01,1.668,7.25,88.11,,81.48,10.65,0.0,7.537,12.535,2.174,0.0,3,368,78.0,1.0,Optimistic,78.0,78.0,78.1,82.6
2014-11-28,2682.84,1.477,-0.38,,60.91,0.0,10.93,2.095,7.88,92.0,,84.53,12.47,0.0,8.109,14.212,1.078,0.0,4,371,79.7,1.0,Optimistic,79.7,79.8,79.6,83.0
2014-12-01,2680.16,1.205,-0.45,,51.47,0.28,7.18,1.959,5.81,92.0,,83.77,11.99,-0.1,6.934,13.838,1.09,0.817,1,367,80.9,1.0,Greed,80.9,82.2,80.7,80.2
2014-12-02,2763.55,1.166,-0.46,,52.55,0.0,12.64,1.872,7.63,92.0,,87.53,15.06,0.0,5.941,13.436,1.626,0.0,1,369,81.2,1.0,Greed,81.2,82.4,81.0,81.4
2014-12-03,2779.53,0.892,-0.53,,54.84,0.0,15.62,2.353,6.73,92.0,,88.1,15.31,0.0,5.393,18.045,2.419,0.269,2,370,83.6,1.0,Greed,83.6,84.8,83.0,84.4
2014-12-04,2899.46,0.853,-0.54,,58.1,0.0,23.84,2.173,10.23,92.0,,91.31,19.78,0.0,7.717,18.415,5.63,0.0,3,372,84.2,1.0,Greed,84.2,84.6,83.9,86.5
2014-12-05,2937.65,0.697,-0.58,,54.26,0.0,8.79,2.558,9.5,92.0,,92.05,20.83,0.0,7.691,19.926,2.688,2.419,2,372,84.5,1.0,Greed,84.5,85.9,84.1,86.5
2014-12-08,3020.26,0.814,-0.55,,58.57,0.0,13.74,2.279,12.69,92.0,,93.35,23.64,0.0,9.196,18.836,5.391,0.27,3,371,84.4,1.0,Greed,84.4,84.8,84.2,87.3
2014-12-09,2856.27,0.658,-0.59,,43.75,1.36,2.72,2.924,3.36,78.18,,69.05,16.51,-5.43,9.78,22.663,1.609,13.673,4,373,82.5,1.0,Greed,82.5,83.7,82.4,78.7
2014-12-10,2940.01,0.852,-0.54,,50.29,0.0,13.55,1.875,5.77,92.0,,72.93,19.42,-2.66,9.372,14.563,6.417,0.0,5,374,85.0,1.0,Greed,85.0,85.2,85.0,80.3
2014-12-11,2925.74,0.736,-0.57,,49.55,0.0,13.48,1.73,0.91,56.8,,71.29,18.35,-3.13,7.057,13.093,4.255,0.266,6,376,77.6,1.0,Optimistic,77.6,77.1,77.5,79.2
2014-12-12,2938.17,0.619,-0.6,,60.08,0.0,9.73,1.445,0.02,47.35,,71.88,18.37,-2.72,6.23,11.41,2.667,0.0,7,375,76.0,1.0,Optimistic,76.0,75.6,76.1,82.0
2014-12-15,2953.42,0.619,-0.6,,65.45,0.0,15.55,1.395,-2.21,32.11,,72.63,18.49,-2.21,4.536,11.978,2.91,0.0,8,378,72.4,1.0,Optimistic,72.4,71.5,72.1,83.4
2014-12-16,3021.52,0.658,-0.59,,70.0,0.0,9.28,1.565,5.79,85.1,,75.73,20.64,0.0,4.262,13.783,2.094,0.0,9,382,83.7,1.0,Greed,83.7,84.9,83.1,86.9
2014-12-17,3061.02,0.581,-0.61,,55.03,0.0,5.82,1.855,4.12,84.58,,77.33,21.61,0.0,5.115,15.522,1.567,0.0,10,383,84.5,1.0,Greed,84.5,85.3,83.9,84.4
2014-12-18,3057.52,0.542,-0.62,,48.75,0.0,4.26,1.463,4.5,78.64,,76.85,20.87,-0.11,5.629,12.303,1.05,0.0,4,381,82.7,1.0,Greed,82.7,84.0,82.6,80.6
2014-12-19,3108.6,0.658,-0.59,,40.39,0.54,8.85,1.724,5.8,89.78,,78.92,22.27,0.0,6.806,13.028,2.116,0.794,5,378,84.4,1.0,Greed,84.4,85.8,84.3,78.8
2014-12-22,3127.45,0.387,-0.66,,28.06,2.14,4.83,2.206,5.89,92.0,,79.65,22.34,0.0,5.845,14.176,1.323,16.138,2,378,84.9,1.0,Greed,84.9,87.7,84.6,76.8
2014-12-23,3032.61,0.348,-0.67,,28.06,1.89,0.81,1.384,0.37,49.17,,67.14,18.07,-3.03,4.128,9.582,1.064,1.596,2,376,75.8,1.0,Optimistic,75.8,77.5,75.8,69.8
2014-12-24,2972.53,0.542,-0.62,,40.63,0.0,3.52,1.174,-2.89,28.63,,60.64,15.26,-4.95,2.129,8.586,3.209,0.0,3,374,70.9,1.0,Optimistic,70.9,71.9,70.5,69.7
2014-12-25,3072.54,0.581,-0.61,,48.81,0.0,5.68,1.165,0.49,47.82,,66.46,18.58,-1.76,1.289,8.814,3.467,0.0,4,375,74.3,1.0,Optimistic,74.3,76.2,73.5,75.3
2014-12-26,3157.6,0.581,-0.61,,55.7,0.27,5.93,1.413,1.58,57.58,,70.46,21.23,0.0,0.542,11.668,2.128,0.0,5,376,76.5,1.0,Optimistic,76.5,78.6,74.7,81.2
2014-12-29,3168.02,0.387,-0.66,,57.97,1.62,7.84,1.542,1.3,57.43,,70.92,21.0,0.0,1.264,13.644,1.867,2.667,6,375,77.1,1.0,Optimistic,77.1,79.3,75.4,83.1
2014-12-30,3165.82,0.348,-0.67,,55.15,1.62,4.04,1.184,4.39,70.4,,70.67,20.31,-0.07,1.938,10.695,1.064,2.66,7,376,79.8,1.0,Optimistic,79.8,82.7,78.7,79.5
2014-12-31,3234.68,0.463,-0.64,,52.33,0.81,3.78,1.196,8.82,74.26,,73.77,22.26,0.0,1.972,10.527,1.33,0.266,1,375,80.4,1.0,Greed,80.4,83.6,79.4,79.5
2015-01-05,3350.52,0.309,-0.68,,50.04,0.27,11.62,1.55,9.05,84.66,,77.99,25.88,0.0,2.901,13.845,3.467,0.8,2,375,83.5,1.0,Greed,83.5,86.0,82.4,82.3
2015-01-06,3351.45,0.27,-0.69,,53.06,0.0,6.76,1.443,6.14,81.5,,78.02,25.15,0.0,3.156,13.155,2.667,0.0,2,375,82.9,1.0,Greed,82.9,85.1,82.0,82.6
2015-01-07,3373.95,0.231,-0.7,,55.52,0.0,4.03,1.112,6.5,71.8,,78.79,25.2,0.0,3.133,10.798,1.061,0.0,3,377,80.3,1.0,Greed,80.3,82.5,79.7,81.1
2015-01-08,3293.46,0.231,-0.7,,59.91,0.0,1.88,1.044,4.03,64.81,,69.44,21.51,-2.39,3.14,9.596,1.857,0.0,4,377,79.5,1.0,Optimistic,79.5,81.5,79.1,79.1
2015-01-09,3285.41,0.347,-0.67,,50.25,0.0,1.34,1.145,1.57,53.62,,68.57,20.54,-2.62,4.249,11.07,0.532,0.0,5,376,77.7,1.0,Optimistic,77.7,78.6,77.4,76.6
2015-01-12,3229.32,0.386,-0.66,,41.21,0.27,2.17,0.89,-3.62,26.7,,62.64,17.85,-4.29,4.115,8.788,0.804,0.804,6,373,71.2,1.0,Optimistic,71.2,71.7,71.4,68.0
2015-01-13,3235.3,0.424,-0.65,,42.33,0.0,2.7,0.635,-3.47,29.2,,63.01,17.43,-4.11,3.892,7.045,1.867,0.0,7,375,71.4,1.0,Optimistic,71.4,72.4,72.2,64.7
2015-01-14,3222.44,0.463,-0.64,,40.45,0.27,1.35,0.661,-4.49,25.44,,61.61,16.36,-4.49,3.973,7.36,1.333,0.0,2,375,70.3,1.0,Optimistic,70.3,71.4,71.1,63.7
2015-01-15,3336.45,0.463,-0.64,,46.51,0.0,2.43,0.775,1.31,47.18,,68.33,19.76,-1.11,5.04,8.692,1.07,0.0,2,374,75.6,1.0,Optimistic,75.6,76.7,76.2,70.7
2015-01-16,3376.49,0.347,-0.67,,56.96,0.0,4.81,0.927,2.77,56.03,,70.3,20.44,0.0,4.796,10.159,2.91,0.0,2,378,78.0,1.0,Optimistic,78.0,78.9,78.0,77.3
2015-01-19,3116.35,0.347,-0.67,,54.78,0.27,1.6,1.085,-3.5,25.82,,49.0,10.62,-7.7,1.946,9.364,1.323,8.995,2,378,69.9,1.0,Optimistic,69.9,72.0,69.2,69.4
2015-01-20,3173.05,0.81,-0.55,,57.92,0.0,4.56,0.955,-1.92,34.25,,52.38,12.06,-6.03,1.175,9.875,6.349,0.0,3,377,70.7,1.0,Optimistic,70.7,71.3,69.4,69.4
2015-01-21,3323.61,0.616,-0.6,,70.15,0.0,4.57,1.089,3.14,61.18,,59.98,16.67,-1.57,0.416,11.9,2.918,0.0,4,377,77.2,1.0,Optimistic,77.2,79.5,75.4,79.0
2015-01-22,3343.34,0.384,-0.66,,71.55,0.0,7.3,0.925,0.21,44.12,,60.86,16.67,-0.98,0.097,10.54,2.653,0.0,2,375,73.7,1.0,Optimistic,73.7,75.9,71.9,78.0
2015-01-23,3351.76,0.384,-0.66,,61.39,0.0,2.7,0.951,-0.73,39.9,,61.26,16.3,-0.73,0.065,10.577,2.111,0.0,3,378,72.8,1.0,Optimistic,72.8,74.7,71.0,75.8
2015-01-26,3383.18,0.46,-0.64,,76.84,0.0,8.11,0.821,8.56,63.24,,62.76,16.72,0.0,2.537,9.233,3.694,0.0,4,378,78.7,1.0,Optimistic,78.7,80.8,78.2,78.4
2015-01-27,3352.96,0.383,-0.66,,67.9,0.0,9.76,0.967,5.67,67.54,,60.34,15.06,-0.89,3.155,10.369,3.439,0.0,5,378,80.4,1.0,Greed,80.4,82.1,79.8,77.1
2015-01-28,3305.74,0.383,-0.66,,56.6,0.0,5.66,0.778,-0.54,39.87,,56.66,12.88,-2.29,2.944,8.292,3.158,0.0,6,380,73.8,1.0,Optimistic,73.8,74.9,73.8,69.5
2015-01-29,3262.3,0.421,-0.65,,47.6,0.0,4.35,0.708,-2.42,32.52,,53.44,10.87,-3.57,2.085,7.057,2.387,0.0,7,377,71.5,1.0,Optimistic,71.5,73.2,71.6,63.7
2015-01-30,3210.36,0.421,-0.65,,48.26,0.0,2.45,0.667,-4.22,26.33,,49.79,8.62,-5.11,1.244,6.584,1.596,0.798,8,376,69.6,1.0,Optimistic,69.6,71.8,69.5,61.4
2015-02-02,3128.3,0.459,-0.64,,37.28,0.0,2.74,0.648,-7.53,23.84,,44.6,5.43,-7.53,0.614,6.127,2.406,0.0,7,374,69.3,1.0,Optimistic,69.3,71.7,69.2,54.4
2015-02-03,3204.91,0.574,-0.61,,44.47,0.0,5.45,0.64,-4.42,25.94,,49.85,7.53,-5.27,0.132,6.9,2.394,0.0,8,376,69.1,1.0,Optimistic,69.1,71.2,68.5,59.0
2015-02-04,3174.13,0.535,-0.62,,44.17,0.0,4.09,0.643,-3.98,27.38,,47.89,6.08,-6.18,0.15,7.535,2.926,0.0,9,376,70.2,1.0,Optimistic,70.2,72.2,69.4,58.0
2015-02-05,3136.53,0.497,-0.63,,43.03,0.0,3.83,0.793,-3.86,26.49,,45.53,4.44,-7.29,0.449,9.424,2.933,0.0,10,375,71.5,1.0,Optimistic,71.5,72.6,70.1,58.3
2015-02-06,3075.91,0.535,-0.62,,40.7,0.0,1.91,0.642,-4.19,26.69,,41.94,2.09,-9.08,1.09,6.833,1.067,0.8,11,375,70.5,1.0,Optimistic,70.5,72.9,70.4,52.9
2015-02-09,3095.12,0.612,-0.6,,41.07,0.0,1.9,0.536,-1.06,37.0,28.63,43.46,2.38,-8.51,1.808,6.54,1.326,1.061,2,377,70.3,1.0,Optimistic,70.3,74.9,72.0,51.9
2015-02-10,3141.59,0.612,-0.6,,38.51,0.27,2.72,0.506,-1.98,34.32,28.75,47.07,3.54,-7.14,3.367,6.635,1.064,0.532,1,376,70.3,1.0,Optimistic,70.3,73.9,72.2,52.3
2015-02-11,3157.7,0.612,-0.6,,45.83,0.0,4.07,0.452,-0.52,38.13,26.44,48.31,3.68,-6.66,3.937,6.57,1.852,0.0,2,378,72.0,1.0,Optimistic,72.0,74.9,74.0,55.3
2015-02-12,3173.42,0.574,-0.61,,53.95,0.0,2.16,0.51,1.18,43.25,25.8,49.54,3.79,-6.2,2.679,6.36,1.583,0.0,1,379,72.2,1.0,Optimistic,72.2,76.5,74.2,58.8
2015-02-13,3203.83,0.535,-0.62,,67.66,0.0,6.45,0.685,4.16,56.22,23.41,51.93,4.36,-5.3,0.012,7.466,2.362,0.0,2,381,74.1,1.0,Optimistic,74.1,80.2,75.4,66.4
2015-02-16,3222.36,0.497,-0.63,,77.71,0.0,12.1,0.584,4.11,53.49,23.71,53.38,4.53,-4.75,-1.322,7.893,3.15,0.0,3,381,73.8,1.0,Optimistic,73.8,79.8,74.3,68.1
2015-02-17,3246.91,0.456,-0.64,,72.98,0.0,11.97,0.595,3.35,51.32,24.3,55.31,4.89,-4.03,-5.055,7.127,2.584,0.0,3,385,72.0,1.0,Optimistic,72.0,79.1,71.7,67.9
2015-02-25,3228.84,0.494,-0.63,,67.33,0.0,8.82,0.607,2.25,48.02,26.33,53.55,3.92,-4.56,-3.266,8.861,2.857,0.779,4,385,72.2,1.0,Optimistic,72.2,78.4,71.9,65.7
2015-02-26,3298.36,0.455,-0.64,,68.03,0.0,6.43,0.789,3.94,58.0,26.1,58.94,5.74,-2.51,-1.562,9.197,1.558,0.0,2,384,73.6,1.0,Optimistic,73.6,80.7,74.7,71.0
2015-02-27,3310.3,0.455,-0.64,,63.62,0.0,9.36,0.784,3.32,55.41,27.04,59.8,5.72,-2.15,1.236,9.091,2.591,0.0,3,386,74.3,1.0,Optimistic,74.3,80.0,76.4,70.1
2015-03-02,3336.28,0.417,-0.65,,63.07,0.0,16.89,0.909,3.54,59.15,28.05,61.69,6.16,-1.39,3.601,11.746,6.753,0.0,4,385,76.2,1.0,Optimistic,76.2,80.9,79.4,72.6
2015-03-03,3263.05,0.341,-0.67,,59.47,0.0,13.9,1.003,0.5,46.24,28.45,54.0,3.51,-3.55,7.781,11.799,3.627,0.259,5,386,75.7,1.0,Optimistic,75.7,78.1,78.3,69.2
2015-03-04,3279.53,0.417,-0.65,,67.07,0.0,17.6,0.774,1.57,48.22,27.68,55.35,3.7,-3.06,6.09,9.139,4.91,0.0,6,387,75.7,1.0,Optimistic,75.7,78.5,78.7,68.6
2015-03-05,3248.48,0.417,-0.65,,62.54,0.0,14.97,0.851,-1.51,36.07,26.67,52.24,2.46,-3.98,6.281,9.631,3.385,0.26,7,384,74.8,1.0,Optimistic,74.8,75.6,76.1,67.2
2015-03-06,3241.19,0.606,-0.6,,56.67,0.0,9.87,0.755,-2.09,33.71,26.47,51.51,1.98,-4.2,6.445,8.223,3.906,1.562,8,384,73.3,1.0,Optimistic,73.3,74.1,74.7,63.1
2015-03-09,3302.41,0.493,-0.63,,54.34,0.0,13.94,0.868,-1.02,38.27,27.22,56.96,3.69,-2.39,5.815,8.596,2.094,0.0,6,382,74.2,1.0,Optimistic,74.2,75.9,76.1,66.8
2015-03-10,3286.07,0.379,-0.66,,60.37,0.0,17.33,0.779,0.71,44.85,26.22,55.18,2.99,-2.87,5.933,8.869,4.167,0.0,7,384,75.7,1.0,Optimistic,75.7,77.8,78.0,66.6
2015-03-11,3290.9,0.379,-0.66,,51.42,0.0,11.53,0.784,0.35,43.46,25.86,55.62,2.99,-2.73,6.822,8.657,2.094,0.0,8,382,75.5,1.0,Optimistic,75.5,77.4,77.8,63.8
2015-03-12,3349.32,0.379,-0.66,,49.84,0.0,8.04,1.004,3.1,59.21,25.93,60.67,4.55,-1.0,7.261,10.001,0.262,0.262,3,382,76.5,1.0,Optimistic,76.5,81.0,80.0,68.6
2015-03-13,3372.91,0.341,-0.67,,58.94,0.0,12.2,0.941,4.06,62.38,25.01,62.53,5.05,-0.3,6.974,8.735,2.646,0.0,4,378,77.0,1.0,Optimistic,77.0,81.7,81.1,71.7
2015-03-16,3449.3,0.379,-0.66,,63.92,0.0,30.91,1.154,4.45,69.93,25.2,67.82,7.14,0.0,5.089,11.081,6.824,0.0,5,381,78.1,1.0,Optimistic,78.1,83.0,82.3,77.8
2015-03-17,3502.85,0.303,-0.68,,63.92,0.0,27.96,1.513,6.6,83.56,25.25,70.92,8.49,0.0,4.115,13.791,5.774,0.0,3,381,79.1,1.0,Optimistic,79.1,86.3,84.1,81.6
2015-03-18,3577.3,0.265,-0.69,,74.24,0.0,38.5,1.575,8.7,85.38,25.14,74.59,10.44,0.0,3.747,14.051,4.178,0.0,4,383,79.1,1.0,Optimistic,79.1,86.7,84.1,85.8
2015-03-19,3582.27,0.227,-0.7,,77.45,0.0,32.79,1.541,6.96,84.4,27.3,74.82,10.27,0.0,3.753,13.429,2.111,0.264,4,378,77.9,1.0,Optimistic,77.9,86.4,83.5,86.3
2015-03-20,3617.32,0.226,-0.7,,73.06,0.0,28.42,1.476,7.25,82.48,26.47,76.42,11.03,0.0,4.932,14.47,5.469,0.0,3,383,78.9,1.0,Optimistic,78.9,85.9,84.3,85.6
2015-03-23,3687.73,0.226,-0.7,,71.71,0.0,49.19,1.533,6.91,84.17,28.76,79.29,12.83,0.0,6.742,14.237,9.138,0.0,4,383,79.0,1.0,Optimistic,79.0,86.4,85.5,86.6
2015-03-24,3691.41,0.075,-0.74,,66.58,0.0,28.88,1.821,5.38,92.0,30.67,79.43,12.61,0.0,7.575,16.19,8.031,0.0,5,385,79.6,1.0,Optimistic,79.6,88.4,87.4,86.5
2015-03-25,3660.73,0.15,-0.72,,61.01,0.0,28.34,1.477,2.33,63.82,30.16,74.87,11.37,-0.83,7.581,13.77,6.718,0.0,6,386,76.5,1.0,Optimistic,76.5,81.1,81.3,82.2
2015-03-26,3682.09,0.188,-0.7,,56.4,0.0,14.56,1.394,2.79,65.35,29.06,75.9,11.65,-0.25,6.954,12.65,4.935,2.078,7,384,76.1,1.0,Optimistic,76.1,81.4,80.8,80.4
2015-03-27,3691.1,0.188,-0.7,,58.28,0.0,21.87,1.164,2.04,56.56,29.28,76.35,11.52,-0.01,5.949,9.907,4.37,0.257,5,389,74.8,1.0,Optimistic,74.8,79.0,78.8,79.4
2015-03-30,3786.57,0.113,-0.72,,53.43,0.0,27.42,1.604,2.68,68.72,27.87,80.45,14.0,0.0,6.005,13.139,4.663,0.518,4,386,76.8,1.0,Optimistic,76.8,82.2,81.4,82.1
2015-03-31,3747.9,0.075,-0.73,,54.8,0.0,16.4,1.582,1.53,59.71,30.09,74.79,12.5,-1.02,5.127,13.918,2.332,0.0,5,386,75.4,1.0,Optimistic,75.4,80.0,79.4,80.9
2015-04-01,3810.29,0.15,-0.71,,61.43,0.0,37.84,1.254,4.09,70.43,30.36,77.54,14.0,0.0,5.18,12.514,7.552,0.0,6,384,76.7,1.0,Optimistic,76.7,82.7,82.1,82.0
2015-04-02,3825.78,0.113,-0.72,,71.17,0.0,48.39,1.347,3.9,71.62,31.77,78.17,14.09,0.0,5.386,12.822,7.031,0.0,7,384,76.7,1.0,Optimistic,76.7,83.0,82.5,85.3
2015-04-03,3863.93,0.113,-0.72,,71.18,0.0,46.13,1.325,4.68,76.02,31.17,79.7,14.87,0.0,5.913,12.754,7.494,0.0,8,387,77.3,1.0,Optimistic,77.3,84.1,83.6,85.6
2015-04-07,3961.38,0.113,-0.72,,74.54,0.0,57.8,1.592,4.62,83.02,29.51,82.97,17.41,0.0,6.916,14.296,7.031,0.0,9,384,78.6,1.0,Optimistic,78.6,85.6,85.1,89.0
2015-04-08,3994.81,0.113,-0.72,,71.51,0.0,25.34,1.722,6.59,89.71,31.98,83.93,18.03,0.0,7.752,15.186,3.125,1.042,10,384,78.4,1.0,Optimistic,78.4,87.3,86.1,89.0
2015-04-09,3957.53,0.075,-0.73,,58.62,0.0,16.53,1.622,3.86,78.09,35.06,78.62,16.59,-0.93,7.379,14.197,4.188,1.571,11,382,76.9,1.0,Optimistic,76.9,84.4,83.6,84.1
2015-04-10,4034.31,0.075,-0.73,,59.71,0.0,28.92,1.33,5.45,78.2,33.41,81.25,18.42,0.0,7.449,11.95,9.138,0.783,10,383,77.0,1.0,Optimistic,77.0,84.2,84.0,83.7
2015-04-13,4121.72,0.038,-0.74,,62.91,0.0,39.13,1.612,6.67,86.47,36.86,83.71,20.5,0.0,8.437,13.239,6.824,0.0,11,381,77.9,1.0,Optimistic,77.9,86.2,86.0,87.0
2015-04-14,4135.56,0.038,-0.74,,53.65,0.0,21.74,1.655,4.4,83.06,40.15,84.06,20.37,0.0,7.954,12.869,2.625,0.262,3,381,76.1,1.0,Optimistic,76.1,85.3,84.1,84.2
2015-04-15,4084.16,0.038,-0.74,,49.99,0.0,7.92,1.64,2.24,66.0,40.13,77.31,18.39,-1.24,7.851,11.857,2.375,7.124,3,379,73.6,1.0,Optimistic,73.6,81.1,79.9,81.4
2015-04-16,4194.82,0.038,-0.74,,57.79,0.0,11.75,1.45,6.0,81.72,37.36,80.87,21.02,0.0,7.501,10.345,2.639,0.0,3,379,75.9,1.0,Optimistic,75.9,84.9,83.8,84.4
2015-04-17,4287.3,0.038,-0.74,,50.4,0.0,10.08,1.821,6.27,92.0,41.57,83.24,23.13,0.0,5.274,13.314,2.105,0.526,1,380,76.2,1.0,Optimistic,76.2,87.6,85.0,83.9
2015-04-20,4217.08,0.038,-0.74,,38.35,0.0,9.56,2.185,2.31,69.43,47.75,75.58,20.63,-1.64,2.929,15.993,2.639,2.902,2,379,73.0,1.0,Optimistic,73.0,82.1,78.8,79.0
2015-04-21,4293.62,0.038,-0.74,,49.94,0.0,14.52,1.583,3.82,76.82,46.9,77.96,22.13,0.0,1.615,12.785,6.631,0.265,2,377,73.7,1.0,Optimistic,73.7,83.9,80.0,82.1
2015-04-22,4398.49,0.037,-0.74,,66.46,0.0,26.3,1.681,7.7,88.49,44.28,80.73,24.39,0.0,1.557,14.89,5.57,0.0,3,377,75.4,1.0,Optimistic,75.4,86.7,82.5,88.2
2015-04-23,4414.51,0.037,-0.74,,64.01,0.0,22.95,1.627,5.24,86.91,44.72,81.12,24.21,0.0,1.459,14.44,4.233,0.0,3,376,75.0,1.0,Optimistic,75.0,86.3,81.9,87.4
2015-04-24,4393.69,0.037,-0.74,,61.21,0.28,18.18,1.517,2.48,65.6,45.65,78.89,23.01,-0.47,2.879,13.527,4.775,0.265,2,375,72.9,1.0,Optimistic,72.9,80.8,78.3,85.7
2015-04-27,4527.4,0.037,-0.74,,68.19,0.27,15.38,1.601,7.36,86.17,44.88,82.27,26.07,0.0,4.75,13.879,3.183,0.531,3,377,75.7,1.0,Optimistic,75.7,86.1,83.9,88.5
2015-04-28,4476.22,0.037,-0.74,,51.41,0.82,5.75,1.81,4.25,85.72,46.59,77.17,24.01,-1.13,4.738,14.264,2.646,4.233,4,378,75.4,1.0,Optimistic,75.4,86.3,83.6,83.2
2015-04-29,4476.62,0.037,-0.74,,50.58,0.27,10.87,1.204,1.78,55.7,46.61,77.19,23.38,-1.12,4.038,10.595,7.632,0.263,5,380,72.4,1.0,Optimistic,72.4,78.3,77.6,79.5
2015-04-30,4441.65,0.037,-0.74,,48.3,0.27,10.93,1.213,0.61,49.03,46.55,73.58,21.78,-1.89,3.469,11.007,7.143,0.794,6,378,71.7,1.0,Optimistic,71.7,76.9,75.9,77.7
2015-05-04,4480.46,0.037,-0.74,,53.28,0.55,15.38,1.129,1.98,55.63,46.13,74.98,22.17,-1.04,4.38,10.14,5.053,0.0,6,376,72.7,1.0,Optimistic,72.7,78.5,78.0,79.3
2015-05-05,4298.71,0.037,-0.74,,45.81,0.82,5.49,1.298,-5.05,14.91,45.46,59.18,16.64,-5.05,3.584,11.016,3.723,3.457,7,376,68.2,1.0,Optimistic,68.2,68.7,68.5,72.6
2015-05-06,4229.27,0.037,-0.74,,49.2,1.09,6.01,1.078,-5.52,17.92,45.55,54.46,14.18,-6.59,4.282,10.229,2.381,1.058,8,378,69.1,1.0,Optimistic,69.1,69.7,70.2,70.0
2015-05-07,4112.21,0.037,-0.74,,36.12,0.27,3.83,0.876,-8.14,20.71,46.78,47.57,10.57,-9.17,4.092,7.443,2.646,5.556,9,378,68.2,1.0,Optimistic,68.2,70.8,70.6,59.6
2015-05-08,4205.92,0.074,-0.73,,46.91,0.0,10.08,0.877,-5.31,20.69,44.97,52.72,12.57,-7.1,2.442,7.493,12.401,0.264,9,379,68.7,1.0,Optimistic,68.7,70.5,70.3,65.7
2015-05-11,4333.58,0.037,-0.74,,54.31,0.0,22.01,1.073,-3.28,27.06,45.78,58.68,15.37,-4.28,1.286,10.399,13.684,0.263,10,380,69.6,1.0,Optimistic,69.6,71.8,70.6,73.4
2015-05-12,4401.22,0.037,-0.74,,65.31,0.0,24.8,1.138,2.38,58.05,45.97,61.46,16.49,-2.79,1.277,11.414,10.026,0.528,11,379,72.9,1.0,Optimistic,72.9,79.8,77.1,78.7
2015-05-13,4375.76,0.037,-0.74,,71.09,0.0,23.04,1.102,3.46,63.22,46.03,59.83,15.16,-3.35,1.185,11.365,8.399,0.787,12,381,73.4,1.0,Optimistic,73.4,81.3,78.2,79.0
2015-05-14,4378.31,0.037,-0.74,,77.34,0.0,21.14,0.959,6.47,67.3,44.96,59.94,14.61,-3.29,1.403,9.493,8.115,1.309,13,381,73.6,1.0,Optimistic,73.6,82.4,79.2,78.6
2015-05-15,4308.69,0.037,-0.74,,64.91,0.0,11.96,0.931,2.44,54.57,41.44,55.31,12.22,-4.83,2.844,8.822,6.005,1.044,14,381,72.9,1.0,Optimistic,72.9,79.2,77.6,73.2
2015-05-18,4283.49,0.037,-0.74,,58.15,0.0,22.89,0.797,-1.16,37.45,37.48,53.69,11.03,-5.39,3.492,8.37,10.705,0.0,15,382,72.1,1.0,Optimistic,72.1,74.8,74.9,68.4
2015-05-19,4417.55,0.074,-0.73,,60.25,0.0,27.99,0.91,0.37,44.74,37.28,60.34,13.91,-2.43,4.315,9.763,9.635,0.0,16,384,73.4,1.0,Optimistic,73.4,76.2,76.8,73.8
2015-05-20,4446.29,0.037,-0.74,,62.0,0.27,29.65,1.065,1.61,52.68,41.52,61.61,14.05,-1.79,4.902,11.379,9.351,0.779,17,385,74.1,1.0,Optimistic,74.1,78.3,78.7,76.8
2015-05-21,4529.42,0.037,-0.74,,68.28,0.0,43.7,0.953,3.45,59.78,42.05,65.1,15.55,0.0,5.172,9.866,16.796,0.775,18,387,74.6,1.0,Optimistic,74.6,79.9,80.3,78.5
2015-05-22,4657.6,0.037,-0.74,,75.17,0.0,37.94,1.333,8.1,78.29,43.01,69.67,18.1,0.0,4.374,12.349,11.518,0.262,19,382,76.7,1.0,Optimistic,76.7,84.8,83.9,85.5
2015-05-25,4813.8,0.037,-0.74,,79.0,0.0,50.69,1.368,12.38,79.32,45.8,74.12,21.28,0.0,3.884,12.966,13.032,0.532,20,376,76.3,1.0,Optimistic,76.3,84.9,83.6,88.0
2015-05-26,4910.9,0.037,-0.74,,80.85,0.0,66.12,1.396,11.17,80.12,45.81,76.44,22.91,0.0,3.397,13.344,21.277,0.0,21,376,76.4,1.0,Optimistic,76.4,84.9,83.6,89.2
2015-05-27,4941.71,0.037,-0.74,,78.83,0.0,44.08,1.331,11.14,78.22,46.91,77.13,22.85,0.0,2.525,12.821,18.617,0.798,22,376,75.4,1.0,Optimistic,75.4,84.3,82.2,88.4
2015-05-28,4620.27,0.037,-0.73,,63.23,0.27,7.14,1.513,2.01,62.13,46.63,57.86,14.22,-6.5,2.148,14.119,3.958,31.135,23,377,73.5,1.0,Optimistic,73.5,81.4,78.2,78.8
2015-05-29,4611.74,0.037,-0.73,,60.28,0.28,13.81,1.166,-0.98,39.47,47.29,57.45,13.39,-6.68,2.968,9.388,11.406,0.796,24,377,71.8,1.0,Optimistic,71.8,75.5,75.1,75.0
2015-06-01,4828.74,0.037,-0.73,,62.2,0.0,31.39,1.121,0.31,46.39,47.22,64.37,17.96,-2.29,3.929,10.278,22.133,1.6,12,375,72.3,1.0,Optimistic,72.3,76.7,76.5,79.0
2015-06-02,4910.53,0.0,-0.74,,60.8,0.0,49.03,1.168,-0.01,45.02,47.61,66.58,19.15,-0.63,4.44,10.931,18.984,1.337,13,374,72.2,1.0,Optimistic,72.2,76.1,76.4,80.0
2015-06-03,4909.98,0.0,-0.74,,59.34,0.0,34.08,1.133,-0.64,41.24,47.9,66.55,18.36,-0.64,4.728,10.586,12.332,0.536,14,373,72.0,1.0,Optimistic,72.0,75.1,75.9,79.1
2015-06-04,4947.1,0.0,-0.74,,63.77,0.28,20.73,1.24,7.07,75.54,46.57,67.6,18.47,0.0,4.843,10.924,10.215,4.301,15,372,75.3,1.0,Optimistic,75.3,84.0,82.9,81.6
2015-06-05,5023.1,0.0,-0.74,,66.11,0.0,29.25,1.402,8.92,80.3,46.6,69.71,19.46,0.0,4.473,12.602,10.695,0.802,16,374,76.5,1.0,Optimistic,76.5,85.3,84.2,84.1
2015-06-08,5131.88,0.0,-0.74,,54.84,0.0,22.63,1.529,6.28,84.05,43.66,72.47,21.19,0.0,3.196,12.545,8.311,5.094,17,373,76.1,1.0,Optimistic,76.1,86.3,83.6,82.3
2015-06-09,5113.53,0.0,-0.74,,47.14,0.0,14.85,1.286,4.13,71.56,47.55,71.29,19.94,-0.36,2.004,10.784,5.376,1.344,17,372,74.0,1.0,Optimistic,74.0,83.1,80.2,77.6
2015-06-10,5106.04,0.0,-0.74,,53.25,0.0,19.55,1.04,3.99,64.51,48.07,70.78,18.99,-0.5,1.708,9.9,9.383,0.268,18,373,73.4,1.0,Optimistic,73.4,81.2,78.9,77.2
2015-06-11,5121.59,0.0,-0.74,,60.73,0.0,34.46,0.977,3.53,60.68,49.74,71.24,18.61,-0.2,1.649,9.513,11.051,0.0,19,369,72.9,1.0,Optimistic,72.9,80.2,78.2,78.9
2015-06-12,5166.35,0.0,-0.74,,61.24,0.0,38.24,1.082,2.85,59.52,49.76,72.57,18.92,0.0,2.535,9.919,8.871,1.344,20,369,72.9,1.0,Optimistic,72.9,79.8,78.2,80.8
2015-06-15,5062.99,0.0,-0.74,,60.24,0.0,20.34,1.101,-1.34,37.31,48.06,65.08,15.88,-2.0,2.833,9.848,6.989,5.914,15,372,70.1,1.0,Optimistic,70.1,74.2,73.1,77.9
2015-06-16,4887.43,0.0,-0.74,,53.41,0.0,5.93,0.948,-4.42,22.45,47.27,54.75,11.32,-5.4,2.879,8.255,2.688,11.022,13,372,67.8,1.0,Optimistic,67.8,70.8,69.6,69.3
2015-06-17,4967.9,0.0,-0.74,,53.07,0.0,7.61,0.923,-2.71,30.65,47.31,58.04,12.61,-3.84,2.85,7.434,6.452,0.538,14,372,69.3,1.0,Optimistic,69.3,72.7,72.3,70.4
2015-06-18,4785.36,0.0,-0.74,,41.62,0.56,3.38,0.872,-6.57,20.75,47.08,49.29,8.02,-7.37,2.755,6.989,2.156,9.973,15,371,67.4,1.0,Optimistic,67.4,70.6,69.4,61.3
2015-06-19,4478.36,0.0,-0.74,,28.77,0.84,1.12,0.781,-13.32,22.01,46.9,38.72,0.78,-13.32,1.818,6.465,1.887,47.17,16,371,67.8,1.0,Optimistic,67.8,72.2,69.9,48.9
2015-06-23,4576.49,0.036,-0.73,,33.34,0.28,2.8,0.819,-9.61,21.49,51.17,42.93,2.65,-11.42,0.61,6.166,6.72,1.344,17,372,67.9,1.0,Optimistic,67.9,71.7,69.7,53.2
2015-06-24,4690.15,0.036,-0.73,,47.5,0.0,4.74,0.939,-4.04,24.35,52.05,47.44,4.8,-9.22,-1.569,7.229,6.15,0.535,18,374,67.6,1.0,Optimistic,67.6,72.0,68.6,62.2
2015-06-25,4527.78,0.036,-0.73,,34.8,0.56,1.68,0.987,-8.86,19.18,47.42,42.3,0.9,-12.36,-3.249,7.724,2.413,7.507,9,373,66.2,1.0,Optimistic,66.2,71.5,65.8,54.9
2015-06-26,4192.87,0.036,-0.73,,32.53,1.95,0.0,0.974,-12.38,19.36,48.08,34.09,-6.72,-18.84,-6.287,6.619,1.333,85.6,10,374,66.0,1.0,Optimistic,66.0,73.2,65.3,47.2
2015-06-29,4053.03,0.036,-0.73,,33.23,2.81,0.56,1.161,-9.5,16.79,60.09,31.36,-9.91,-21.55,-7.833,7.994,1.604,68.449,10,372,66.2,1.0,Optimistic,66.2,73.1,64.9,46.9
2015-06-30,4277.22,0.036,-0.73,,40.44,0.0,0.85,1.214,-6.54,16.06,59.21,39.71,-5.09,-17.21,-8.943,8.13,12.267,1.067,11,373,66.9,1.0,Optimistic,66.9,71.9,65.5,55.1
2015-07-01,4053.7,0.036,-0.73,,25.07,2.79,0.84,1.018,-13.57,18.75,55.91,35.12,-10.11,-21.54,-7.918,7.795,2.381,43.122,12,378,66.5,1.0,Optimistic,66.5,73.4,65.4,43.9
2015-07-02,3912.77,0.036,-0.73,,23.03,4.2,0.0,0.993,-13.58,19.1,57.54,32.57,-13.22,-24.26,-9.262,6.689,1.587,68.519,13,377,66.2,1.0,Optimistic,66.2,73.9,65.5,40.6
2015-07-03,3686.91,0.108,-0.71,,23.67,6.84,0.0,0.928,-12.07,19.98,55.15,28.93,-18.14,-28.64,-10.236,6.083,2.151,67.473,5,372,66.2,1.0,Optimistic,66.2,74.6,65.7,36.8
2015-07-06,3775.91,0.288,-0.66,,26.68,6.12,0.0,1.41,-6.84,13.36,60.08,32.15,-16.1,-26.91,-15.207,7.248,3.571,46.978,6,364,65.5,1.0,Optimistic,65.5,72.4,63.8,43.9
2015-07-07,3727.12,0.252,-0.67,,9.18,12.14,0.32,1.178,-12.86,16.56,54.84,31.31,-17.09,-27.86,-20.753,5.325,2.096,87.725,6,334,64.9,1.0,Optimistic,64.9,73.4,64.0,39.5
2015-07-08,3507.19,0.575,-0.58,,9.5,14.35,0.0,1.14,-13.48,17.08,51.7,27.8,-21.81,-32.11,-28.89,3.609,2.41,63.855,7,249,63.5,1.0,Optimistic,63.5,73.3,63.4,36.6
2015-07-09,3709.33,0.863,-0.51,,28.45,0.0,0.0,1.098,-5.2,17.66,55.34,35.01,-17.17,-28.2,-27.457,8.121,93.778,0.0,8,225,65.0,1.0,Optimistic,65.0,70.0,62.8,41.2
2015-07-10,3877.8,0.539,-0.59,,47.29,0.0,0.0,0.979,5.18,67.87,54.02,40.35,-13.34,-24.94,-24.577,8.824,93.191,0.426,9,235,72.5,1.0,Optimistic,72.5,85.3,75.7,50.5
2015-07-13,3970.39,0.252,-0.67,,62.04,0.0,0.37,1.075,5.15,70.69,52.96,43.12,-11.2,-23.15,-18.68,10.219,88.927,0.692,10,289,73.5,1.0,Optimistic,73.5,86.1,76.7,58.6
2015-07-14,3924.49,0.036,-0.73,,74.62,0.0,0.0,1.117,5.3,71.94,49.31,42.08,-12.11,-24.04,-11.196,10.952,43.077,2.769,11,325,73.9,1.0,Optimistic,73.9,86.5,77.3,61.3
2015-07-15,3805.7,0.072,-0.72,,76.53,0.0,0.0,1.002,8.51,68.57,45.06,39.42,-14.63,-26.34,-1.666,9.484,8.772,62.281,12,342,74.6,1.0,Optimistic,74.6,86.0,79.2,58.6
2015-07-16,3823.18,0.288,-0.66,,70.7,0.31,0.0,0.827,3.07,55.29,41.63,40.02,-14.09,-26.0,-1.214,8.374,7.536,3.478,13,345,73.5,1.0,Optimistic,73.5,82.4,76.9,55.2
2015-07-17,3957.35,0.18,-0.69,,70.39,0.0,0.0,0.812,2.05,50.77,39.33,44.56,-10.93,-23.4,-0.871,9.853,30.769,1.14,14,351,74.1,1.0,Optimistic,74.1,80.7,76.3,57.5
2015-07-20,3992.11,0.036,-0.72,,65.35,0.29,0.0,0.914,0.55,45.58,38.73,45.71,-10.0,-22.73,-0.9,11.055,18.033,1.639,12,366,73.4,1.0,Optimistic,73.4,79.2,74.8,58.5
2015-07-21,4017.68,0.036,-0.72,,66.76,0.28,0.0,0.858,2.37,52.94,38.79,46.58,-9.3,-22.23,-0.434,10.131,14.13,1.359,13,368,74.2,1.0,Optimistic,74.2,81.0,76.7,58.7
2015-07-22,4026.05,0.036,-0.72,,74.87,0.28,0.0,0.889,5.79,65.24,35.26,46.88,-8.94,-22.07,1.164,10.408,9.756,0.542,14,369,76.6,1.0,Optimistic,76.6,84.2,80.8,61.4
2015-07-23,4123.92,0.036,-0.72,,80.41,0.0,0.28,0.966,7.87,67.51,32.98,50.41,-6.6,-20.18,2.587,11.907,16.802,0.271,15,369,77.7,1.0,Optimistic,77.7,84.5,82.3,65.8
2015-07-24,4070.91,0.036,-0.72,,65.68,0.28,0.0,1.082,2.87,59.61,33.09,48.53,-7.66,-21.2,2.019,12.916,4.336,0.813,16,369,76.3,1.0,Optimistic,76.3,82.5,79.7,62.7
2015-07-27,3725.56,0.036,-0.72,,52.02,0.29,0.0,0.956,-6.68,19.6,30.41,38.47,-15.27,-27.89,0.159,10.303,0.817,85.559,17,367,70.8,1.0,Optimistic,70.8,73.1,69.1,50.4
2015-07-28,3663.0,0.324,-0.65,,41.11,0.29,0.0,0.968,-8.83,19.44,39.52,36.97,-16.43,-29.1,-3.837,8.188,3.27,18.256,18,367,68.7,1.0,Optimistic,68.7,73.3,67.3,45.7
2015-07-29,3789.17,0.252,-0.67,,48.64,0.0,0.28,0.745,-5.88,22.51,41.79,41.88,-13.38,-26.66,-4.682,8.1,26.486,0.541,19,370,69.5,1.0,Optimistic,69.5,73.5,68.5,47.8
2015-07-30,3705.77,0.216,-0.67,,32.21,0.85,0.0,0.788,-10.14,21.91,37.43,39.68,-15.12,-28.27,-6.015,9.326,1.892,5.135,20,370,68.8,1.0,Optimistic,68.8,73.6,66.6,41.4
2015-07-31,3663.73,0.288,-0.65,,34.5,0.56,0.56,0.605,-10.0,24.44,40.17,38.58,-15.94,-29.08,-8.185,5.753,4.313,3.235,21,371,67.8,1.0,Optimistic,67.8,74.4,67.1,38.9
2015-08-03,3622.91,0.252,-0.66,,38.85,0.57,0.85,0.628,-2.76,31.63,40.45,37.49,-16.69,-29.87,-9.284,4.981,4.348,30.435,22,368,67.9,1.0,Optimistic,67.9,76.5,68.3,40.0
2015-08-04,3756.55,0.18,-0.68,,54.22,0.0,0.57,0.627,2.55,49.36,40.02,43.14,-13.43,-27.29,-4.917,8.003,34.511,0.543,5,368,72.0,1.0,Optimistic,72.0,80.6,73.7,48.3
2015-08-05,3694.57,0.108,-0.7,,42.23,0.0,0.57,0.635,-2.5,32.47,40.26,41.28,-14.62,-28.49,-4.381,7.74,5.45,0.0,4,367,69.9,1.0,Optimistic,69.9,76.3,70.1,43.2
2015-08-06,3661.54,0.144,-0.69,,46.56,0.0,0.0,0.477,-1.19,36.45,41.51,40.28,-15.15,-29.13,-4.562,5.57,5.177,1.09,5,367,69.2,1.0,Optimistic,69.2,77.4,70.7,42.4
2015-08-07,3744.2,0.216,-0.67,,58.9,0.0,0.57,0.597,2.2,47.66,40.79,43.93,-13.02,-27.53,-1.575,7.659,10.87,0.0,6,368,72.6,1.0,Optimistic,72.6,80.2,75.3,49.7
2015-08-10,3928.41,0.108,-0.7,,73.95,0.0,0.57,0.874,8.43,64.81,40.75,51.11,-8.61,-23.96,3.353,11.518,18.904,0.0,5,365,77.1,1.0,Optimistic,77.1,84.3,82.4,61.7
2015-08-11,3927.91,0.036,-0.72,,65.15,0.0,0.57,0.946,4.56,64.84,40.18,51.09,-8.49,-23.97,3.145,11.987,5.707,0.0,6,368,76.8,1.0,Optimistic,76.8,84.3,81.9,60.6
2015-08-12,3886.32,0.036,-0.72,,62.24,0.0,0.56,0.773,5.19,61.84,39.83,49.44,-9.28,-24.78,3.556,9.351,2.168,1.355,4,369,75.4,1.0,Optimistic,75.4,83.6,80.8,56.5
2015-08-13,3954.56,0.072,-0.71,,73.58,0.0,0.84,0.751,8.0,61.19,39.61,52.18,-7.51,-23.46,4.907,9.633,7.027,0.0,3,370,76.5,1.0,Optimistic,76.5,83.2,82.2,60.6
2015-08-14,3965.34,0.036,-0.72,,64.64,0.0,0.28,0.819,5.91,63.2,39.65,52.61,-7.05,-23.25,4.611,10.691,5.66,0.27,4,371,76.7,1.0,Optimistic,76.7,83.7,82.3,59.8
2015-08-17,3993.67,0.072,-0.71,,58.19,0.0,0.56,0.806,1.66,49.07,40.06,53.81,-6.14,-22.7,3.888,10.584,8.672,0.813,4,369,74.9,1.0,Optimistic,74.9,79.9,78.7,58.4
2015-08-18,3748.16,0.036,-0.72,,48.3,0.0,0.0,0.958,-4.58,21.6,39.07,43.56,-11.54,-27.45,1.299,11.386,1.093,72.678,2,366,69.7,1.0,Optimistic,69.7,73.3,69.4,51.6
2015-08-19,3794.11,0.324,-0.64,,61.08,0.0,0.0,0.841,-2.37,32.39,37.42,45.65,-10.06,-26.56,0.457,9.25,8.447,0.545,3,367,71.9,1.0,Optimistic,71.9,76.0,72.7,55.6
2015-08-20,3664.29,0.18,-0.68,,44.38,0.28,0.28,0.694,-7.34,23.2,38.03,41.03,-12.7,-29.07,-1.142,7.864,2.168,9.756,2,369,68.7,1.0,Optimistic,68.7,73.9,68.5,45.1
2015-08-21,3507.74,0.288,-0.65,,34.46,1.39,0.28,0.664,-11.54,23.62,35.2,36.27,-16.06,-32.1,-3.766,6.419,0.811,19.189,3,370,67.9,1.0,Optimistic,67.9,74.5,67.3,38.5
2015-08-24,3209.91,0.467,-0.6,,21.07,6.37,0.0,0.608,-19.63,24.38,35.61,29.3,-22.75,-37.87,-10.356,4.402,0.269,95.43,1,372,66.3,1.0,Optimistic,66.3,75.7,65.9,29.6
2015-08-25,2964.97,0.827,-0.5,,20.95,14.13,0.0,0.646,-20.9,23.87,48.34,25.04,-28.11,-42.61,-15.24,4.669,0.538,86.828,2,372,63.4,1.0,Optimistic,63.4,73.1,63.6,27.5
2015-08-26,2927.29,1.474,-0.33,,8.84,14.96,0.0,0.862,-22.85,20.9,63.79,24.45,-28.45,-43.34,-18.817,7.071,3.226,30.914,3,372,59.3,1.0,Neutral,59.3,66.7,58.5,28.0
2015-08-27,3083.59,1.618,-0.3,,24.02,1.11,0.0,0.743,-15.85,22.53,61.14,31.64,-24.07,-40.31,-20.649,6.55,14.595,2.432,4,370,58.8,1.0,Neutral,58.8,65.0,58.2,28.9
2015-08-28,3232.35,1.115,-0.43,,43.1,0.0,0.0,0.828,-7.85,21.37,61.16,37.71,-19.84,-37.43,-18.969,8.783,31.452,0.538,5,372,63.5,1.0,Optimistic,63.5,68.9,62.0,40.5
2015-08-31,3205.99,0.827,-0.5,,45.83,0.55,0.0,0.748,-0.12,41.31,62.28,37.08,-19.89,-37.94,-15.209,7.133,1.07,17.914,3,374,65.5,1.0,Optimistic,65.5,76.7,67.0,40.9
2015-09-01,3166.62,0.827,-0.5,,47.05,11.26,0.0,0.823,6.8,63.31,63.33,36.11,-20.22,-38.71,-12.746,5.541,0.8,53.6,2,375,67.1,1.0,Optimistic,67.1,82.6,71.8,42.1
2015-09-02,3160.17,0.827,-0.5,,47.28,14.84,0.0,0.846,7.96,63.97,60.88,35.95,-19.73,-38.83,-13.246,5.106,1.867,20.0,1,375,67.2,1.0,Optimistic,67.2,82.8,72.0,42.5
2015-09-07,3080.42,0.899,-0.48,,44.62,0.82,0.0,0.578,-0.1,40.13,59.49,33.88,-21.08,-40.38,-9.199,7.411,3.217,2.949,1,373,65.8,1.0,Optimistic,65.8,76.0,67.2,36.6
2015-09-08,3170.45,1.115,-0.42,,44.46,0.27,0.0,0.503,-1.91,34.49,47.98,38.2,-18.09,-38.63,-9.245,5.684,18.133,1.067,2,375,64.3,1.0,Optimistic,64.3,72.5,65.4,36.8
2015-09-09,3243.09,0.827,-0.5,,61.09,0.0,0.0,0.746,1.16,46.23,45.63,41.52,-15.51,-37.23,-6.5,9.798,12.299,0.535,3,374,69.6,1.0,Optimistic,69.6,77.9,70.4,48.7
2015-09-10,3197.89,0.683,-0.54,,63.34,0.0,0.0,0.548,0.99,43.18,41.78,40.08,-16.01,-38.1,-2.765,6.243,3.476,1.337,4,374,69.8,1.0,Optimistic,69.8,78.5,72.2,46.4
2015-09-11,3200.23,0.827,-0.5,,71.71,0.0,0.0,0.456,1.27,42.8,40.86,40.19,-15.32,-38.06,2.369,5.526,4.533,0.533,5,375,70.7,1.0,Optimistic,70.7,77.1,75.0,47.6
2015-09-14,3114.8,0.827,-0.5,,57.99,5.18,0.0,0.711,1.12,45.63,42.35,37.35,-16.9,-39.71,-2.264,6.274,0.536,66.756,1,373,67.7,1.0,Optimistic,67.7,78.0,70.5,45.2
2015-09-15,3005.17,1.151,-0.41,,39.43,25.07,0.0,0.515,-5.21,25.67,44.63,34.03,-19.19,-41.83,-4.137,4.718,1.609,32.976,2,373,62.3,1.0,Optimistic,62.3,70.1,63.4,33.1
2015-09-16,3152.26,1.762,-0.25,,39.75,0.27,0.0,0.578,-2.8,31.69,41.34,41.55,-14.72,-38.98,-5.275,6.624,58.177,0.536,3,373,61.0,1.0,Optimistic,61.0,66.0,61.3,35.8
2015-09-17,3086.06,1.079,-0.43,,38.84,0.54,0.0,0.666,-3.5,28.87,41.06,39.37,-15.95,-40.27,-4.662,8.207,1.604,2.941,2,374,65.2,1.0,Optimistic,65.2,71.5,64.8,37.9
2015-09-18,3097.92,1.294,-0.37,,42.26,0.27,0.0,0.441,-3.2,31.26,40.19,39.98,-15.01,-40.04,-4.649,5.28,2.4,0.8,1,375,63.1,1.0,Optimistic,63.1,70.2,63.9,36.6
2015-09-21,3156.54,1.33,-0.36,,60.71,0.27,0.0,0.512,1.34,43.75,39.81,43.01,-12.86,-38.9,-1.618,6.395,10.847,1.058,2,378,66.1,1.0,Optimistic,66.1,73.0,68.7,44.5
2015-09-22,3185.62,1.043,-0.44,,73.24,0.0,0.0,0.593,6.0,56.55,37.17,44.51,-11.65,-38.34,0.632,7.666,4.762,0.794,3,378,70.9,1.0,Optimistic,70.9,78.9,74.9,50.6
2015-09-23,3115.89,0.935,-0.47,,58.37,0.27,0.0,0.515,-1.15,36.66,38.93,41.68,-13.2,-39.69,0.197,6.194,2.139,0.802,4,374,68.5,1.0,Optimistic,68.5,74.7,70.9,44.6
2015-09-24,3142.69,1.294,-0.37,,72.1,0.81,0.0,0.472,1.83,44.53,37.63,43.17,-11.99,-39.17,-0.118,5.876,4.839,1.613,5,372,66.7,1.0,Optimistic,66.7,73.6,69.9,47.6
2015-09-25,3092.35,1.079,-0.43,,56.8,1.61,0.0,0.533,-0.18,39.58,34.91,41.05,-13.01,-40.14,-1.228,5.677,1.072,5.63,6,373,66.9,1.0,Optimistic,66.9,74.3,69.1,43.6
2015-09-28,3100.76,1.223,-0.39,,54.76,0.54,0.0,0.359,-1.77,34.88,31.93,41.56,-12.44,-39.98,-1.288,4.519,6.166,1.072,3,373,65.7,1.0,Optimistic,65.7,71.8,67.7,42.3
2015-09-29,3038.14,1.223,-0.39,,44.46,2.13,0.0,0.38,-4.63,28.37,31.1,38.83,-13.95,-41.19,-2.161,4.256,2.4,1.867,4,375,64.2,1.0,Optimistic,64.2,70.1,65.3,37.5
2015-09-30,3052.78,1.402,-0.34,,53.39,0.8,0.0,0.346,-2.03,34.33,30.65,39.82,-13.24,-40.91,-3.516,3.554,3.714,1.061,2,377,62.8,1.0,Optimistic,62.8,70.1,64.7,40.5
2015-10-08,3143.36,1.33,-0.36,,56.19,0.0,0.0,0.569,0.02,40.45,31.7,45.72,-10.42,-39.16,-1.881,7.782,10.106,0.532,3,376,67.0,1.0,Optimistic,67.0,72.2,67.9,45.3
2015-10-09,3183.15,1.187,-0.39,,71.3,0.26,0.0,0.581,2.94,49.71,30.07,48.13,-9.14,-38.39,-0.41,7.006,7.652,1.055,4,379,69.2,1.0,Optimistic,69.2,75.6,71.7,51.4
2015-10-12,3287.66,1.007,-0.44,,73.51,0.27,0.0,0.974,6.03,67.73,30.07,53.9,-5.97,-36.36,2.086,12.211,10.372,0.266,5,376,74.7,1.0,Optimistic,74.7,81.3,78.7,61.1
2015-10-13,3293.23,0.611,-0.55,,83.42,0.54,0.0,0.758,8.4,61.38,31.95,54.2,-5.55,-36.26,3.407,8.883,6.72,0.806,6,372,76.1,1.0,Optimistic,76.1,83.0,80.9,61.8
2015-10-14,3262.44,0.611,-0.55,,74.36,0.27,0.0,0.762,6.87,61.5,31.71,52.22,-6.11,-36.85,5.621,8.87,3.226,1.344,6,372,76.5,1.0,Optimistic,76.5,83.2,81.9,59.1
2015-10-15,3338.07,0.791,-0.5,,74.63,0.0,0.0,0.829,6.19,63.48,29.66,56.42,-3.67,-35.39,5.059,10.293,7.88,0.272,7,368,76.4,1.0,Optimistic,76.4,81.6,81.2,61.9
2015-10-16,3391.35,0.611,-0.55,,72.75,0.27,0.27,1.053,6.54,70.05,29.26,59.15,-1.93,-34.36,5.307,12.036,5.435,0.0,8,368,78.5,1.0,Optimistic,78.5,84.5,83.7,66.6
2015-10-19,3386.7,0.611,-0.55,,61.38,0.0,0.27,1.016,3.01,58.99,30.34,58.8,-1.86,-34.45,3.92,12.289,6.25,0.543,9,368,76.5,1.0,Optimistic,76.5,81.6,80.3,63.2
2015-10-20,3425.33,0.611,-0.55,,64.57,0.0,0.27,0.861,4.01,60.12,30.99,60.85,-0.49,-33.7,4.604,11.027,5.978,0.272,10,368,76.4,1.0,Optimistic,76.4,81.6,80.9,63.2
2015-10-21,3320.68,0.611,-0.54,,61.08,0.81,0.27,1.247,1.79,56.42,32.76,53.15,-3.21,-35.72,3.161,13.517,1.892,43.514,11,370,74.8,1.0,Optimistic,74.8,81.2,78.2,63.1
2015-10-22,3368.74,0.755,-0.51,,60.81,0.0,0.54,0.884,0.92,46.93,31.8,55.91,-1.5,-34.79,3.336,10.93,11.828,0.538,12,372,73.8,1.0,Optimistic,73.8,77.1,76.5,60.2
2015-10-23,3412.43,0.719,-0.51,,64.36,0.0,0.81,0.956,0.62,46.37,30.64,58.31,0.08,-33.95,3.904,12.42,11.022,0.0,13,372,74.5,1.0,Optimistic,74.5,76.9,77.0,63.7
2015-10-26,3429.58,0.611,-0.54,,69.79,0.0,0.53,1.014,1.27,50.21,32.39,59.25,0.92,-33.62,3.95,13.2,4.545,1.337,6,374,74.4,1.0,Optimistic,74.4,78.7,77.4,66.8
2015-10-27,3434.34,0.575,-0.55,,63.03,0.0,0.0,0.919,0.26,44.33,30.86,59.52,1.38,-33.52,3.457,1.626,7.467,0.267,4,375,69.5,1.0,Optimistic,69.5,77.3,76.2,64.3
2015-10-28,3375.2,0.575,-0.55,,65.79,0.27,0.0,0.834,1.64,49.4,31.72,54.63,-0.2,-34.67,4.091,9.909,2.674,1.872,5,374,74.1,1.0,Optimistic,74.1,79.0,77.5,61.7
2015-10-29,3387.32,0.647,-0.53,,60.8,0.0,0.8,0.678,0.55,43.2,31.76,55.44,0.3,-34.44,3.414,8.446,3.191,0.0,3,376,72.3,1.0,Optimistic,72.3,76.6,75.3,58.3
2015-10-30,3382.56,0.647,-0.53,,49.53,0.27,0.8,0.712,-0.88,38.25,28.96,55.03,0.36,-34.53,2.238,8.943,2.394,0.532,4,376,71.9,1.0,Optimistic,71.9,75.3,73.1,54.9
2015-11-02,3325.09,0.791,-0.49,,40.65,0.0,0.53,0.681,-3.05,30.37,29.84,50.15,-1.16,-35.64,0.664,7.688,2.667,3.467,2,375,68.4,1.0,Optimistic,68.4,72.3,68.8,48.8
2015-11-03,3316.7,0.971,-0.44,,41.5,0.27,0.53,0.575,-3.43,29.75,30.01,49.46,-1.24,-35.8,0.131,6.366,2.918,0.265,2,377,66.8,1.0,Optimistic,66.8,70.6,67.4,46.8
2015-11-04,3459.64,1.043,-0.42,,57.38,0.0,1.33,1.019,2.5,56.49,30.25,59.64,3.1,-33.04,2.348,12.634,13.528,0.0,2,377,71.7,1.0,Optimistic,71.7,76.1,74.5,63.1
2015-11-05,3522.82,0.575,-0.55,,53.15,0.0,0.26,1.665,4.0,80.23,32.16,63.17,5.11,-31.81,3.396,18.215,3.43,0.264,3,379,77.2,1.0,Optimistic,77.2,86.1,83.0,69.9
2015-11-06,3590.03,0.539,-0.56,,65.01,0.0,1.06,1.28,6.13,76.71,32.45,66.52,7.17,-30.51,4.918,15.343,8.466,0.0,3,378,77.9,1.0,Optimistic,77.9,85.1,83.9,73.2
2015-11-09,3646.88,0.503,-0.57,,74.9,0.0,1.05,1.495,9.68,83.04,41.93,69.08,8.87,-29.41,8.409,17.981,8.158,0.526,4,380,78.1,1.0,Optimistic,78.1,86.8,85.9,78.7
2015-11-10,3640.49,0.431,-0.59,,74.92,0.0,2.36,1.263,9.76,76.23,43.1,68.45,8.74,-29.53,10.313,15.784,5.497,0.785,5,382,77.3,1.0,Optimistic,77.3,85.0,84.7,76.8
2015-11-11,3650.25,0.396,-0.6,,69.84,0.0,2.09,1.056,5.51,70.15,39.62,68.92,9.18,-29.35,9.573,13.209,9.948,0.0,3,382,76.8,1.0,Optimistic,76.8,83.3,83.5,74.0
2015-11-12,3632.9,0.431,-0.59,,68.35,0.0,3.37,1.066,3.12,60.61,38.7,67.01,8.82,-29.68,8.975,13.376,6.736,0.0,4,386,75.8,1.0,Optimistic,75.8,80.9,81.2,73.2
2015-11-13,3580.84,0.503,-0.57,,53.5,0.0,0.78,1.028,-0.26,42.67,37.74,61.5,7.43,-30.69,7.711,12.111,2.591,7.254,3,386,72.7,1.0,Optimistic,72.7,76.6,76.1,66.3
2015-11-16,3606.96,0.539,-0.55,,55.53,0.0,1.04,0.825,-1.09,37.79,38.37,63.14,8.4,-30.18,5.633,9.725,8.333,0.26,3,384,72.2,1.0,Optimistic,72.2,74.7,75.3,64.9
2015-11-17,3604.8,0.467,-0.57,,51.36,0.0,1.84,1.154,-0.98,39.45,37.72,62.9,8.53,-30.23,5.23,14.272,1.312,0.525,4,381,72.8,1.0,Optimistic,72.8,75.5,75.3,67.7
2015-11-18,3568.47,0.503,-0.56,,40.0,0.0,1.31,0.899,-2.24,32.85,37.03,58.88,7.66,-30.93,3.961,9.712,0.785,2.88,4,382,70.9,1.0,Optimistic,70.9,74.3,72.9,59.3
2015-11-19,3617.06,0.539,-0.55,,50.04,0.0,1.57,0.755,-0.44,40.14,35.99,62.35,9.2,-29.99,3.958,9.007,6.806,0.0,5,382,72.2,1.0,Optimistic,72.2,75.4,75.2,62.1
2015-11-20,3630.5,0.467,-0.58,,58.69,0.0,2.37,0.961,1.39,50.08,34.04,63.27,9.7,-29.73,4.705,11.305,5.0,0.0,6,380,74.4,1.0,Optimistic,74.4,78.3,78.0,68.6
2015-11-23,3610.32,0.467,-0.58,,48.5,0.0,1.58,0.986,0.09,44.09,33.22,60.86,9.12,-30.12,3.244,9.061,3.421,1.579,7,380,72.5,1.0,Optimistic,72.5,77.0,75.4,64.6
2015-11-24,3616.11,0.467,-0.58,,56.0,0.0,1.84,0.779,0.31,43.28,31.83,61.31,9.23,-30.01,1.898,7.021,8.661,0.262,4,381,71.7,1.0,Optimistic,71.7,76.7,74.7,64.4
2015-11-25,3647.93,0.467,-0.58,,69.35,0.0,2.62,0.86,2.23,52.34,32.28,63.81,9.95,-29.39,1.98,8.703,7.068,0.0,3,382,73.0,1.0,Optimistic,73.0,78.8,76.4,70.4
2015-11-26,3635.55,0.467,-0.58,,57.57,0.0,2.09,0.97,0.51,45.98,29.7,62.13,9.21,-29.63,0.664,9.292,2.88,0.524,3,382,72.1,1.0,Optimistic,72.1,77.4,73.5,67.9
2015-11-27,3436.3,0.467,-0.58,,45.36,0.52,0.52,1.123,-5.35,17.31,34.58,42.68,2.96,-33.49,-2.027,8.991,1.047,21.728,2,382,68.0,1.0,Optimistic,68.0,72.0,66.1,57.8
2015-11-30,3445.41,0.863,-0.46,,49.35,0.26,2.08,0.97,-4.57,21.5,34.53,43.55,3.05,-33.31,-1.802,7.977,5.99,0.521,3,384,66.8,1.0,Optimistic,66.8,69.8,65.8,56.5
2015-12-01,3456.31,0.827,-0.48,,47.01,0.0,0.78,0.809,-4.42,24.02,33.73,44.63,3.26,-33.1,-1.792,7.079,2.344,2.344,3,384,66.2,1.0,Optimistic,66.2,70.6,65.8,53.9
2015-12-02,3536.91,0.791,-0.49,,38.17,0.0,1.04,0.976,-3.04,28.81,32.45,51.97,5.5,-31.54,-2.321,7.645,1.823,2.083,4,384,66.6,1.0,Optimistic,66.6,71.4,66.2,56.2
2015-12-03,3584.82,0.575,-0.55,,49.28,0.0,0.78,0.915,-1.4,36.69,32.53,55.73,6.7,-30.61,-2.658,7.234,5.974,0.26,5,385,69.2,1.0,Optimistic,69.2,75.0,69.8,61.6
2015-12-04,3524.99,0.503,-0.58,,54.87,0.0,1.3,0.826,2.58,53.23,32.49,50.42,4.73,-31.77,-2.513,6.184,2.332,0.518,6,386,71.4,1.0,Optimistic,71.4,80.6,74.2,60.1
2015-12-07,3536.93,0.575,-0.56,,58.74,0.0,1.54,0.691,2.66,50.94,31.6,51.42,4.85,-31.54,-2.505,6.013,2.314,0.514,7,389,70.6,1.0,Optimistic,70.6,79.2,73.1,59.5
2015-12-08,3470.07,0.575,-0.56,,51.8,0.0,1.27,0.748,0.4,43.31,31.46,45.87,2.72,-32.83,-3.325,5.989,2.284,1.777,8,394,69.9,1.0,Optimistic,69.9,77.9,71.4,55.6
2015-12-09,3472.44,0.861,-0.47,,50.99,0.0,1.02,0.653,-1.82,34.74,31.12,46.09,2.67,-32.79,-3.079,5.743,2.785,1.013,9,394,67.1,1.0,Optimistic,67.1,73.0,67.8,53.0
2015-12-10,3455.49,0.86,-0.47,,40.14,0.25,0.25,0.676,-3.61,28.4,30.86,44.68,2.04,-33.12,-2.775,6.11,2.267,0.756,10,395,66.8,1.0,Optimistic,66.8,71.5,66.7,48.8
2015-12-11,3434.58,0.895,-0.46,,40.95,0.25,0.51,0.619,-2.56,32.29,30.77,42.94,1.3,-33.52,-1.119,5.204,1.508,2.01,4,398,66.7,1.0,Optimistic,66.7,72.4,67.8,47.4
2015-12-14,3520.67,0.931,-0.45,,44.43,0.0,0.77,0.731,-0.46,39.9,31.09,51.36,3.64,-31.85,0.173,6.896,2.785,0.0,3,395,68.0,1.0,Optimistic,68.0,73.2,69.9,53.4
2015-12-15,3510.35,0.645,-0.54,,53.85,0.0,1.78,0.685,1.16,45.46,30.47,50.4,3.08,-32.05,1.13,6.826,3.283,0.253,4,396,71.3,1.0,Optimistic,71.3,77.3,74.1,56.4
2015-12-16,3516.19,0.752,-0.51,,58.59,0.0,1.76,0.663,1.26,45.53,30.28,50.96,3.07,-31.94,1.519,6.512,4.5,0.25,5,400,70.8,1.0,Optimistic,70.8,76.3,73.7,57.5
2015-12-17,3580.0,0.681,-0.53,,70.7,0.0,2.52,0.978,3.6,61.06,29.27,56.7,4.68,-30.71,1.61,8.742,6.25,0.0,6,400,74.0,1.0,Optimistic,74.0,80.4,77.6,67.8
2015-12-18,3578.96,0.537,-0.57,,69.61,0.0,1.75,0.945,4.2,63.12,26.08,56.59,4.41,-30.73,1.724,8.31,3.97,0.0,7,403,75.8,1.0,Optimistic,75.8,82.2,79.0,67.4
2015-12-21,3642.47,0.537,-0.58,,65.72,0.0,1.0,1.031,3.46,61.58,26.61,61.75,6.01,-29.5,1.316,9.334,4.478,0.249,8,402,75.3,1.0,Optimistic,75.3,81.3,77.9,69.7
2015-12-22,3651.77,0.536,-0.58,,65.7,0.0,1.51,0.895,4.03,61.04,27.69,62.45,6.04,-29.32,1.863,8.568,5.721,0.0,9,401,75.2,1.0,Optimistic,75.2,81.1,78.5,68.2
2015-12-23,3636.09,0.5,-0.59,,59.31,0.0,0.25,1.023,3.41,61.14,28.04,60.43,5.32,-29.62,2.629,10.287,2.73,1.241,10,403,75.7,1.0,Optimistic,75.7,81.6,78.9,67.3
2015-12-24,3612.49,0.535,-0.58,,48.53,0.0,1.26,0.778,0.91,45.64,27.19,57.42,4.4,-30.08,3.204,7.174,3.234,0.0,11,401,73.8,1.0,Optimistic,73.8,77.5,76.3,58.9
2015-12-25,3627.91,0.535,-0.58,,54.92,0.0,0.75,0.678,1.37,46.1,26.28,58.87,4.58,-29.78,3.13,6.029,2.963,0.247,12,405,73.4,1.0,Optimistic,73.4,77.5,76.1,60.1
2015-12-28,3533.78,0.535,-0.57,,44.45,0.0,0.25,0.924,-2.98,29.36,28.13,48.15,1.65,-31.6,0.494,6.863,2.963,1.975,13,405,71.1,1.0,Optimistic,71.1,74.2,71.1,55.9
2015-12-29,3563.74,0.642,-0.54,,46.08,0.0,0.5,0.621,-2.41,32.8,27.28,51.19,2.26,-31.02,-0.291,5.274,2.475,0.0,14,404,70.1,1.0,Optimistic,70.1,73.9,70.7,52.9
2015-12-30,3572.88,0.571,-0.56,,53.89,0.0,1.01,0.638,-1.74,35.03,27.46,52.12,2.26,-30.84,-1.174,5.849,2.985,0.0,15,401,70.8,1.0,Optimistic,70.8,75.0,71.1,56.3
2015-12-31,3539.18,0.57,-0.56,,49.55,0.0,1.25,0.6,-2.03,34.08,27.95,48.48,1.11,-31.5,-3.055,4.763,1.474,1.966,15,405,69.2,1.0,Optimistic,69.2,75.2,69.5,52.8
2016-01-04,3296.26,0.57,-0.56,,37.21,0.5,0.0,0.627,-9.14,24.13,33.44,31.42,-5.88,-36.2,-4.054,4.728,1.478,65.025,16,406,67.6,1.0,Optimistic,67.6,74.3,67.6,40.4
2016-01-05,3287.71,1.068,-0.4,,39.58,0.25,0.25,0.91,-6.96,20.24,32.18,31.01,-6.13,-36.36,-4.137,5.71,4.167,4.412,17,408,64.9,1.0,Optimistic,64.9,68.8,63.8,43.4
2016-01-06,3361.84,1.068,-0.4,,43.31,0.0,0.25,0.82,-5.67,21.48,31.51,38.56,-4.04,-34.93,-4.671,5.301,8.537,0.244,18,409,65.3,1.0,Optimistic,65.3,68.6,64.3,46.8
2016-01-07,3125.0,0.498,-0.58,,30.42,1.49,0.0,0.243,-12.54,29.41,23.33,28.01,-10.74,-39.51,-5.751,1.471,1.46,72.263,19,411,68.8,1.0,Optimistic,68.8,76.6,68.8,33.2
2016-01-08,3186.41,0.996,-0.42,,38.8,0.5,0.0,0.999,-9.97,19.01,35.22,33.12,-8.92,-38.32,-6.375,5.491,6.311,0.485,20,412,65.3,1.0,Optimistic,65.3,69.4,63.9,43.7
2016-01-11,3016.7,0.676,-0.53,,38.89,4.22,0.0,0.949,-8.48,19.7,33.81,27.35,-13.62,-41.61,-8.35,4.761,1.214,53.398,21,412,66.4,1.0,Optimistic,66.4,73.0,65.1,40.5
2016-01-12,3022.86,0.89,-0.45,,44.56,0.99,0.0,0.731,-8.06,22.7,35.91,27.84,-13.29,-41.49,-8.328,4.08,1.214,6.068,7,412,64.2,1.0,Optimistic,64.2,71.8,64.0,38.8
2016-01-13,2949.6,0.996,-0.42,,26.7,6.44,0.0,0.691,-12.26,23.25,34.72,25.62,-15.2,-42.91,-9.509,3.756,0.969,10.654,8,413,63.4,1.0,Optimistic,63.4,71.3,63.3,30.7
2016-01-14,3007.65,1.068,-0.39,,45.48,0.0,0.0,0.763,-3.76,27.15,37.8,30.36,-13.4,-41.78,-9.451,4.586,8.717,0.0,9,413,65.0,1.0,Optimistic,65.0,71.3,65.0,39.6
2016-01-15,2900.97,0.89,-0.45,,34.65,7.92,0.0,0.722,-8.96,22.82,35.49,26.96,-16.29,-43.85,-9.038,4.094,1.453,7.506,10,413,64.6,1.0,Optimistic,64.6,72.1,64.3,34.0
2016-01-18,2913.84,1.21,-0.35,,50.92,2.02,0.25,0.603,-3.41,29.61,37.24,28.0,-15.71,-43.6,-6.132,4.207,5.911,0.246,11,406,64.3,1.0,Optimistic,64.3,70.9,65.1,37.4
2016-01-19,3007.74,1.317,-0.31,,59.21,0.25,0.25,0.76,-0.5,39.92,37.35,35.3,-12.82,-41.78,-4.547,5.194,9.091,0.246,12,407,65.7,1.0,Optimistic,65.7,72.4,67.3,45.0
2016-01-20,2976.69,1.174,-0.36,,63.71,0.25,0.5,0.81,0.92,46.06,36.81,34.07,-13.53,-42.38,-3.164,5.086,2.683,0.244,13,410,67.3,1.0,Optimistic,67.3,75.3,69.9,47.0
2016-01-21,2880.48,1.281,-0.32,,45.17,6.23,0.0,0.722,-4.23,25.72,35.12,30.52,-16.12,-44.25,-3.055,4.5,0.976,10.0,14,410,63.2,1.0,Optimistic,63.2,69.1,63.9,37.2
2016-01-22,2916.56,1.352,-0.3,,61.19,1.25,0.0,0.606,0.54,42.42,34.87,33.33,-14.88,-43.55,-1.852,3.811,3.902,0.732,15,410,65.3,1.0,Optimistic,65.3,72.8,68.7,42.1
2016-01-25,2938.51,1.281,-0.32,,61.66,0.25,0.25,0.583,0.85,43.16,34.74,35.04,-14.05,-43.12,-2.173,3.457,4.634,0.244,16,410,65.7,1.0,Optimistic,65.7,73.7,69.4,42.9
2016-01-26,2749.78,1.174,-0.35,,42.29,17.16,0.25,0.808,-8.58,21.64,32.02,28.3,-19.34,-46.78,-4.458,3.954,0.487,47.445,5,411,62.5,1.0,Optimistic,62.5,69.1,62.5,36.1
2016-01-27,2735.56,1.601,-0.21,,42.8,16.87,0.25,0.828,-8.1,21.37,38.46,27.86,-19.53,-47.05,-6.244,4.252,3.641,2.184,6,412,59.6,1.0,Neutral,59.6,65.3,59.5,35.0
2016-01-28,2655.66,1.815,-0.14,,43.33,26.12,0.25,0.656,-7.8,23.74,37.67,25.49,-21.57,-48.6,-7.154,3.222,0.487,13.869,4,411,56.4,1.0,Neutral,56.4,64.3,57.3,31.2
2016-01-29,2737.6,2.1,-0.04,,44.65,0.0,0.25,0.723,-6.14,22.81,38.95,31.89,-18.84,-47.01,-7.348,3.954,6.068,0.0,5,412,56.5,1.0,Neutral,56.5,61.5,56.6,33.7
2016-02-01,2688.85,1.886,-0.11,,32.65,4.44,0.25,0.62,-8.5,24.22,36.37,30.23,-19.93,-47.95,-7.963,3.025,1.691,3.382,6,414,56.3,1.0,Neutral,56.3,63.6,57.3,27.8
2016-02-02,2749.57,2.17,-0.02,,52.07,0.49,0.49,0.639,-0.01,40.9,35.14,34.79,-17.76,-46.78,-5.557,3.873,6.763,0.0,7,414,58.9,1.0,Neutral,58.9,65.8,61.1,36.2
2016-02-03,2739.25,1.85,-0.12,,56.53,0.49,0.49,0.614,0.13,41.18,34.8,34.38,-17.69,-46.98,-3.966,3.246,1.691,0.242,8,414,60.2,1.0,Optimistic,60.2,68.4,63.4,38.1
2016-02-04,2781.02,1.884,-0.11,,74.11,0.0,0.25,0.719,4.72,59.19,34.52,37.6,-16.07,-46.17,-2.684,4.105,4.819,0.482,4,415,63.0,1.0,Optimistic,63.0,72.8,67.7,45.8
2016-02-05,2763.49,1.67,-0.18,,59.51,0.25,0.0,0.604,0.95,43.72,35.38,36.79,-16.24,-46.51,-4.095,2.685,1.205,0.0,2,415,60.8,1.0,Optimistic,60.8,70.6,64.8,40.8
2016-02-15,2746.2,1.741,-0.16,,61.57,0.99,0.0,0.561,2.13,46.85,37.39,35.96,-16.41,-46.84,-2.711,3.489,1.695,0.484,3,412,61.5,1.0,Optimistic,61.5,70.9,65.7,40.3
2016-02-16,2836.57,1.883,-0.11,,61.57,0.0,0.0,0.865,3.16,56.51,36.65,43.16,-13.32,-45.1,-2.129,5.354,10.412,0.0,4,413,64.0,1.0,Optimistic,64.0,72.0,68.0,47.2
2016-02-17,2867.34,1.456,-0.25,,67.55,0.0,0.5,0.963,4.68,65.85,35.5,45.41,-12.05,-44.5,-1.39,5.509,3.874,0.242,5,413,68.0,1.0,Optimistic,68.0,78.1,73.1,52.4
2016-02-18,2862.89,1.384,-0.28,,55.75,0.0,0.49,0.985,2.94,58.02,33.79,45.14,-11.87,-44.59,-0.639,5.841,3.373,0.482,3,415,67.8,1.0,Optimistic,67.8,76.6,72.0,49.5
2016-02-19,2860.02,1.349,-0.29,,61.43,0.0,0.0,0.739,3.49,55.06,32.22,44.94,-11.61,-44.64,1.359,4.464,2.169,0.0,4,415,68.0,1.0,Optimistic,68.0,76.1,73.3,48.1
2016-02-22,2927.18,1.313,-0.3,,73.47,0.0,0.0,1.056,6.59,70.15,31.44,50.26,-9.21,-43.34,1.362,6.295,3.874,0.0,5,413,70.8,1.0,Optimistic,70.8,80.0,76.8,58.0
2016-02-23,2903.33,1.207,-0.33,,60.01,0.0,0.0,0.914,2.35,53.86,32.38,48.47,-9.62,-43.8,0.67,5.457,2.421,0.0,6,413,69.1,1.0,Optimistic,69.1,76.7,73.3,52.4
2016-02-24,2928.9,1.207,-0.33,,54.5,0.0,0.0,0.985,2.15,54.13,32.48,50.5,-8.49,-43.31,0.758,5.684,2.92,1.217,7,411,68.8,1.0,Optimistic,68.8,76.5,73.1,52.5
2016-02-25,2741.24,1.171,-0.35,,47.76,1.25,0.0,1.251,-4.25,20.07,33.85,38.49,-13.95,-46.94,-1.054,6.132,0.489,62.836,8,409,64.5,1.0,Optimistic,64.5,68.8,64.3,47.5
2016-02-26,2767.21,1.739,-0.15,,47.52,1.5,0.0,0.885,-3.25,28.4,32.53,40.6,-12.74,-46.44,-1.61,4.224,2.934,1.222,9,409,61.2,1.0,Optimistic,61.2,65.8,62.6,42.6
2016-02-29,2687.98,1.597,-0.2,,29.22,14.29,0.0,0.969,-8.17,19.42,32.63,36.49,-14.9,-47.97,-3.876,3.787,0.244,30.073,1,409,58.6,1.0,Neutral,58.6,64.9,58.8,35.9
2016-03-01,2733.17,1.917,-0.09,,40.79,0.0,0.0,0.885,-5.86,20.58,31.51,40.2,-13.15,-47.1,-4.131,4.307,2.433,0.487,1,411,57.9,1.0,Neutral,57.9,62.2,57.6,39.4
2016-03-02,2849.68,1.633,-0.18,,49.4,0.0,0.0,1.293,-2.7,29.23,33.15,48.56,-9.15,-44.84,-3.906,6.514,13.382,0.0,2,411,62.4,1.0,Optimistic,62.4,66.2,62.1,51.4
2016-03-03,2859.76,1.348,-0.28,,58.81,0.0,0.0,1.369,4.32,74.93,33.12,49.22,-8.5,-44.65,-2.193,6.955,2.184,0.243,2,412,69.2,1.0,Optimistic,69.2,80.7,74.2,56.5
2016-03-04,2874.15,1.384,-0.27,,51.6,0.25,0.0,1.49,3.86,74.88,33.01,50.2,-7.69,-44.37,-3.039,5.959,0.485,8.01,1,412,67.0,1.0,Optimistic,67.0,80.2,72.2,55.5
2016-03-07,2897.34,1.277,-0.3,,69.27,0.0,0.0,1.035,7.79,69.51,33.82,51.82,-6.63,-43.92,-0.599,5.332,3.883,0.0,2,412,68.9,1.0,Optimistic,68.9,79.5,74.6,58.2
2016-03-08,2901.39,1.206,-0.33,,62.5,0.0,0.0,1.114,6.15,71.84,33.42,52.11,-6.18,-43.84,-0.528,5.426,2.657,0.0,2,413,69.6,1.0,Optimistic,69.6,80.7,75.5,58.0
2016-03-09,2862.56,1.24,-0.32,,45.0,0.0,0.0,0.873,0.45,44.75,33.47,49.04,-7.13,-44.59,-1.53,4.028,0.481,3.125,1,416,64.2,1.0,Optimistic,64.2,73.4,67.7,47.7
2016-03-10,2804.73,1.417,-0.25,,37.69,0.0,0.0,0.664,-1.92,34.39,33.64,44.79,-8.68,-45.71,-2.05,3.415,0.721,0.481,2,416,61.9,1.0,Optimistic,61.9,69.5,64.7,39.7
2016-03-11,2810.31,1.487,-0.23,,43.41,0.0,0.0,0.611,-2.22,33.44,33.64,45.29,-8.18,-45.6,-0.92,2.861,0.24,0.24,3,417,61.1,1.0,Optimistic,61.1,68.4,64.6,41.1
2016-03-14,2859.5,1.487,-0.23,,44.44,0.0,0.0,0.94,-1.31,37.15,33.28,49.55,-6.28,-44.65,-0.604,5.648,6.954,0.24,4,417,64.3,1.0,Optimistic,64.3,69.0,66.2,48.1
2016-03-15,2864.37,1.345,-0.28,,39.21,0.0,0.0,0.788,-1.28,36.94,32.64,49.97,-5.78,-44.56,-1.016,3.981,0.962,0.481,5,416,63.5,1.0,Optimistic,63.5,70.1,66.2,44.8
2016-03-16,2870.43,1.309,-0.29,,41.17,0.0,0.0,0.903,0.28,44.24,31.89,50.52,-5.25,-44.44,-1.495,3.741,0.24,0.24,6,417,64.1,1.0,Optimistic,64.1,72.3,67.7,47.7
2016-03-17,2904.83,1.38,-0.26,,58.48,0.24,0.0,0.971,3.57,60.74,31.25,53.62,-3.79,-43.77,0.075,6.691,4.808,0.24,7,416,68.1,1.0,Optimistic,68.1,75.7,72.3,55.8
2016-03-18,2955.15,1.238,-0.31,,69.31,0.25,0.0,1.518,5.15,83.71,31.16,57.78,-1.78,-42.8,1.404,9.192,6.28,0.0,2,414,72.6,1.0,Optimistic,72.6,82.6,79.0,66.0
2016-03-21,3018.8,1.132,-0.35,,69.22,0.0,0.0,1.703,5.57,89.16,31.56,62.39,0.65,-41.57,2.702,11.248,4.348,0.0,3,414,74.4,1.0,Optimistic,74.4,84.5,81.4,69.4
2016-03-22,2999.36,1.096,-0.36,,69.82,0.0,0.0,1.299,4.71,75.48,33.11,60.23,0.36,-41.94,3.919,8.498,1.208,0.0,2,414,72.4,1.0,Optimistic,72.4,81.3,79.2,66.7
2016-03-23,3009.96,1.202,-0.32,,79.47,0.0,0.25,1.045,4.86,69.09,34.04,61.02,1.07,-41.74,5.63,7.322,2.899,0.0,2,414,70.9,1.0,Optimistic,70.9,78.4,78.0,66.9
2016-03-24,2960.97,1.166,-0.33,,63.44,0.0,0.0,1.145,1.93,55.66,32.9,55.51,-0.19,-42.69,4.238,7.711,1.225,0.245,2,408,69.5,1.0,Optimistic,69.5,75.5,74.5,62.2
2016-03-25,2979.43,1.202,-0.32,,58.13,0.0,0.0,0.85,0.82,46.11,30.98,57.09,0.79,-42.33,3.381,5.662,1.946,0.243,3,411,67.2,1.0,Optimistic,67.2,72.4,71.5,57.7
2016-03-28,2957.82,1.201,-0.32,,45.34,0.0,0.0,0.985,-2.02,33.76,31.1,54.65,0.43,-42.75,1.332,6.562,2.19,0.243,2,410,65.5,1.0,Optimistic,65.5,69.3,67.3,54.4
2016-03-29,2919.83,1.201,-0.32,,41.73,0.0,0.0,0.892,-2.65,31.02,31.21,50.57,-0.51,-43.48,0.634,5.336,0.969,1.211,1,413,64.0,1.0,Optimistic,64.0,68.7,65.7,50.4
2016-03-30,3000.64,1.307,-0.28,,47.57,0.0,0.0,1.033,-0.31,42.43,30.87,57.79,2.57,-41.92,0.513,6.93,6.538,0.0,2,413,65.6,1.0,Optimistic,65.6,70.1,67.8,57.2
2016-03-31,3003.91,1.13,-0.34,,54.19,0.0,0.0,1.08,1.45,52.05,30.96,58.06,3.02,-41.86,0.659,7.573,3.623,0.242,3,414,67.9,1.0,Optimistic,67.9,74.1,71.0,60.9
2016-04-01,3009.53,1.165,-0.33,,46.5,0.24,0.0,1.009,1.01,48.86,30.5,58.54,3.52,-41.75,-0.215,5.803,0.966,0.242,4,414,66.1,1.0,Optimistic,66.1,72.9,69.0,57.6
2016-04-05,3053.07,1.165,-0.33,,59.27,0.0,0.25,1.251,3.22,65.14,30.19,62.19,5.17,-40.9,1.078,8.582,5.405,0.0,5,407,69.9,1.0,Optimistic,69.9,76.8,74.0,66.0
2016-04-06,3050.59,1.094,-0.36,,66.69,0.5,0.25,1.125,4.48,69.32,29.96,61.86,5.23,-40.95,1.576,7.478,2.703,0.491,6,407,70.3,1.0,Optimistic,70.3,78.6,75.5,67.3
2016-04-07,3008.42,1.094,-0.36,,50.14,0.75,0.25,1.073,0.26,45.69,28.8,56.32,3.98,-41.77,1.004,7.139,1.481,0.0,7,405,68.1,1.0,Optimistic,68.1,72.7,70.3,59.7
2016-04-08,2984.96,1.129,-0.34,,45.67,0.5,0.0,0.914,-0.63,40.19,27.66,53.45,3.25,-42.22,0.417,5.72,1.478,0.739,8,406,66.9,1.0,Optimistic,66.9,71.3,68.4,54.8
2016-04-11,3033.96,1.129,-0.34,,57.7,0.25,0.0,1.06,0.81,48.45,27.63,58.23,5.04,-41.27,1.794,7.138,3.234,0.249,9,402,68.8,1.0,Optimistic,68.8,72.9,71.3,62.9
2016-04-12,3023.65,1.023,-0.38,,44.3,0.75,0.0,0.885,-0.96,38.56,26.65,56.91,4.68,-41.47,-0.05,5.533,1.485,0.99,1,403,66.5,1.0,Optimistic,66.5,71.4,67.4,55.8
2016-04-13,3066.64,0.952,-0.41,,51.22,0.0,0.0,1.513,0.53,51.52,26.5,60.9,6.14,-40.64,0.565,9.596,4.198,0.0,2,405,70.6,1.0,Optimistic,70.6,75.0,71.7,66.1
2016-04-14,3082.36,0.882,-0.43,,63.93,0.0,0.25,1.008,2.46,56.06,26.06,62.28,6.6,-40.34,0.961,6.458,2.211,0.0,3,407,70.5,1.0,Optimistic,70.5,76.7,73.3,66.7
2016-04-15,3078.12,0.882,-0.43,,65.69,0.0,0.0,0.917,3.12,57.43,26.05,61.65,6.41,-40.42,1.043,5.56,2.228,0.248,4,404,70.4,1.0,Optimistic,70.4,77.1,73.7,65.7
2016-04-18,3033.66,0.881,-0.43,,50.86,0.25,0.25,0.888,-0.01,42.83,26.19,55.32,4.8,-41.28,0.283,5.47,1.225,0.245,5,407,68.9,1.0,Optimistic,68.9,73.9,70.4,58.4
2016-04-19,3042.82,0.916,-0.42,,56.78,0.25,0.25,0.759,0.63,44.35,25.49,56.32,5.04,-41.1,0.791,5.055,2.19,0.0,6,411,69.3,1.0,Optimistic,69.3,74.0,71.2,58.7
2016-04-20,2972.58,0.916,-0.42,,40.96,1.48,0.0,1.374,-3.07,26.54,25.62,47.57,2.63,-42.46,-1.633,7.462,1.22,8.293,6,410,67.3,1.0,Optimistic,67.3,70.2,65.4,56.6
2016-04-21,2952.89,1.092,-0.35,,29.04,1.48,0.0,0.913,-4.2,23.85,25.05,45.44,1.97,-42.84,-2.363,5.348,2.19,1.217,7,410,65.7,1.0,Optimistic,65.7,68.2,63.9,46.7
2016-04-22,2959.24,1.057,-0.36,,36.84,0.0,0.0,0.663,-3.86,27.61,24.52,46.28,2.14,-42.72,-2.429,4.008,1.946,0.243,8,411,65.7,1.0,Optimistic,65.7,69.4,65.1,46.0
2016-04-25,2946.67,1.056,-0.36,,40.13,0.74,0.0,0.611,-2.87,31.33,25.16,44.81,1.69,-42.96,-2.447,3.553,1.46,0.0,9,410,65.8,1.0,Optimistic,65.8,70.6,66.2,45.9
2016-04-26,2964.7,1.056,-0.36,,44.22,0.25,0.0,0.573,-2.57,32.43,25.53,47.38,2.29,-42.62,-2.648,3.618,2.427,0.728,10,412,65.5,1.0,Optimistic,65.5,70.6,66.0,47.7
2016-04-27,2953.67,1.021,-0.38,,49.38,0.25,0.5,0.639,-0.64,38.77,25.47,45.97,1.79,-42.83,-1.445,3.976,0.973,0.0,11,411,67.5,1.0,Optimistic,67.5,72.7,68.6,50.0
2016-04-28,2945.59,1.09,-0.35,,52.32,0.25,0.49,0.681,-0.25,40.38,24.4,44.92,1.39,-42.99,-1.097,4.243,2.427,0.485,12,412,67.8,1.0,Optimistic,67.8,72.6,68.8,50.9
2016-04-29,2938.32,1.125,-0.34,,45.33,0.25,0.74,0.541,-0.71,38.06,23.58,43.94,0.98,-43.13,-1.468,3.32,1.22,0.732,13,410,66.6,1.0,Optimistic,66.6,71.9,67.8,46.0
2016-05-03,2992.64,1.125,-0.34,,57.48,0.49,1.23,0.839,1.56,49.12,23.41,52.29,2.7,-42.07,-0.291,6.19,3.883,0.971,7,412,69.3,1.0,Optimistic,69.3,73.8,70.2,57.3
2016-05-04,2991.27,1.124,-0.34,,49.66,0.25,0.74,0.823,0.9,46.12,22.86,52.08,2.47,-42.1,-0.059,5.483,2.651,0.0,8,415,69.2,1.0,Optimistic,69.2,73.0,69.9,54.3
2016-05-05,2997.84,1.124,-0.34,,56.28,0.0,1.23,0.72,1.5,47.16,22.53,53.06,2.55,-41.97,0.502,4.957,2.899,0.242,9,414,69.2,1.0,Optimistic,69.2,73.2,70.4,55.2
2016-05-06,2913.25,1.124,-0.34,,50.06,1.72,0.25,1.03,-1.1,38.41,23.49,41.37,-0.44,-43.61,-0.744,6.542,1.439,3.357,10,415,68.6,1.0,Optimistic,68.6,72.2,68.1,53.2
2016-05-09,2832.11,1.194,-0.31,,43.39,3.92,0.49,0.894,-3.61,26.68,26.11,33.7,-3.24,-45.18,-0.574,4.807,1.199,10.791,11,417,66.0,1.0,Optimistic,66.0,69.5,65.7,45.2
2016-05-10,2832.59,1.58,-0.15,,35.27,0.49,0.25,0.598,-5.35,24.52,24.89,33.77,-3.26,-45.17,-2.254,3.132,1.202,0.962,10,416,61.8,1.0,Optimistic,61.8,65.6,61.9,36.8
2016-05-11,2837.04,1.544,-0.16,,33.19,2.45,0.0,0.674,-5.16,23.49,23.47,34.54,-3.16,-45.09,-2.939,3.715,1.199,1.439,3,416,62.2,1.0,Optimistic,62.2,65.5,60.9,37.5
2016-05-12,2835.86,1.58,-0.14,,27.21,3.69,0.25,0.676,-5.4,23.46,23.45,34.43,-3.2,-45.11,-3.599,3.815,1.683,1.442,4,416,62.0,1.0,Optimistic,62.0,65.2,60.5,35.5
2016-05-13,2827.11,1.615,-0.13,,32.99,4.43,0.25,0.569,-2.96,31.24,22.79,33.54,-3.48,-45.28,-2.92,3.369,1.205,1.205,5,415,62.7,1.0,Optimistic,62.7,67.1,62.4,35.3
2016-05-16,2850.86,1.684,-0.1,,49.63,1.23,0.25,0.576,0.66,42.5,22.5,38.2,-2.66,-44.82,-2.084,3.826,3.125,0.481,6,416,64.1,1.0,Optimistic,64.1,68.8,64.8,42.9
2016-05-17,2843.68,1.613,-0.13,,46.13,0.73,0.24,0.625,0.39,42.13,22.03,37.35,-2.9,-44.96,-1.555,4.602,2.148,0.239,7,418,65.7,1.0,Optimistic,65.7,69.5,65.7,42.1
2016-05-18,2807.51,1.613,-0.12,,41.13,7.11,0.0,0.715,-1.04,37.65,22.13,33.32,-4.07,-45.66,-1.807,4.077,0.957,3.589,8,418,64.6,1.0,Optimistic,64.6,68.9,64.4,39.8
2016-05-19,2806.91,1.823,-0.03,,46.48,2.46,0.0,0.572,-1.02,37.24,21.42,33.25,-4.03,-45.67,-1.351,4.117,0.719,1.199,9,417,63.8,1.0,Optimistic,63.8,66.9,63.4,39.0
2016-05-20,2825.48,1.858,-0.02,,56.66,0.99,0.0,0.561,-0.06,40.15,20.54,37.28,-3.34,-45.31,-0.997,3.945,0.721,0.721,3,416,63.3,1.0,Optimistic,63.3,66.7,63.2,43.8
2016-05-23,2843.64,1.683,-0.09,,56.46,0.49,0.49,0.628,-0.25,40.0,19.82,41.02,-2.78,-44.96,-1.166,4.272,4.337,0.723,4,415,65.1,1.0,Optimistic,65.1,67.7,64.4,46.6
2016-05-24,2821.67,1.613,-0.12,,53.68,1.49,0.0,0.589,-0.77,38.08,19.64,38.06,-3.56,-45.38,-0.99,3.907,0.242,0.0,5,414,65.4,1.0,Optimistic,65.4,68.3,64.8,44.1
2016-05-25,2815.09,1.647,-0.1,,60.61,2.22,0.0,0.551,0.27,41.05,20.28,37.19,-3.85,-45.51,-0.326,3.915,0.721,0.24,6,416,65.6,1.0,Optimistic,65.6,68.9,65.7,45.4
2016-05-26,2822.44,1.682,-0.09,,59.08,1.98,0.0,0.616,0.55,42.57,18.9,38.87,-3.65,-45.37,-0.409,4.257,1.205,0.241,7,415,66.2,1.0,Optimistic,66.2,68.7,65.7,46.3
2016-05-27,2821.05,1.647,-0.1,,50.24,2.46,0.0,0.593,-0.16,40.07,18.37,38.66,-3.68,-45.4,-0.538,3.945,1.202,0.962,8,416,66.1,1.0,Optimistic,66.1,68.4,65.3,43.1
2016-05-30,2822.45,1.681,-0.09,,37.5,3.94,0.0,0.583,-0.75,38.14,18.57,39.02,-3.61,-45.37,-0.725,3.377,0.481,0.962,9,416,64.8,1.0,Optimistic,64.8,67.6,64.4,38.4
2016-05-31,2916.62,1.751,-0.05,,52.43,0.49,0.25,1.2,3.37,64.87,21.51,57.09,-0.42,-43.55,0.273,7.718,5.981,0.718,10,418,68.6,1.0,Optimistic,68.6,72.8,70.1,57.3
2016-06-01,2913.51,1.471,-0.17,,55.12,0.49,0.24,1.06,3.5,62.42,20.86,56.5,-0.54,-43.61,0.8,7.618,2.619,0.714,11,420,70.5,1.0,Optimistic,70.5,74.7,71.8,57.7
2016-06-02,2925.23,1.47,-0.17,,59.03,0.24,0.24,0.901,3.64,59.44,20.69,58.27,-0.15,-43.38,1.455,6.362,3.571,0.0,12,420,70.3,1.0,Optimistic,70.3,73.8,72.0,57.6
2016-06-03,2938.68,1.4,-0.2,,62.1,0.24,0.49,0.977,4.17,63.8,20.79,60.26,0.26,-43.12,1.658,7.142,2.857,0.476,13,420,71.3,1.0,Optimistic,71.3,75.5,73.4,60.5
2016-06-06,2934.1,1.469,-0.17,,65.36,0.0,0.24,0.807,3.96,58.54,20.88,59.22,0.03,-43.21,2.207,5.931,2.138,0.475,14,421,70.0,1.0,Optimistic,70.0,73.5,72.1,58.4
2016-06-07,2936.05,1.469,-0.17,,54.75,0.73,0.73,0.756,0.67,44.44,20.67,59.54,0.03,-43.17,1.364,5.408,2.133,0.948,15,422,67.9,1.0,Optimistic,67.9,69.8,68.3,54.4
2016-06-08,2927.16,1.433,-0.19,,49.32,1.22,0.24,0.813,0.47,44.23,21.01,57.34,-0.31,-43.34,0.565,5.634,0.95,0.95,16,420,67.8,1.0,Optimistic,67.8,70.1,67.8,52.9
2016-06-13,2833.07,1.502,-0.16,,35.08,6.34,0.0,0.966,-3.15,28.35,23.06,40.31,-3.5,-45.16,-0.522,6.156,0.476,16.19,1,420,63.7,1.0,Optimistic,63.7,66.3,62.1,44.1
2016-06-14,2842.19,1.747,-0.05,,35.6,3.88,0.0,0.683,-3.28,29.51,21.88,42.11,-3.17,-44.99,-0.602,3.918,2.133,0.948,6,422,62.5,1.0,Optimistic,62.5,64.3,61.8,39.9
2016-06-15,2887.21,1.781,-0.03,,46.62,0.0,0.48,0.957,-1.6,35.8,19.7,50.08,-1.63,-44.12,0.002,6.87,7.294,0.0,7,424,65.7,1.0,Optimistic,65.7,65.1,63.7,50.4
2016-06-16,2872.82,1.642,-0.09,,44.58,1.21,0.72,1.002,-2.15,33.09,19.34,47.81,-2.07,-44.39,-0.241,6.339,2.588,0.706,8,425,65.8,1.0,Optimistic,65.8,65.7,63.5,49.9
2016-06-17,2885.11,1.642,-0.09,,52.83,0.48,0.24,1.001,-1.44,36.64,18.49,49.9,-1.58,-44.16,-0.064,5.929,2.123,0.236,9,424,66.5,1.0,Optimistic,66.5,66.5,64.3,53.5
2016-06-20,2888.81,1.607,-0.1,,61.78,1.22,0.49,0.812,1.97,50.42,19.33,50.54,-1.39,-44.08,0.601,5.067,2.619,0.952,10,420,67.7,1.0,Optimistic,67.7,70.4,68.1,54.3
2016-06-21,2878.56,1.642,-0.09,,54.94,3.43,0.0,0.99,1.28,49.95,19.24,48.68,-1.67,-44.28,0.677,6.259,1.193,0.239,11,419,68.0,1.0,Optimistic,68.0,70.1,67.9,53.7
2016-06-22,2905.55,1.711,-0.06,,52.81,0.24,0.24,0.791,0.64,44.69,19.84,53.53,-0.71,-43.76,0.079,5.191,3.791,0.237,8,422,66.1,1.0,Optimistic,66.1,67.9,65.7,51.7
2016-06-23,2891.96,1.536,-0.13,,52.23,1.21,0.24,0.833,0.67,45.27,20.34,50.92,-1.13,-44.02,0.077,5.457,2.364,0.946,9,423,67.2,1.0,Optimistic,67.2,69.7,66.9,51.8
2016-06-24,2854.29,1.64,-0.09,,42.74,4.82,0.48,1.173,-1.07,39.02,20.71,44.46,-2.36,-43.62,0.114,6.914,2.118,0.471,10,425,66.6,1.0,Optimistic,66.6,67.5,65.2,50.2
2016-06-27,2895.7,1.814,-0.01,,52.31,0.72,1.21,0.964,0.24,44.61,20.43,51.72,-0.93,-41.71,0.758,6.636,4.009,0.472,11,424,66.0,1.0,Optimistic,66.0,67.0,65.6,53.3
2016-06-28,2912.56,1.744,-0.04,,61.89,0.72,0.48,1.073,1.18,50.53,19.67,54.33,-0.3,-41.37,1.384,7.152,3.059,0.235,12,425,67.8,1.0,Optimistic,67.8,69.0,67.8,59.0
2016-06-29,2931.59,1.638,-0.08,,53.91,0.72,0.48,1.196,0.9,50.48,19.23,57.15,0.39,-38.74,1.484,7.028,1.647,0.706,13,425,68.4,1.0,Optimistic,68.4,69.8,68.3,59.1
2016-06-30,2929.61,1.534,-0.13,,56.52,0.72,0.24,0.959,1.3,49.65,18.58,56.76,0.37,-37.54,1.67,5.907,1.176,1.176,14,425,68.9,1.0,Optimistic,68.9,70.5,68.9,57.9
2016-07-01,2932.48,1.603,-0.1,,59.65,0.72,0.0,0.882,2.74,54.99,18.21,57.22,0.54,-37.48,1.599,5.239,1.408,0.235,15,426,69.1,1.0,Optimistic,69.1,71.3,69.8,57.8
2016-07-04,2988.6,1.568,-0.11,,59.1,0.24,1.19,1.403,3.21,68.35,18.27,65.04,2.5,-36.28,1.73,7.864,3.497,0.699,16,429,71.7,1.0,Optimistic,71.7,74.7,72.9,65.8
2016-07-05,3006.39,1.358,-0.21,,56.71,0.48,1.2,1.488,3.22,70.29,18.64,67.09,3.11,-33.6,1.685,7.792,2.564,0.699,17,428,73.1,1.0,Optimistic,73.1,77.0,74.7,67.5
2016-07-06,3017.29,1.288,-0.24,,57.58,0.48,0.96,1.341,2.92,65.19,18.65,68.32,3.46,-29.46,1.587,7.221,2.804,0.0,18,428,73.0,1.0,Optimistic,73.0,76.1,74.2,68.0
2016-07-07,3016.85,1.322,-0.22,,56.66,0.48,1.44,1.403,2.98,66.81,19.3,68.21,3.46,-29.47,1.886,8.212,2.347,0.0,16,426,72.9,1.0,Optimistic,72.9,76.2,74.4,68.0
2016-07-08,2988.09,1.322,-0.22,,55.46,0.0,0.24,1.064,1.9,54.17,19.3,61.23,2.49,-30.14,1.74,6.424,1.412,0.471,17,425,70.7,1.0,Optimistic,70.7,73.1,71.4,62.6
2016-07-11,2994.92,1.357,-0.2,,43.51,0.48,0.72,1.415,0.21,48.42,19.0,62.22,2.77,-27.38,0.962,7.896,1.415,0.708,19,424,70.2,1.0,Optimistic,70.2,71.2,69.3,62.0
2016-07-12,3049.38,1.356,-0.2,,46.68,0.0,1.21,1.652,1.43,59.94,18.91,69.01,4.66,-26.06,1.144,8.723,1.415,0.0,5,423,71.2,1.0,Optimistic,71.2,73.9,71.2,67.1
2016-07-13,3060.69,1.217,-0.27,,49.34,0.0,0.73,1.606,1.44,59.36,19.69,70.2,5.05,-25.78,1.037,8.869,1.185,0.0,6,422,71.8,1.0,Optimistic,71.8,74.9,72.0,68.9
2016-07-14,3054.02,1.182,-0.28,,50.15,0.0,0.73,1.133,1.23,51.6,19.49,68.52,4.81,-25.94,0.782,6.878,0.946,0.0,7,423,70.5,1.0,Optimistic,70.5,73.2,70.4,65.6
2016-07-15,3054.3,1.182,-0.28,,51.02,0.0,0.24,1.087,2.22,56.23,19.55,68.56,4.82,-25.94,1.031,6.542,1.415,0.0,8,424,71.0,1.0,Optimistic,71.0,74.4,71.7,65.5
2016-07-18,3043.56,1.112,-0.31,,50.51,0.24,0.24,1.115,1.62,53.49,20.31,65.63,4.41,-26.2,1.292,6.464,1.408,0.469,9,426,71.0,1.0,Optimistic,71.0,74.4,71.8,64.9
2016-07-19,3036.6,1.216,-0.26,,47.36,0.0,1.2,0.986,-0.42,41.59,20.4,63.72,4.12,-26.37,1.28,5.947,1.651,0.0,10,424,69.1,1.0,Optimistic,69.1,70.4,68.8,61.2
2016-07-20,3027.9,1.286,-0.23,,42.42,0.24,0.72,0.881,-1.07,38.07,20.22,61.33,3.78,-26.58,1.13,5.361,1.182,0.0,11,423,68.0,1.0,Optimistic,68.0,68.9,67.4,57.1
2016-07-21,3039.01,1.32,-0.21,,42.73,0.48,0.71,1.044,-0.49,41.57,20.27,63.23,4.1,-26.31,1.052,6.084,1.168,0.467,12,428,68.1,1.0,Optimistic,68.1,69.5,67.6,59.8
2016-07-22,3012.82,1.32,-0.21,,40.01,0.48,0.24,1.028,-1.36,37.08,20.0,56.22,3.18,-26.94,0.935,5.952,0.703,0.703,13,427,67.7,1.0,Optimistic,67.7,68.5,66.7,56.4
2016-07-25,3015.83,1.39,-0.18,,44.37,0.71,0.0,0.911,-0.91,38.89,19.87,56.81,3.24,-26.87,0.679,5.447,1.86,0.698,14,430,67.3,1.0,Optimistic,67.3,68.3,66.5,56.5
2016-07-26,3050.17,1.354,-0.19,,50.11,0.0,0.24,0.988,0.45,45.85,19.46,62.97,4.36,-26.04,0.333,5.647,1.395,0.0,15,430,68.4,1.0,Optimistic,68.4,70.2,68.0,61.7
2016-07-27,2992.0,1.319,-0.21,,43.33,3.08,0.0,1.764,-1.19,39.94,20.32,49.98,2.34,-27.45,-1.088,8.852,0.93,7.907,16,430,68.4,1.0,Optimistic,68.4,69.9,65.9,60.6
2016-07-28,2994.32,1.388,-0.18,,43.91,3.07,0.47,1.179,-1.47,36.73,18.89,50.42,2.41,-27.39,-1.608,6.108,1.856,0.232,12,431,67.5,1.0,Optimistic,67.5,68.4,65.0,57.3
2016-07-29,2979.34,1.353,-0.19,,44.84,3.1,0.0,0.926,-1.11,38.03,18.75,47.51,1.91,-27.75,-1.88,4.482,0.467,0.0,13,428,67.3,1.0,Optimistic,67.3,69.4,65.6,53.9
2016-08-01,2953.39,1.353,-0.19,,38.53,4.98,0.0,0.911,-2.07,33.6,18.76,42.9,1.05,-28.38,-2.515,4.254,1.168,1.636,14,428,66.6,1.0,Optimistic,66.6,68.7,64.4,49.9
2016-08-02,2971.28,1.351,-0.19,,37.27,0.0,0.0,0.714,-2.59,31.9,18.29,46.74,1.63,-27.95,-2.809,3.294,0.932,0.0,15,429,65.8,1.0,Optimistic,65.8,67.9,63.9,47.8
2016-08-03,2978.46,1.386,-0.17,,46.88,0.47,0.47,0.88,-0.45,40.81,17.84,48.24,1.79,-26.84,-1.522,3.984,1.865,0.0,16,429,67.8,1.0,Optimistic,67.8,69.8,66.4,54.2
2016-08-04,2982.43,1.282,-0.22,,50.7,0.0,0.24,0.839,-0.4,40.8,17.45,49.1,1.83,-25.32,-0.896,4.537,0.932,0.0,1,429,68.2,1.0,Optimistic,68.2,70.6,66.4,55.8
2016-08-05,2976.7,1.351,-0.19,,51.17,0.47,0.0,0.887,-0.09,42.47,17.11,47.87,1.56,-25.46,-0.663,4.246,0.232,0.232,1,431,67.7,1.0,Optimistic,67.7,70.6,66.3,56.0
2016-08-08,3004.28,1.385,-0.17,,63.62,0.71,0.47,0.973,1.72,51.88,17.01,53.86,2.4,-24.77,0.115,4.905,1.628,0.0,1,430,69.1,1.0,Optimistic,69.1,72.1,68.4,63.0
2016-08-09,3025.68,1.21,-0.25,,62.94,0.23,0.7,1.06,1.83,53.76,16.64,57.9,3.01,-24.24,0.559,5.368,1.16,0.0,1,431,70.9,1.0,Optimistic,70.9,73.9,70.3,65.8
2016-08-10,3018.75,1.21,-0.25,,58.96,0.47,0.23,1.021,1.35,50.74,16.65,56.18,2.68,-24.41,0.967,5.312,0.928,0.232,1,430,70.7,1.0,Optimistic,70.7,73.1,69.8,63.5
2016-08-11,3002.64,1.244,-0.23,,47.39,1.17,0.23,0.999,0.68,47.09,16.8,52.3,2.04,-24.82,0.829,5.021,0.696,0.232,1,431,70.0,1.0,Optimistic,70.0,72.2,68.9,57.9
2016-08-12,3050.67,1.278,-0.22,,59.36,0.0,0.7,1.034,2.49,56.67,17.69,60.96,3.53,-23.61,0.887,4.855,1.617,0.0,2,432,70.3,1.0,Optimistic,70.3,73.9,70.8,65.3
2016-08-15,3125.2,1.105,-0.3,,62.16,0.0,1.17,1.824,4.02,83.81,20.19,70.05,5.87,-21.75,1.793,9.94,2.759,0.23,3,435,75.5,1.0,Optimistic,75.5,82.1,78.5,75.4
2016-08-16,3110.04,1.001,-0.35,,59.79,0.0,1.17,1.674,2.79,70.92,19.36,66.65,5.19,-22.13,2.593,8.742,3.226,0.23,4,434,75.2,1.0,Optimistic,75.2,79.8,77.3,73.2
2016-08-17,3109.55,1.0,-0.35,,63.23,0.0,0.93,1.265,3.01,64.14,19.34,66.54,5.01,-22.14,2.56,7.094,1.613,0.23,5,434,73.8,1.0,Optimistic,73.8,78.0,75.7,71.7
2016-08-18,3104.11,0.965,-0.37,,69.19,0.0,0.47,1.344,3.38,68.18,19.48,65.22,4.66,-22.27,3.008,7.498,2.069,0.0,6,435,75.1,1.0,Optimistic,75.1,79.5,77.5,73.4
2016-08-19,3108.1,0.999,-0.35,,59.92,0.0,0.47,1.126,1.88,55.08,19.45,65.76,4.63,-22.17,3.288,6.025,1.839,0.0,7,435,73.0,1.0,Optimistic,73.0,75.7,74.6,69.3
2016-08-22,3084.8,0.964,-0.36,,44.75,0.0,0.7,1.065,-1.29,37.5,19.73,59.96,3.69,-22.76,2.178,5.809,1.613,1.382,8,434,70.6,1.0,Optimistic,70.6,71.6,70.0,61.7
2016-08-23,3089.71,0.998,-0.35,,42.61,0.0,0.47,0.921,-0.65,40.12,19.42,60.75,3.7,-22.63,1.092,4.91,1.155,0.231,9,433,70.1,1.0,Optimistic,70.1,72.0,69.7,59.2
2016-08-24,3085.88,0.998,-0.35,,42.04,0.0,0.7,0.827,-0.76,39.2,19.47,59.76,3.42,-22.73,0.862,4.518,2.54,0.0,10,433,70.0,1.0,Optimistic,70.0,71.8,69.7,57.2
2016-08-25,3068.33,1.032,-0.33,,39.46,0.23,0.94,0.984,-1.15,38.0,19.71,55.34,2.74,-23.17,0.387,5.137,0.926,0.694,11,432,69.5,1.0,Optimistic,69.5,71.3,68.5,56.9
2016-08-26,3070.31,0.997,-0.35,,41.74,0.0,0.23,0.85,-1.22,37.35,19.6,55.74,2.72,-19.08,0.171,4.666,0.926,0.0,10,432,69.5,1.0,Optimistic,69.5,71.5,68.7,56.8
2016-08-29,3070.03,1.031,-0.33,,47.92,0.0,0.95,0.823,-0.48,40.36,20.12,55.66,2.63,-19.08,0.238,4.323,0.234,0.0,11,428,69.1,1.0,Optimistic,69.1,72.0,69.0,58.5
2016-08-30,3074.68,1.065,-0.31,,45.67,0.24,0.71,0.801,-0.49,40.21,20.1,56.71,2.7,-16.09,0.174,4.158,0.696,0.464,12,430,68.7,1.0,Optimistic,68.7,71.7,68.7,57.9
2016-08-31,3085.49,1.065,-0.31,,45.07,0.0,0.24,0.809,-0.01,42.21,20.47,59.13,2.98,-15.51,0.242,4.619,1.16,0.232,13,431,69.2,1.0,Optimistic,69.2,72.1,69.3,58.6
2016-09-01,3063.3,1.064,-0.31,,43.73,0.24,0.0,0.888,-0.16,42.15,20.53,52.63,2.16,-16.11,0.155,4.654,0.694,0.463,14,432,69.3,1.0,Optimistic,69.3,72.3,69.3,57.3
2016-09-02,3067.35,1.098,-0.29,,40.33,0.95,0.0,0.859,-0.1,42.23,20.38,53.63,2.22,-16.0,-0.006,4.329,0.93,0.233,15,430,68.9,1.0,Optimistic,68.9,72.0,69.0,55.8
2016-09-05,3072.09,1.132,-0.27,,42.14,0.47,0.47,0.827,0.07,42.69,20.34,54.83,2.24,-15.87,-0.185,4.187,1.392,0.0,4,430,68.2,1.0,Optimistic,68.2,71.8,68.4,56.2
2016-09-06,3090.71,1.132,-0.27,,50.85,0.0,0.94,0.989,0.52,46.22,20.14,59.31,2.72,-15.36,0.516,5.88,1.16,0.0,5,431,69.8,1.0,Optimistic,69.8,72.7,69.7,62.9
2016-09-07,3091.93,1.063,-0.31,,49.92,0.0,0.0,1.064,0.21,45.34,20.12,59.59,2.64,-15.33,0.303,5.75,1.624,0.232,6,431,70.1,1.0,Optimistic,70.1,73.0,69.8,63.8
2016-09-08,3095.95,1.063,-0.31,,57.12,0.0,0.24,0.829,1.07,46.9,19.66,60.56,2.65,-15.22,0.528,4.675,1.16,0.232,7,431,70.0,1.0,Optimistic,70.0,73.4,70.3,63.3
2016-09-09,3078.86,1.028,-0.32,,54.95,0.7,0.23,0.915,0.38,44.81,18.6,54.55,1.97,-15.69,0.542,4.881,1.152,0.23,8,433,70.8,1.0,Optimistic,70.8,73.3,70.3,62.2
2016-09-12,3021.98,1.062,-0.31,,44.47,2.82,0.23,1.175,-1.63,35.81,19.31,40.25,0.02,-17.25,0.113,5.595,0.922,1.843,9,433,69.4,1.0,Optimistic,69.4,71.1,67.8,56.8
2016-09-13,3023.51,1.198,-0.24,,41.15,1.18,0.47,0.767,-2.17,33.35,17.55,40.7,-0.01,-17.2,-0.705,4.112,2.771,0.231,10,433,68.5,1.0,Optimistic,68.5,69.3,66.3,50.1
2016-09-14,3002.85,1.163,-0.25,,38.99,1.9,0.24,0.758,-2.88,30.61,17.63,36.68,-0.75,-17.77,-1.413,3.571,1.163,0.233,11,430,67.6,1.0,Optimistic,67.6,69.0,65.5,47.8
2016-09-19,3026.05,1.197,-0.24,,45.33,0.24,0.48,0.677,-2.26,33.19,17.45,43.44,-0.06,-17.13,-1.306,3.498,1.166,0.0,12,429,67.7,1.0,Optimistic,67.7,69.2,65.9,51.0
2016-09-20,3023.0,1.162,-0.25,,48.25,0.47,0.71,0.676,-1.81,34.77,17.06,42.79,-0.25,-17.22,-0.835,3.328,1.624,0.232,13,430,68.3,1.0,Optimistic,68.3,70.0,66.8,51.9
2016-09-21,3025.87,1.162,-0.25,,57.16,0.24,1.2,0.663,0.13,41.57,17.35,43.64,-0.23,-17.14,-0.383,3.45,1.643,0.0,14,426,69.4,1.0,Optimistic,69.4,71.8,68.8,54.9
2016-09-22,3042.31,1.127,-0.27,,55.44,0.0,1.2,0.801,0.62,44.74,16.26,48.37,0.25,-16.69,-0.429,4.19,1.639,0.0,15,427,71.1,1.0,Optimistic,71.1,72.8,69.6,57.9
2016-09-23,3033.9,1.093,-0.29,,56.22,1.43,0.72,0.725,1.03,45.49,15.81,46.23,-0.09,-16.92,-0.184,3.632,1.168,0.701,12,428,70.9,1.0,Optimistic,70.9,73.4,69.9,56.4
2016-09-26,2980.43,1.093,-0.29,,40.36,3.08,0.71,0.838,-1.51,36.08,16.3,35.49,-1.88,-18.38,-0.54,4.114,0.696,2.088,4,431,69.5,1.0,Optimistic,69.5,71.3,67.1,48.7
2016-09-27,2998.17,1.195,-0.23,,48.22,0.71,0.24,0.707,-0.82,38.43,16.5,40.44,-1.33,-17.9,-0.718,3.41,1.628,0.233,5,430,68.6,1.0,Optimistic,68.6,70.9,67.2,51.0
2016-09-28,2987.86,1.16,-0.25,,44.44,1.18,0.47,0.609,-1.26,36.6,16.59,38.58,-1.67,-18.18,-0.977,2.819,0.922,0.0,6,433,68.2,1.0,Optimistic,68.2,70.8,67.1,47.7
2016-09-29,2998.48,1.16,-0.25,,43.2,0.94,0.0,0.667,-1.44,36.09,15.44,41.55,-1.31,-17.89,-1.102,3.196,0.693,0.0,7,433,68.9,1.0,Optimistic,68.9,70.6,66.8,49.1
2016-09-30,3004.7,1.159,-0.25,,49.71,0.23,0.0,0.604,-0.96,37.54,16.31,43.28,-1.1,-17.72,-2.184,2.536,0.69,0.69,8,435,67.6,1.0,Optimistic,67.6,70.9,66.2,51.1
2016-10-10,3048.14,1.158,-0.25,,66.28,0.0,0.47,0.965,2.27,54.38,16.78,53.61,0.31,-16.53,-0.978,5.486,2.315,0.0,9,432,71.9,1.0,Optimistic,71.9,74.8,70.7,64.7
2016-10-11,3065.25,1.022,-0.32,,63.32,0.0,1.18,1.015,2.24,55.08,16.13,56.93,0.83,-16.06,-0.403,5.042,1.856,0.0,10,431,73.2,1.0,Optimistic,73.2,76.1,72.2,66.1
2016-10-12,3058.5,0.986,-0.34,,65.56,0.23,1.17,0.865,2.36,53.01,16.08,55.25,0.57,-16.25,0.28,4.292,1.379,0.23,11,434,72.9,1.0,Optimistic,72.9,75.9,72.4,64.3
2016-10-13,3061.35,1.02,-0.32,,62.98,0.23,0.7,0.947,2.1,53.23,15.78,55.84,0.66,-16.17,0.912,4.401,1.839,0.0,12,435,73.4,1.0,Optimistic,73.4,75.7,72.9,64.8
2016-10-14,3063.81,1.02,-0.32,,58.27,0.23,0.23,0.961,1.97,52.85,15.21,56.38,0.74,-16.1,2.422,4.209,0.915,0.0,13,436,74.0,1.0,Optimistic,74.0,75.6,74.0,63.7
2016-10-17,3041.17,1.019,-0.32,,44.23,0.0,0.7,1.023,-0.23,42.77,14.88,50.31,0.0,-16.72,1.508,4.668,1.826,0.0,14,438,73.5,1.0,Optimistic,73.5,73.3,71.5,57.8
2016-10-18,3083.88,1.052,-0.3,,50.09,0.0,0.23,1.139,0.61,48.21,15.24,59.23,1.39,-15.55,1.652,5.266,2.517,0.0,15,437,73.8,1.0,Optimistic,73.8,74.0,72.3,64.0
2016-10-19,3084.72,1.018,-0.32,,47.8,0.23,0.7,1.141,0.86,49.62,15.64,59.38,1.4,-15.53,1.317,5.11,1.606,0.229,16,436,73.6,1.0,Optimistic,73.6,74.7,72.4,63.3
2016-10-20,3084.46,0.984,-0.33,,48.63,0.0,0.23,1.004,0.75,47.53,15.19,59.31,1.36,-15.54,1.15,4.352,2.059,0.0,17,437,73.5,1.0,Optimistic,73.5,74.4,72.3,62.2
2016-10-21,3090.94,0.983,-0.33,,46.02,0.0,0.0,1.17,0.89,50.12,14.97,60.64,1.54,-15.36,0.97,4.88,1.373,0.0,18,436,74.2,1.0,Optimistic,74.2,75.1,72.7,63.4
2016-10-24,3128.25,0.949,-0.35,,57.27,0.23,0.7,1.495,2.86,67.89,15.91,67.28,2.71,-14.34,1.44,6.189,2.273,0.0,13,440,76.5,1.0,Optimistic,76.5,80.0,77.0,72.1
2016-10-25,3131.94,0.881,-0.39,,50.54,0.23,1.39,1.254,1.56,55.15,16.14,67.86,2.77,-14.23,1.218,5.525,2.036,0.0,14,442,75.1,1.0,Optimistic,75.1,77.2,74.5,68.5
2016-10-26,3116.31,0.813,-0.42,,50.11,0.0,0.92,1.177,1.02,50.98,16.37,62.8,2.2,-14.66,1.27,5.413,2.032,0.0,15,443,75.1,1.0,Optimistic,75.1,76.7,74.2,66.4
2016-10-27,3112.35,0.88,-0.38,,49.89,0.46,1.15,0.965,0.9,47.82,15.97,61.55,2.04,-14.77,1.294,4.501,1.354,0.0,16,443,73.9,1.0,Optimistic,73.9,75.3,73.0,63.4
2016-10-28,3104.27,0.88,-0.38,,48.95,0.0,0.23,1.11,0.43,46.95,16.11,58.97,1.71,-14.99,0.835,4.627,1.57,0.448,17,446,73.5,1.0,Optimistic,73.5,75.1,72.4,64.1
2016-10-31,3100.49,0.981,-0.33,,43.36,0.23,0.23,0.935,-0.89,39.1,16.11,57.75,1.53,-15.1,0.333,4.005,0.905,0.679,13,442,71.0,1.0,Optimistic,71.0,72.2,69.2,59.2
2016-11-01,3122.44,0.98,-0.33,,48.46,0.0,0.7,0.993,-0.3,42.2,16.35,62.59,2.16,-14.5,0.257,4.552,1.361,0.227,7,440,71.4,1.0,Optimistic,71.4,72.9,69.7,63.3
2016-11-02,3102.73,0.98,-0.33,,47.15,0.47,0.93,1.131,-0.44,42.37,16.68,56.35,1.44,-15.03,-0.046,5.069,1.595,0.228,8,439,71.6,1.0,Optimistic,71.6,73.0,69.6,62.5
2016-11-03,3128.94,0.98,-0.33,,51.59,0.0,1.4,1.375,0.53,50.18,17.74,61.8,2.21,-14.32,0.509,6.794,2.948,0.0,9,441,73.2,1.0,Optimistic,73.2,75.0,72.1,67.7
2016-11-04,3125.32,0.98,-0.33,,55.08,0.0,0.93,1.206,0.68,49.31,17.86,60.67,2.01,-14.42,1.03,5.208,2.262,0.0,10,442,72.6,1.0,Optimistic,72.6,74.8,72.3,67.2
2016-11-07,3133.33,1.013,-0.31,,54.46,0.23,0.7,1.088,1.06,50.08,19.01,62.31,2.18,-14.2,1.11,5.053,1.361,0.454,11,441,71.6,1.0,Optimistic,71.6,74.7,72.0,66.4
2016-11-08,3147.89,0.911,-0.37,,51.38,0.0,0.94,1.152,0.82,49.51,18.59,65.16,2.56,-13.8,0.915,5.172,1.826,0.0,12,437,72.7,1.0,Optimistic,72.7,75.4,72.7,67.2
2016-11-09,3128.37,0.978,-0.33,,51.22,0.0,0.47,1.448,0.83,52.94,18.37,58.76,1.86,-14.33,1.39,6.712,1.144,0.0,13,437,73.5,1.0,Optimistic,73.5,75.7,73.3,67.2
2016-11-10,3171.28,0.978,-0.33,,55.88,0.0,0.47,1.454,1.35,56.65,17.03,66.54,3.17,-13.16,1.266,6.682,2.055,0.0,14,438,74.5,1.0,Optimistic,74.5,76.6,74.1,71.4
2016-11-11,3196.04,0.842,-0.4,,59.59,0.0,0.93,1.838,2.26,69.01,16.27,70.05,3.88,-12.48,1.468,8.032,2.05,0.0,15,439,77.8,1.0,Optimistic,77.8,81.0,77.9,76.1
2016-11-14,3210.37,0.808,-0.42,,61.38,0.0,1.86,1.921,2.46,70.65,17.0,71.89,4.23,-12.09,2.075,8.658,2.494,0.227,16,440,78.2,1.0,Optimistic,78.2,81.7,79.0,77.7
2016-11-15,3206.99,0.64,-0.5,,58.8,0.0,0.7,1.381,1.88,59.11,16.92,70.78,4.03,-12.18,2.443,6.653,1.814,0.0,17,441,77.7,1.0,Optimistic,77.7,80.1,78.0,74.5
2016-11-16,3205.06,0.707,-0.47,,61.46,0.0,0.46,1.263,2.45,60.72,16.6,70.12,3.92,-12.23,2.46,6.191,1.806,0.226,11,442,77.1,1.0,Optimistic,77.1,79.9,77.6,74.1
2016-11-17,3208.45,0.672,-0.48,,50.31,0.0,0.93,1.229,1.17,52.5,16.24,70.64,3.98,-12.14,1.873,5.422,2.268,0.0,12,441,76.3,1.0,Optimistic,76.3,78.1,75.8,70.4
2016-11-18,3192.86,0.672,-0.48,,44.68,0.0,0.93,1.211,-0.1,44.81,15.87,65.04,3.43,-12.57,1.656,5.263,1.134,0.0,13,441,75.4,1.0,Optimistic,75.4,76.1,73.9,66.6
2016-11-21,3218.15,0.739,-0.45,,45.06,0.0,2.1,1.332,0.24,47.89,15.65,69.29,4.18,-11.87,1.419,5.912,1.814,0.0,14,441,75.6,1.0,Optimistic,75.6,76.2,73.9,68.9
2016-11-22,3248.35,0.704,-0.47,,48.75,0.0,1.16,1.51,1.29,56.96,16.14,73.45,5.08,-11.05,1.584,6.849,3.394,0.0,15,442,77.1,1.0,Optimistic,77.1,78.8,76.4,73.0
2016-11-23,3241.14,0.704,-0.47,,46.19,0.0,1.39,1.434,1.13,54.82,16.35,70.98,4.76,-11.24,1.128,6.813,2.027,0.225,16,444,76.4,1.0,Optimistic,76.4,78.3,75.3,70.9
2016-11-24,3241.74,0.704,-0.47,,45.01,0.23,1.85,1.324,1.04,52.87,16.13,71.06,4.69,-11.23,1.143,6.522,1.802,0.0,17,444,76.3,1.0,Optimistic,76.3,77.8,75.1,69.6
2016-11-25,3261.94,0.703,-0.47,,49.07,0.0,2.79,1.325,2.16,60.03,16.03,73.91,5.24,-10.68,1.269,6.474,1.81,0.0,18,442,77.1,1.0,Optimistic,77.1,79.5,76.7,72.0
2016-11-28,3277.0,0.703,-0.47,,46.04,0.23,1.85,1.581,1.83,61.93,15.62,75.81,5.61,-10.26,1.453,7.332,2.022,0.225,14,445,77.6,1.0,Optimistic,77.6,80.0,76.9,73.1
2016-11-29,3282.92,0.669,-0.48,,35.47,0.0,1.15,1.784,1.06,58.74,14.86,76.54,5.68,-10.1,1.092,8.055,0.899,0.449,11,445,77.6,1.0,Optimistic,77.6,79.4,75.8,70.5
2016-11-30,3250.03,0.669,-0.48,,37.85,0.0,0.23,1.333,0.27,48.11,16.39,64.89,4.52,-11.0,1.669,6.593,1.119,0.447,12,447,75.7,1.0,Optimistic,75.7,76.8,74.2,65.8
2016-12-01,3273.31,0.802,-0.41,,44.85,0.23,0.92,1.29,0.97,52.05,15.83,68.54,5.16,-10.36,1.341,6.198,1.798,0.0,13,445,75.4,1.0,Optimistic,75.4,76.6,74.1,68.8
2016-12-02,3243.84,0.802,-0.41,,36.68,0.69,0.69,1.396,-0.55,43.15,16.22,60.03,4.12,-11.17,0.961,6.517,0.673,1.345,14,446,73.8,1.0,Optimistic,73.8,74.4,71.5,64.1
2016-12-05,3204.71,0.835,-0.4,,35.22,0.69,0.46,1.187,-2.21,32.51,16.32,50.98,2.79,-12.24,-0.024,5.639,0.673,0.673,15,446,72.1,1.0,Optimistic,72.1,71.6,68.5,59.0
2016-12-06,3199.65,0.868,-0.38,,41.85,0.0,1.38,0.833,-2.54,31.71,15.67,49.93,2.55,-12.38,-0.33,4.17,1.345,0.448,16,446,71.3,1.0,Optimistic,71.3,71.2,68.1,56.6
2016-12-07,3222.24,0.901,-0.36,,51.59,0.23,1.84,0.894,-0.86,39.08,15.15,54.44,3.2,-11.76,-0.709,4.37,1.348,0.0,17,445,72.3,1.0,Optimistic,72.3,72.7,69.4,62.3
2016-12-08,3215.37,0.833,-0.4,,42.62,0.0,0.46,0.9,-1.77,34.97,14.15,52.88,2.91,-11.95,-0.48,4.348,1.351,0.225,18,443,72.8,1.0,Optimistic,72.8,72.3,69.1,58.9
2016-12-09,3232.88,0.799,-0.41,,47.28,1.16,1.62,1.076,-0.34,42.56,14.55,56.31,3.39,-11.47,-0.338,4.759,1.577,0.45,19,444,73.9,1.0,Optimistic,73.9,74.5,71.0,64.0
2016-12-12,3152.97,0.766,-0.43,,40.91,6.94,0.69,1.447,-1.61,36.14,15.44,41.47,0.8,-13.66,-1.397,5.735,0.903,13.77,2,443,72.0,1.0,Optimistic,72.0,73.6,67.9,59.7
2016-12-13,3155.04,0.864,-0.38,,41.52,4.6,0.46,0.964,-1.39,36.78,15.43,41.9,0.83,-13.6,-1.538,3.917,0.674,0.0,3,445,71.1,1.0,Optimistic,71.1,72.9,68.2,55.4
2016-12-14,3140.53,0.798,-0.41,,30.36,7.57,1.15,1.047,-2.54,31.05,15.85,39.71,0.3,-14.0,-1.652,4.404,0.673,0.448,4,446,71.1,1.0,Optimistic,71.1,72.1,67.3,52.0
2016-12-15,3117.68,0.831,-0.39,,42.04,0.69,0.92,0.988,-3.04,28.78,17.17,36.48,-0.48,-14.63,-1.325,4.241,0.895,0.224,5,446,70.3,1.0,Optimistic,70.3,71.4,67.1,53.7
2016-12-16,3122.98,0.863,-0.38,,50.22,0.0,0.69,0.854,-3.4,27.92,16.48,37.74,-0.37,-14.48,-1.393,3.366,2.461,0.224,6,447,69.7,1.0,Optimistic,69.7,70.9,66.9,55.2
2016-12-19,3118.09,0.863,-0.38,,56.9,1.83,0.92,0.796,-1.11,37.65,16.97,37.01,-0.58,-14.61,-0.26,3.269,1.121,0.897,7,446,70.6,1.0,Optimistic,70.6,73.5,69.6,56.2
2016-12-20,3102.88,0.795,-0.41,,54.47,1.14,0.92,0.81,-1.65,35.44,18.42,34.75,-1.1,-15.03,0.007,3.281,1.566,0.0,8,447,70.7,1.0,Optimistic,70.7,73.6,70.3,54.9
2016-12-21,3137.43,0.894,-0.36,,64.62,0.0,1.14,0.958,-0.1,42.95,17.38,43.23,-0.06,-14.08,-0.043,3.673,1.782,0.0,9,447,71.6,1.0,Optimistic,71.6,74.5,71.0,62.8
2016-12-22,3139.56,0.894,-0.36,,56.29,0.23,0.46,0.855,0.7,45.66,17.66,43.71,-0.05,-14.03,-0.46,3.263,2.009,0.223,10,448,71.1,1.0,Optimistic,71.1,75.2,71.3,58.9
2016-12-23,3110.15,0.86,-0.38,,44.61,2.53,0.46,0.845,-0.41,40.78,17.51,38.78,-1.02,-14.83,-0.645,3.33,1.342,1.342,11,447,70.8,1.0,Optimistic,70.8,74.4,70.3,53.0
2016-12-26,3122.57,0.86,-0.38,,49.59,1.6,0.46,0.773,0.14,42.55,17.63,41.77,-0.7,-14.49,-0.414,3.469,2.444,0.444,12,449,71.5,1.0,Optimistic,71.5,74.8,71.1,54.7
2016-12-27,3114.66,0.86,-0.37,,49.62,1.6,0.68,0.717,0.38,42.95,18.41,40.42,-1.01,-14.71,-0.475,3.03,2.667,0.0,13,450,71.0,1.0,Optimistic,71.0,75.0,71.4,53.4
2016-12-28,3102.24,0.891,-0.36,,40.18,2.97,0.46,0.686,-1.12,37.26,18.28,38.32,-1.47,-15.05,-0.422,2.818,1.778,0.222,14,450,70.0,1.0,Optimistic,70.0,73.3,69.9,48.6
2016-12-29,3096.1,0.857,-0.37,,40.01,2.97,0.46,0.669,-1.38,36.29,17.34,37.29,-1.71,-15.22,-0.39,2.783,0.887,0.443,15,450,70.4,1.0,Optimistic,70.4,73.4,69.8,48.0
2016-12-30,3103.64,0.89,-0.36,,46.63,2.28,0.68,0.671,-0.21,40.44,17.22,39.44,-1.53,-15.01,-0.702,2.478,1.552,0.665,16,451,70.4,1.0,Optimistic,70.4,74.2,70.4,51.0
2017-01-03,3135.92,0.889,-0.36,,50.7,0.23,0.91,0.711,0.43,43.07,15.86,47.72,-0.55,-13.76,-0.839,3.001,2.217,0.0,17,451,71.9,1.0,Optimistic,71.9,74.7,71.0,55.7
2017-01-04,3158.79,0.856,-0.37,,58.14,0.0,1.81,0.844,1.42,48.59,14.74,52.66,0.13,-12.93,-1.039,3.709,1.542,0.0,18,453,73.6,1.0,Optimistic,73.6,76.0,72.0,61.9
2017-01-05,3165.41,0.822,-0.39,,59.85,0.0,1.13,0.879,2.04,51.82,14.73,54.01,0.28,-12.75,-1.265,3.625,1.747,0.0,19,456,73.9,1.0,Optimistic,73.9,77.0,72.7,63.5
2017-01-06,3154.32,0.821,-0.39,,57.78,1.12,0.67,0.921,1.88,51.81,14.49,51.36,-0.12,-11.71,-1.547,3.609,1.525,1.525,20,459,73.8,1.0,Optimistic,73.8,77.3,72.3,62.8
2017-01-09,3171.24,0.788,-0.41,,60.56,0.45,1.12,0.859,2.18,52.11,14.12,54.99,0.36,-11.24,-0.667,3.573,1.961,0.436,6,459,73.9,1.0,Optimistic,73.9,77.3,72.6,64.1
2017-01-10,3161.67,0.754,-0.42,,51.23,1.13,1.13,0.898,0.82,46.66,13.83,52.6,-0.01,-11.51,-0.856,3.591,1.525,0.654,7,458,73.8,1.0,Optimistic,73.8,76.4,71.7,60.9
2017-01-11,3136.75,0.72,-0.44,,38.12,2.03,0.23,0.89,-0.7,39.77,13.78,46.89,-0.82,-11.37,-0.964,3.369,1.747,0.873,8,458,73.5,1.0,Optimistic,73.5,75.4,70.9,54.5
2017-01-12,3119.29,0.785,-0.41,,33.64,3.39,0.23,0.743,-1.46,36.14,13.79,43.33,-1.39,-7.21,-1.004,2.959,1.751,0.0,6,457,72.5,1.0,Optimistic,72.5,73.9,69.8,50.2
2017-01-13,3112.76,0.849,-0.37,,31.95,5.87,0.0,0.782,-1.32,36.76,13.29,42.05,-1.61,-7.41,-1.391,2.807,0.654,1.089,7,458,71.7,1.0,Optimistic,71.7,73.6,68.8,49.6
2017-01-16,3103.43,0.881,-0.36,,21.32,11.34,0.0,1.291,-2.14,32.76,13.34,40.22,-1.92,-7.69,-3.298,3.73,1.094,7.877,8,457,71.0,1.0,Optimistic,71.0,72.3,66.3,51.3
2017-01-17,3108.78,0.913,-0.34,,28.7,3.17,0.68,0.678,-1.67,35.28,12.32,41.78,-1.74,-5.3,-3.284,2.904,2.183,0.437,9,458,71.5,1.0,Optimistic,71.5,72.7,67.4,47.1
2017-01-18,3113.01,0.913,-0.34,,31.78,6.58,0.91,0.662,-0.76,38.46,12.07,43.06,-1.59,-5.18,-3.402,2.499,1.532,0.438,10,457,71.5,1.0,Optimistic,71.5,73.5,68.0,48.2
2017-01-19,3101.3,0.879,-0.35,,34.49,8.84,0.68,0.626,-0.58,38.9,12.08,40.42,-1.96,-5.53,-3.396,2.285,1.532,0.219,4,457,71.3,1.0,Optimistic,71.3,73.9,68.1,47.9
2017-01-20,3123.14,0.878,-0.35,,50.03,0.0,1.13,0.622,0.33,41.9,11.7,46.94,-1.27,-4.87,-3.032,2.545,2.188,0.0,5,457,72.3,1.0,Optimistic,72.3,74.6,69.1,55.4
2017-01-23,3136.78,0.78,-0.4,,63.58,0.23,0.45,0.676,1.07,45.04,11.66,50.57,-0.86,-4.45,-1.412,2.801,1.739,0.0,6,460,73.8,1.0,Optimistic,73.8,76.0,71.2,61.9
2017-01-24,3142.55,0.747,-0.42,,55.52,1.8,0.67,0.645,1.09,44.69,11.63,52.07,-0.7,-4.28,-1.742,2.412,0.87,0.0,7,460,73.4,1.0,Optimistic,73.4,76.0,70.9,59.5
2017-01-25,3149.55,0.746,-0.42,,61.34,0.9,0.67,0.575,1.17,44.09,11.43,53.89,-0.49,-4.06,-1.777,2.289,0.433,0.0,8,460,73.1,1.0,Optimistic,73.1,75.6,70.6,61.1
2017-01-26,3159.17,0.745,-0.42,,69.32,0.22,0.9,0.586,1.87,46.43,11.32,56.34,-0.22,-3.77,-3.048,2.027,0.649,0.0,9,462,72.8,1.0,Optimistic,72.8,75.9,70.2,64.1
2017-02-03,3140.17,0.712,-0.44,,56.88,0.0,0.9,0.478,0.55,41.14,12.43,50.61,-0.82,-4.35,-2.14,2.51,0.868,0.0,10,461,73.2,1.0,Optimistic,73.2,75.5,70.5,57.7
2017-02-06,3156.98,0.744,-0.42,,57.84,0.0,1.35,0.666,0.64,43.41,12.51,54.98,-0.31,-3.84,-1.323,2.997,1.735,0.0,11,461,73.6,1.0,Optimistic,73.6,75.3,71.0,61.6
2017-02-07,3153.09,0.744,-0.42,,59.04,0.45,1.57,0.677,0.34,42.41,11.92,53.79,-0.44,-3.95,-0.793,2.955,1.948,0.0,12,461,74.0,1.0,Optimistic,74.0,75.2,71.3,61.8
2017-02-08,3166.98,0.742,-0.42,,61.31,0.0,2.23,0.767,0.55,44.12,12.78,57.33,-0.01,-3.53,-0.082,3.478,1.713,0.0,13,465,74.3,1.0,Optimistic,74.3,75.3,71.8,65.0
2017-02-09,3183.18,0.742,-0.42,,61.37,0.0,3.35,1.019,0.76,47.72,12.63,61.07,0.47,-3.04,1.89,4.308,3.426,0.0,14,467,76.2,1.0,Optimistic,76.2,75.8,74.1,69.7
2017-02-10,3196.7,0.741,-0.42,,62.31,0.0,3.12,1.278,1.8,56.99,12.44,63.92,0.88,-2.63,1.128,4.642,4.069,0.214,15,467,76.9,1.0,Optimistic,76.9,77.9,75.3,73.3
2017-02-13,3216.84,0.74,-0.42,,59.89,0.0,2.46,1.176,1.9,55.95,12.04,67.7,1.51,-2.01,1.171,4.874,1.931,0.0,16,466,76.7,1.0,Optimistic,76.7,77.2,74.6,73.1
2017-02-14,3217.93,0.644,-0.47,,59.6,0.45,2.23,1.017,2.06,54.21,11.37,67.9,1.54,-1.98,1.339,4.084,1.931,0.0,17,466,77.0,1.0,Optimistic,77.0,77.6,75.1,71.8
2017-02-15,3212.99,0.675,-0.45,,49.61,0.45,1.78,1.317,1.45,55.41,11.1,65.94,1.38,-2.13,1.23,4.903,1.499,0.214,18,466,77.6,1.0,Optimistic,77.6,77.9,75.1,70.4
2017-02-16,3229.62,0.643,-0.47,,47.92,0.22,2.01,1.183,1.46,53.56,11.19,69.16,1.89,-1.62,1.181,4.393,1.717,0.0,11,466,76.8,1.0,Optimistic,76.8,77.3,74.5,70.0
2017-02-17,3202.08,0.546,-0.52,,45.41,0.67,0.45,1.235,0.17,46.58,11.64,59.18,1.03,-2.46,1.203,4.466,2.146,0.215,12,466,77.6,1.0,Optimistic,77.6,77.5,74.6,66.9
2017-02-20,3239.96,0.706,-0.43,,45.26,0.23,3.61,1.265,0.72,50.2,12.05,66.37,2.2,-1.31,1.161,4.697,1.948,0.433,13,461,76.0,1.0,Optimistic,76.0,76.2,73.4,69.0
2017-02-21,3253.33,0.545,-0.52,,53.65,0.0,3.38,1.152,1.1,51.1,12.29,68.48,2.6,-0.9,1.08,4.726,1.724,0.216,14,463,77.1,1.0,Optimistic,77.1,77.6,74.6,72.4
2017-02-22,3261.22,0.545,-0.52,,59.51,0.0,4.97,1.13,1.5,53.05,11.87,69.69,2.84,-0.66,1.126,4.689,3.017,0.0,11,463,77.5,1.0,Optimistic,77.5,77.9,75.1,74.6
2017-02-23,3251.38,0.481,-0.55,,55.38,0.0,2.04,1.146,0.67,48.64,11.06,66.27,2.52,-0.96,1.088,4.902,2.814,0.0,12,462,78.1,1.0,Optimistic,78.1,77.6,74.8,72.5
2017-02-24,3253.43,0.513,-0.53,,62.32,0.0,1.59,1.025,1.6,52.05,11.24,66.64,2.58,-0.9,1.27,4.081,1.957,0.0,13,460,77.7,1.0,Optimistic,77.7,78.3,75.5,73.6
2017-02-27,3228.66,0.545,-0.52,,52.92,0.0,0.68,1.008,-0.35,42.07,12.1,58.38,1.82,-1.65,1.027,4.166,2.371,0.216,14,464,76.8,1.0,Optimistic,76.8,76.4,73.6,67.7
2017-02-28,3241.73,0.641,-0.47,,50.87,0.0,2.25,0.839,-0.36,40.97,11.94,61.12,2.25,-1.25,1.147,3.562,2.575,0.215,15,465,75.3,1.0,Optimistic,75.3,74.9,72.6,65.3
2017-03-01,3246.93,0.641,-0.46,,50.97,0.0,1.35,1.07,-0.44,42.0,11.72,62.19,2.43,-1.1,0.981,4.392,2.564,0.427,16,468,76.0,1.0,Optimistic,76.0,75.0,72.5,68.8
2017-03-02,3230.03,0.641,-0.46,,46.88,0.22,0.9,1.03,-0.66,40.65,12.03,56.74,1.91,-1.61,0.752,4.208,1.923,0.641,17,468,76.0,1.0,Optimistic,76.0,75.3,72.5,65.2
2017-03-03,3218.31,0.673,-0.45,,44.77,0.22,0.89,0.898,-1.08,38.08,11.34,53.26,1.57,-1.97,0.465,3.766,1.066,0.426,18,469,75.5,1.0,Optimistic,75.5,74.8,71.8,61.6
2017-03-06,3233.87,0.704,-0.43,,57.13,0.0,1.79,0.899,0.16,43.69,11.79,57.03,2.07,-1.49,0.522,4.216,2.335,0.0,19,470,76.2,1.0,Optimistic,76.2,75.6,72.8,67.0
2017-03-07,3242.41,0.671,-0.45,,54.66,0.22,1.33,0.955,0.02,43.49,11.6,58.99,2.32,-1.23,0.342,4.116,2.326,0.0,20,473,76.1,1.0,Optimistic,76.1,75.5,72.7,67.6
2017-03-08,3240.66,0.639,-0.46,,48.98,0.0,0.67,0.941,-0.19,42.38,10.82,58.4,2.24,-1.29,0.257,3.808,1.486,0.212,21,471,76.1,1.0,Optimistic,76.1,75.6,72.4,65.4
2017-03-09,3216.75,0.671,-0.45,,48.44,0.22,0.67,0.979,-0.41,41.59,10.57,50.95,1.49,-2.02,0.059,3.786,1.486,0.0,22,471,76.4,1.0,Optimistic,76.4,75.7,72.5,63.3
2017-03-10,3212.76,0.766,-0.4,,48.23,0.0,0.88,0.8,-0.17,41.48,10.29,49.8,1.36,-2.14,-0.022,3.245,0.846,0.0,13,473,74.9,1.0,Optimistic,74.9,75.0,71.5,60.1
2017-03-13,3237.02,0.766,-0.4,,45.36,0.44,1.55,0.961,0.1,43.91,10.63,56.23,2.13,-1.4,-0.13,4.202,1.271,0.212,9,472,75.4,1.0,Optimistic,75.4,75.2,71.4,63.3
2017-03-14,3239.33,0.669,-0.45,,41.03,0.44,0.22,0.866,-0.09,42.29,10.78,56.8,2.15,-1.33,-0.082,3.843,1.271,0.212,10,471,75.5,1.0,Optimistic,75.5,75.5,71.7,61.0
2017-03-15,3241.76,0.669,-0.44,,43.72,0.67,1.55,0.86,0.03,42.8,11.49,57.42,2.18,-1.25,0.023,3.761,1.477,0.422,11,473,75.2,1.0,Optimistic,75.2,75.5,71.8,62.0
2017-03-16,3268.93,0.669,-0.44,,56.38,0.22,2.22,1.135,1.62,53.78,10.34,63.74,2.97,-0.43,0.861,5.131,2.11,0.0,12,473,77.9,1.0,Optimistic,77.9,77.7,74.6,71.9
2017-03-17,3237.45,0.636,-0.46,,50.78,0.22,1.11,1.204,0.77,49.82,10.12,53.78,1.92,-1.39,1.094,4.886,1.681,0.21,13,475,78.6,1.0,Optimistic,78.6,78.1,75.0,67.6
2017-03-20,3250.81,0.762,-0.39,,48.6,0.44,2.21,1.022,0.43,46.07,10.1,56.86,2.27,-0.98,1.179,4.18,1.261,0.21,10,476,76.3,1.0,Optimistic,76.3,75.7,72.9,65.6
2017-03-21,3261.61,0.698,-0.43,,52.04,0.22,2.65,0.975,0.69,46.88,10.11,59.23,2.53,-0.65,1.232,4.17,2.51,0.0,11,477,77.0,1.0,Optimistic,77.0,76.2,73.7,67.1
2017-03-22,3245.22,0.698,-0.43,,50.7,1.1,3.73,1.136,0.11,45.4,10.1,54.36,1.94,-1.15,1.302,4.812,2.301,0.0,12,478,77.8,1.0,Optimistic,77.8,76.4,73.9,67.0
2017-03-23,3248.55,0.698,-0.43,,42.71,1.76,2.64,1.152,-0.62,41.44,9.45,55.16,1.98,-1.05,0.6,4.781,2.51,0.0,13,477,77.3,1.0,Optimistic,77.3,75.2,72.4,64.5
2017-03-24,3269.45,0.697,-0.43,,50.2,0.66,2.64,1.311,0.99,52.39,9.43,59.95,2.57,-0.41,0.688,5.079,2.096,0.0,14,477,78.3,1.0,Optimistic,78.3,77.6,74.5,70.0
2017-03-27,3266.95,0.633,-0.46,,45.25,1.31,1.96,1.197,0.5,48.17,10.25,59.14,2.41,-0.49,0.833,4.764,2.075,0.207,15,481,77.8,1.0,Optimistic,77.8,77.1,74.1,67.3
2017-03-28,3252.95,0.727,-0.41,,41.35,0.87,0.43,0.956,-0.27,42.14,10.35,54.66,1.9,-0.91,0.777,3.842,1.863,0.207,10,483,75.9,1.0,Optimistic,75.9,75.2,72.2,61.6
2017-03-29,3241.31,0.759,-0.39,,40.24,3.28,1.31,1.276,-0.12,45.17,10.04,51.2,1.47,-1.27,0.561,4.619,1.875,0.833,11,480,76.7,1.0,Optimistic,76.7,75.9,72.6,63.1
2017-03-30,3210.24,0.758,-0.39,,33.81,7.44,1.09,1.449,-1.18,39.14,9.93,43.31,0.44,-2.21,0.373,4.959,1.67,2.296,11,479,76.2,1.0,Optimistic,76.2,74.6,71.0,59.7
2017-03-31,3222.51,0.758,-0.39,,34.61,3.26,1.09,1.139,-1.44,36.87,9.65,46.8,0.76,-1.84,-0.395,3.535,1.867,1.867,12,482,74.7,1.0,Optimistic,74.7,73.9,70.0,58.7
2017-04-05,3270.3,0.757,-0.39,,45.62,0.0,3.05,1.431,0.1,47.82,10.07,57.71,2.16,-0.38,-0.309,5.709,4.158,0.0,9,481,77.2,1.0,Optimistic,77.2,76.1,72.5,68.3
2017-04-06,3281.01,0.694,-0.42,,49.5,0.0,2.61,1.399,0.86,52.62,10.09,59.7,2.42,-0.06,-0.318,5.457,3.333,0.0,10,480,77.8,1.0,Optimistic,77.8,77.7,73.7,70.3
2017-04-07,3286.62,0.63,-0.46,,51.55,0.0,2.16,1.333,1.4,55.28,10.05,60.75,2.53,0.0,-0.559,5.389,3.112,0.0,11,482,78.5,1.0,Optimistic,78.5,78.9,74.6,71.0
2017-04-10,3269.39,0.63,-0.46,,54.41,3.03,2.38,1.305,1.84,57.68,10.12,55.95,1.93,-0.52,0.002,6.046,2.079,2.911,10,481,78.8,1.0,Optimistic,78.8,80.0,75.2,70.3
2017-04-11,3288.97,0.567,-0.49,,55.56,1.08,4.76,1.569,2.06,63.47,9.98,59.83,2.47,0.0,1.392,7.532,2.911,0.208,11,481,81.3,1.0,Greed,81.3,81.7,78.3,73.9
2017-04-12,3273.83,0.566,-0.49,,42.71,2.79,3.0,1.49,0.11,48.34,9.97,55.74,1.95,-0.46,1.002,6.902,2.268,1.031,12,484,79.5,1.0,Optimistic,79.5,78.1,74.8,67.7
2017-04-13,3275.96,0.597,-0.47,,43.76,1.3,1.95,1.136,-0.15,43.96,9.99,56.2,1.95,-0.4,1.26,5.213,1.042,0.208,13,480,78.3,1.0,Optimistic,78.3,76.7,73.9,65.5
2017-04-14,3246.07,0.596,-0.47,,39.63,6.54,0.22,1.173,-1.23,38.07,10.42,48.66,0.96,-1.3,1.206,5.094,0.418,0.209,2,478,77.0,1.0,Optimistic,77.0,75.6,72.2,61.9
2017-04-17,3222.17,0.627,-0.45,,38.98,11.37,0.64,1.159,-1.44,36.85,10.25,43.62,0.17,-2.03,0.941,4.786,0.413,6.198,7,484,76.2,1.0,Optimistic,76.2,75.2,71.3,59.7
2017-04-18,3196.71,0.689,-0.42,,30.3,13.95,1.29,1.022,-2.8,29.77,10.31,38.99,-0.67,-2.8,0.206,4.479,0.62,2.066,4,484,74.8,1.0,Optimistic,74.8,73.0,69.0,53.4
2017-04-19,3170.69,0.721,-0.4,,31.35,15.81,1.07,1.152,-3.15,27.28,10.67,34.91,-1.51,-3.6,-0.3,4.508,0.617,2.675,5,486,74.1,1.0,Optimistic,74.1,72.2,68.0,53.3
2017-04-20,3172.1,0.752,-0.39,,27.81,16.06,3.21,1.035,-3.17,27.85,10.19,35.3,-1.5,-3.55,-0.969,4.451,0.206,1.237,6,485,74.0,1.0,Optimistic,74.0,72.0,67.6,51.0
2017-04-21,3173.15,0.75,-0.39,,32.06,14.07,0.85,0.889,-2.25,32.84,9.72,35.62,-1.5,-3.52,-1.504,3.413,1.027,1.027,7,487,74.0,1.0,Optimistic,74.0,73.4,68.7,50.6
2017-04-24,3129.53,0.719,-0.4,,29.4,27.29,0.43,1.002,-2.87,29.51,10.07,29.27,-2.86,-4.85,-2.303,3.684,0.205,5.955,1,487,72.7,1.0,Optimistic,72.7,73.1,66.6,48.5
2017-04-25,3134.57,0.875,-0.32,,37.06,11.56,1.07,0.821,-1.94,34.23,9.67,30.81,-2.71,-4.69,-2.354,3.638,1.852,0.412,2,485,73.2,1.0,Optimistic,73.2,72.9,67.5,48.6
2017-04-26,3140.85,0.874,-0.32,,43.59,8.32,1.71,0.906,-0.94,38.74,9.29,32.76,-2.52,-4.5,-2.132,4.299,1.431,0.409,2,488,74.4,1.0,Optimistic,74.4,74.1,68.6,52.9
2017-04-27,3152.19,0.842,-0.34,,47.93,8.94,1.49,1.126,-0.63,41.29,9.1,36.27,-2.17,-4.16,-1.793,5.062,1.844,0.615,3,488,75.7,1.0,Optimistic,75.7,74.9,69.6,58.5
2017-04-28,3154.66,0.905,-0.3,,52.38,4.04,0.64,0.86,-0.58,40.12,9.13,37.04,-2.1,-4.08,-1.517,3.832,1.639,0.41,3,488,74.3,1.0,Optimistic,74.3,74.1,69.1,56.7
2017-05-02,3143.71,0.935,-0.29,,59.26,6.17,2.13,0.81,0.45,44.14,9.09,35.02,-2.43,-4.42,-0.707,4.057,2.658,0.409,4,488,75.3,1.0,Optimistic,75.3,74.9,70.6,57.4
2017-05-03,3135.35,0.997,-0.25,,55.62,5.07,2.33,0.857,0.02,42.74,9.06,33.51,-2.69,-4.67,-0.401,3.981,2.024,0.607,5,492,74.8,1.0,Optimistic,74.8,74.1,70.1,56.0
2017-05-04,3127.37,1.059,-0.22,,48.36,6.99,1.06,0.926,-0.43,41.18,9.0,32.1,-2.92,-4.91,-0.12,4.39,2.439,0.203,6,492,74.8,1.0,Optimistic,74.8,73.2,69.7,53.8
2017-05-05,3103.04,1.089,-0.2,,39.93,16.91,0.85,0.913,-1.56,35.94,9.29,28.19,-3.65,-5.65,-0.775,3.755,1.42,0.609,6,492,73.0,1.0,Optimistic,73.0,71.6,67.8,49.0
2017-05-08,3078.61,1.12,-0.19,,31.08,22.83,0.63,0.931,-2.41,31.99,9.25,24.91,-4.37,-6.4,-0.727,3.753,1.826,2.84,7,493,72.3,1.0,Optimistic,72.3,70.5,66.6,44.9
2017-05-09,3080.53,1.119,-0.19,,36.5,4.65,0.42,0.695,-2.01,34.06,8.84,25.64,-4.26,-6.34,-1.099,3.069,1.623,0.406,8,492,72.2,1.0,Optimistic,72.2,71.0,67.2,43.5
2017-05-10,3052.78,1.118,-0.19,,30.75,21.52,0.42,0.831,-2.63,31.31,8.38,22.26,-5.05,-7.18,-1.802,3.505,1.619,2.024,9,494,72.0,1.0,Optimistic,72.0,70.5,66.1,42.4
2017-05-11,3061.5,1.241,-0.12,,32.5,27.04,0.84,0.996,-2.11,33.33,8.31,25.58,-4.7,-6.92,-2.866,3.674,2.012,2.012,10,497,71.2,1.0,Optimistic,71.2,69.9,65.0,45.7
2017-05-12,3083.51,1.241,-0.12,,36.51,23.38,0.63,0.833,-0.63,39.78,8.75,33.32,-3.95,-6.25,-2.842,3.302,2.209,1.205,11,498,71.6,1.0,Optimistic,71.6,71.4,66.5,47.3
2017-05-15,3090.23,1.24,-0.12,,43.73,12.71,1.25,0.71,0.38,42.88,8.87,35.52,-3.68,-6.04,-2.563,3.093,2.8,0.2,12,499,72.1,1.0,Optimistic,72.1,72.2,67.6,48.8
2017-05-16,3112.96,1.238,-0.12,,47.69,0.84,1.88,0.917,1.05,47.94,8.67,42.46,-2.91,-5.35,-2.073,4.664,4.609,0.401,10,499,74.1,1.0,Optimistic,74.1,73.4,69.0,55.7
2017-05-17,3104.44,1.145,-0.17,,55.5,0.84,1.04,0.894,1.69,50.52,8.56,40.69,-3.13,-5.61,-1.359,4.422,1.807,0.0,10,498,75.1,1.0,Optimistic,75.1,74.9,70.6,57.8
2017-05-18,3090.14,1.083,-0.21,,53.85,3.13,0.63,0.792,0.94,45.91,8.49,37.84,-3.5,-6.05,-0.326,3.662,1.207,1.61,11,497,74.3,1.0,Optimistic,74.3,74.3,70.3,54.8
2017-05-19,3090.63,1.112,-0.19,,54.96,2.7,1.24,0.696,0.23,42.21,8.64,38.01,-3.4,-6.03,-0.043,3.12,1.394,0.996,12,501,73.4,1.0,Optimistic,73.4,73.1,69.7,53.8
2017-05-22,3075.68,1.081,-0.21,,47.78,18.33,1.04,0.831,-0.47,40.44,8.47,35.04,-3.77,-6.49,0.128,3.522,1.4,4.0,13,500,73.7,1.0,Optimistic,73.7,73.0,69.4,52.3
2017-05-23,3061.95,1.204,-0.14,,31.77,33.82,1.45,0.969,-1.64,35.61,8.59,32.53,-4.11,-6.9,-0.737,3.835,0.598,6.972,14,502,72.1,1.0,Optimistic,72.1,70.7,66.7,47.2
2017-05-24,3064.08,1.265,-0.11,,34.05,12.63,0.83,0.762,-1.3,36.79,8.7,33.33,-3.95,-6.84,-0.922,3.201,1.392,0.596,15,503,71.8,1.0,Optimistic,71.8,70.4,67.1,45.2
2017-05-25,3107.83,1.265,-0.11,,41.89,4.34,0.62,1.047,0.57,47.07,12.35,47.15,-2.52,-5.51,-1.084,4.41,1.19,0.794,14,503,72.2,1.0,Optimistic,72.2,72.6,68.7,56.4
2017-05-26,3110.06,0.894,-0.3,,42.39,5.79,0.83,0.852,0.63,45.31,10.88,47.74,-2.38,-5.44,-1.475,3.37,1.389,0.595,15,504,74.2,1.0,Optimistic,74.2,75.3,70.8,55.5
2017-05-31,3117.18,0.894,-0.3,,47.52,6.61,1.45,0.836,1.35,48.19,12.03,49.69,-2.09,-5.22,-1.294,3.73,0.992,0.595,6,504,73.8,1.0,Optimistic,73.8,75.9,70.9,57.7
2017-06-01,3102.62,1.017,-0.24,,47.59,29.75,1.65,0.894,1.33,48.89,12.12,45.92,-2.48,-5.67,-1.32,3.321,1.19,4.563,7,504,72.5,1.0,Optimistic,72.5,75.4,70.1,57.0
2017-06-02,3105.54,1.016,-0.24,,49.91,3.71,0.82,0.783,1.35,47.48,12.9,46.79,-2.33,-5.58,-1.437,3.29,2.178,0.792,8,504,72.6,1.0,Optimistic,72.6,75.0,70.3,56.5
2017-06-05,3091.66,0.954,-0.27,,51.58,1.04,0.41,0.729,-0.52,39.66,12.46,43.23,-2.69,-6.0,-1.272,3.09,1.988,0.398,9,503,72.5,1.0,Optimistic,72.5,73.6,69.4,55.4
2017-06-06,3102.13,0.892,-0.3,,55.88,1.66,0.83,0.625,-0.26,39.97,12.48,46.54,-2.29,-5.68,-0.677,2.843,1.594,0.199,6,502,72.7,1.0,Optimistic,72.7,74.1,70.0,56.6
2017-06-07,3140.32,0.861,-0.32,,67.07,0.21,1.46,0.959,0.74,46.97,13.83,56.5,-1.04,-4.52,-0.357,4.692,2.0,0.2,7,500,73.9,1.0,Optimistic,73.9,75.1,71.1,67.9
2017-06-08,3150.33,0.799,-0.35,,71.19,1.26,2.72,0.842,1.54,49.08,14.23,58.67,-0.69,-4.22,0.298,4.162,1.807,1.004,8,498,73.9,1.0,Optimistic,73.9,75.9,72.2,68.3
2017-06-09,3158.4,0.799,-0.35,,65.2,1.67,1.46,0.887,1.7,50.46,15.09,60.38,-0.41,-3.97,0.303,3.894,0.803,0.602,9,498,73.3,1.0,Optimistic,73.3,76.1,72.3,68.1
2017-06-12,3139.88,0.799,-0.35,,52.89,4.16,2.08,0.811,1.56,48.72,15.45,54.76,-0.94,-4.53,0.392,3.865,0.4,1.8,10,500,73.2,1.0,Optimistic,73.2,76.3,72.3,61.4
2017-06-13,3153.74,0.89,-0.31,,57.24,0.62,1.65,0.71,1.66,47.64,15.09,57.92,-0.46,-4.11,0.833,3.666,2.183,0.0,11,503,73.0,1.0,Optimistic,73.0,74.8,72.2,62.1
2017-06-14,3130.67,0.828,-0.34,,46.23,0.82,0.41,0.767,-0.31,40.72,14.49,51.48,-1.13,-4.81,0.449,3.733,0.992,0.0,12,503,73.4,1.0,Optimistic,73.4,74.3,71.3,57.4
2017-06-15,3132.49,0.828,-0.34,,55.98,0.41,0.0,0.815,-0.57,39.95,13.9,51.93,-1.0,-4.76,0.76,3.995,1.59,0.199,2,503,73.3,1.0,Optimistic,73.3,74.0,70.7,61.6
2017-06-16,3123.17,0.827,-0.34,,53.29,0.82,0.0,0.722,-1.12,37.39,13.28,49.38,-1.23,-5.04,0.581,3.306,0.992,0.595,3,504,72.7,1.0,Optimistic,72.7,73.6,70.1,58.6
2017-06-19,3144.37,0.826,-0.34,,65.41,0.2,0.41,0.756,0.14,42.4,13.69,54.82,-0.51,-4.4,0.572,3.542,0.792,0.396,4,505,72.9,1.0,Optimistic,72.9,74.4,70.8,64.6
2017-06-20,3140.01,0.826,-0.34,,55.36,0.61,0.41,0.794,-0.44,40.37,13.99,53.54,-0.58,-4.53,0.257,3.975,0.792,0.198,5,505,73.1,1.0,Optimistic,73.1,74.0,70.4,61.7
2017-06-21,3156.21,0.856,-0.32,,55.74,0.61,0.82,0.77,0.82,45.19,13.37,57.49,-0.02,-4.04,0.372,4.093,0.395,0.395,5,506,73.3,1.0,Optimistic,73.3,74.6,70.8,62.7
2017-06-22,3147.45,0.825,-0.34,,42.1,1.23,1.02,1.084,0.48,46.94,13.61,54.78,-0.25,-4.3,0.028,5.236,0.396,0.396,6,504,74.6,1.0,Optimistic,74.6,75.6,71.5,61.5
2017-06-23,3157.87,0.825,-0.34,,44.17,1.22,2.45,0.877,1.11,47.7,13.9,57.36,0.14,-3.99,0.135,4.269,0.593,0.395,7,506,73.8,1.0,Optimistic,73.8,75.5,71.6,60.5
2017-06-26,3185.44,0.917,-0.29,,46.19,0.0,3.48,0.989,1.31,50.07,15.38,63.32,1.06,-3.15,0.514,5.469,1.386,0.198,8,505,73.2,1.0,Optimistic,73.2,74.6,71.4,64.4
2017-06-27,3191.2,0.824,-0.34,,48.29,0.0,3.07,0.847,1.63,49.55,14.86,64.43,1.28,-2.97,0.761,4.328,1.186,0.0,3,505,73.1,1.0,Optimistic,73.1,75.2,71.8,63.9
2017-06-28,3173.2,0.854,-0.32,,43.35,1.64,1.23,0.838,0.54,44.78,15.04,58.44,0.74,-3.52,0.95,4.261,0.396,0.0,4,505,72.8,1.0,Optimistic,72.8,74.4,71.2,60.1
2017-06-29,3188.06,0.823,-0.34,,54.61,0.62,1.65,0.742,1.29,46.68,14.47,61.61,1.23,-3.07,1.036,4.001,0.994,0.0,5,503,73.3,1.0,Optimistic,73.3,74.8,71.8,63.8
2017-06-30,3192.43,0.823,-0.34,,56.06,0.82,1.23,0.708,1.09,45.5,14.4,62.52,1.38,-2.94,1.012,3.518,0.795,0.0,6,503,72.6,1.0,Optimistic,72.6,74.3,71.5,64.1
2017-07-03,3195.91,0.853,-0.32,,53.97,0.0,1.44,0.824,0.33,43.75,14.07,63.27,1.53,-2.83,0.64,4.103,0.598,0.0,4,502,72.5,1.0,Optimistic,72.5,73.5,70.3,65.3
2017-07-04,3182.8,0.731,-0.39,,50.74,0.21,0.83,0.837,-0.26,41.36,13.3,58.55,1.17,-3.23,0.551,4.252,0.599,0.2,5,501,74.0,1.0,Optimistic,74.0,74.5,71.0,63.4
2017-07-05,3207.13,0.731,-0.39,,63.26,0.41,1.86,0.889,1.07,47.66,14.22,63.92,1.98,-2.49,0.438,4.473,0.996,0.598,6,501,73.9,1.0,Optimistic,73.9,75.5,71.8,70.1
2017-07-06,3212.44,0.67,-0.42,,58.51,0.82,2.06,1.063,0.76,48.24,13.82,64.99,2.18,-2.33,0.344,5.257,0.992,0.198,7,504,75.1,1.0,Optimistic,75.1,76.1,72.4,71.4
2017-07-07,3217.96,0.67,-0.42,,59.34,0.61,1.64,1.075,0.8,48.55,13.88,66.11,2.4,-2.16,0.506,4.871,0.99,0.198,8,505,74.9,1.0,Optimistic,74.9,76.0,72.5,72.2
2017-07-10,3212.63,0.639,-0.44,,49.94,0.82,1.85,1.223,0.52,48.58,13.9,63.98,2.26,-2.32,0.602,5.621,0.598,0.797,3,502,75.2,1.0,Optimistic,75.2,76.6,72.5,69.8
2017-07-11,3203.04,0.608,-0.45,,47.13,1.23,0.82,1.163,0.64,48.62,13.73,60.22,1.99,-2.61,0.445,5.124,0.199,0.398,4,503,75.6,1.0,Optimistic,75.6,77.3,73.0,67.4
2017-07-12,3197.54,0.668,-0.42,,39.18,2.46,0.61,1.16,-0.3,43.31,14.78,58.11,1.85,-2.78,0.379,5.092,0.397,0.595,5,504,74.4,1.0,Optimistic,74.4,75.6,71.7,63.7
2017-07-13,3218.16,0.668,-0.42,,39.43,2.87,0.61,1.215,0.18,46.48,14.78,63.3,2.51,-2.15,0.393,5.083,0.792,0.198,6,505,74.5,1.0,Optimistic,74.5,75.9,72.1,65.9
2017-07-14,3222.42,0.638,-0.44,,34.64,4.3,1.23,0.998,0.14,44.42,15.76,64.29,2.63,-2.02,0.067,4.19,0.792,0.792,7,505,73.1,1.0,Optimistic,73.1,75.5,71.5,62.5
2017-07-17,3176.47,0.607,-0.46,,29.58,28.63,0.61,1.664,-1.13,40.14,17.35,49.0,1.16,-3.42,-0.819,6.258,0.396,21.386,8,505,73.3,1.0,Optimistic,73.3,76.0,70.6,61.3
2017-07-18,3187.57,0.637,-0.44,,39.97,8.4,1.02,1.185,-0.48,42.42,16.92,51.97,1.51,-3.08,-0.804,4.495,1.984,0.397,9,504,73.7,1.0,Optimistic,73.7,76.3,71.9,62.6
2017-07-19,3230.98,0.546,-0.49,,47.58,3.29,2.05,1.694,1.05,57.47,16.99,61.43,2.86,-1.76,-0.696,6.41,3.181,0.199,2,503,75.8,1.0,Optimistic,75.8,80.1,74.8,71.9
2017-07-20,3244.86,0.485,-0.52,,48.61,2.05,2.25,1.427,0.83,52.72,17.2,63.88,3.24,-1.34,-0.606,6.046,0.994,0.199,3,503,75.0,1.0,Optimistic,75.0,78.9,73.7,72.0
2017-07-21,3237.98,0.515,-0.51,,49.79,5.11,2.45,1.261,0.48,48.72,16.15,61.79,2.96,-1.55,-0.26,5.298,0.595,0.397,1,503,74.5,1.0,Optimistic,74.5,78.0,72.8,70.4
2017-07-24,3250.6,0.545,-0.49,,61.92,3.28,1.43,1.419,2.33,62.79,15.71,64.11,3.3,-1.17,0.985,6.053,1.193,0.398,2,503,76.9,1.0,Optimistic,76.9,81.2,76.7,76.4
2017-07-25,3243.69,0.424,-0.55,,54.19,3.07,0.82,1.244,1.76,56.22,15.38,61.89,3.03,-1.38,1.373,5.209,0.794,0.0,2,503,76.9,1.0,Optimistic,76.9,80.1,76.2,71.9
2017-07-26,3247.68,0.515,-0.51,,46.06,4.52,2.46,1.293,0.52,49.25,15.93,62.7,3.11,-1.26,1.396,5.521,1.195,0.0,3,502,75.9,1.0,Optimistic,75.9,78.0,74.7,69.7
2017-07-27,3249.78,0.545,-0.49,,50.64,0.61,1.83,1.376,0.15,47.68,15.88,63.14,3.12,-1.19,1.648,6.19,1.587,0.198,4,504,75.9,1.0,Optimistic,75.9,77.3,74.3,72.0
2017-07-28,3253.24,0.544,-0.49,,50.94,0.41,2.04,1.089,0.47,46.96,15.57,63.89,3.16,-1.09,1.429,4.966,0.992,0.0,5,504,75.4,1.0,Optimistic,75.4,77.0,74.0,70.1
2017-07-31,3273.03,0.484,-0.52,,50.16,0.61,3.66,1.468,0.69,52.21,15.75,67.94,3.71,-0.48,1.356,6.59,1.786,0.397,6,504,76.5,1.0,Optimistic,76.5,78.3,75.0,74.2
2017-08-01,3292.64,0.483,-0.52,,52.85,0.2,1.22,1.406,1.51,57.03,15.06,71.37,4.23,0.0,1.104,6.356,1.779,0.198,7,504,77.0,1.0,Optimistic,77.0,79.2,75.7,75.7
2017-08-02,3285.06,0.422,-0.56,,48.45,2.03,1.42,1.571,1.15,56.75,14.82,68.33,3.87,-0.23,1.225,7.021,1.581,0.198,6,505,77.6,1.0,Optimistic,77.6,79.5,75.9,74.3
2017-08-03,3272.93,0.392,-0.57,,45.74,0.81,1.63,1.363,0.71,51.22,15.27,63.66,3.38,-0.6,1.306,6.06,1.779,0.198,2,506,76.5,1.0,Optimistic,76.5,78.6,74.9,70.6
2017-08-04,3262.08,0.392,-0.57,,43.44,1.84,1.02,1.596,0.27,50.45,14.94,59.72,2.93,-0.93,1.264,6.577,1.19,0.198,3,504,77.2,1.0,Optimistic,77.2,78.8,75.1,70.0
2017-08-07,3279.46,0.422,-0.56,,45.72,0.81,1.42,1.323,0.2,47.52,15.37,63.6,3.36,-0.4,1.026,5.389,1.578,0.394,4,506,75.8,1.0,Optimistic,75.8,77.6,74.0,70.3
2017-08-08,3281.87,0.361,-0.59,,46.16,0.61,0.61,1.437,-0.33,44.93,14.99,64.12,3.33,-0.33,0.769,6.056,1.786,0.0,5,504,76.1,1.0,Optimistic,76.1,76.8,73.4,71.5
2017-08-09,3275.57,0.361,-0.59,,52.27,0.82,2.45,1.331,-0.29,44.5,14.25,61.66,3.03,-0.52,0.78,5.928,2.178,0.0,6,504,76.7,1.0,Optimistic,76.7,77.0,73.7,72.0
2017-08-10,3261.75,0.391,-0.57,,45.31,3.66,1.22,1.347,-0.34,44.26,13.68,56.53,2.51,-0.94,0.356,5.901,1.772,0.0,7,507,77.3,1.0,Optimistic,77.3,77.6,73.8,68.2
2017-08-11,3208.54,0.451,-0.54,,43.29,5.89,0.0,1.463,-1.64,35.97,14.6,42.03,0.79,-2.55,0.307,5.898,1.179,1.965,4,508,75.6,1.0,Optimistic,75.6,75.9,71.7,63.7
2017-08-14,3237.36,0.511,-0.51,,47.49,0.0,0.81,1.05,-1.28,37.51,14.27,49.57,1.61,-1.68,0.499,5.415,1.572,0.0,3,509,76.1,1.0,Optimistic,76.1,76.1,72.4,64.2
2017-08-15,3251.26,0.511,-0.51,,48.36,0.0,0.61,1.002,-0.93,39.14,14.0,52.77,1.96,-1.26,0.878,4.966,1.575,0.197,4,508,76.2,1.0,Optimistic,76.2,76.4,73.0,64.9
2017-08-16,3246.45,0.511,-0.51,,51.46,0.0,0.81,0.967,-0.89,39.22,13.92,51.55,1.72,-1.4,0.729,5.261,1.183,0.0,5,507,76.6,1.0,Optimistic,76.6,76.5,73.1,65.1
2017-08-17,3268.43,0.54,-0.49,,59.79,0.0,0.61,1.111,0.2,45.73,13.69,56.48,2.3,-0.74,1.013,5.983,1.188,0.0,6,505,77.3,1.0,Optimistic,77.3,77.6,74.2,71.2
2017-08-18,3268.72,0.51,-0.51,,62.31,0.0,0.41,1.04,1.88,53.68,13.46,56.55,2.2,-0.73,1.24,5.03,0.988,0.198,7,505,78.1,1.0,Optimistic,78.1,80.0,76.3,71.2
2017-08-21,3286.91,0.479,-0.53,,59.51,0.0,1.02,1.009,1.53,51.45,13.1,60.41,2.67,-0.17,1.071,5.141,2.756,0.0,8,507,78.1,1.0,Optimistic,78.1,79.0,75.8,71.2
2017-08-22,3290.23,0.479,-0.53,,54.24,0.2,0.61,1.011,1.2,49.83,12.46,61.09,2.68,-0.07,1.015,5.256,0.986,0.0,9,507,78.0,1.0,Optimistic,78.0,78.5,75.1,69.6
2017-08-23,3287.7,0.509,-0.51,,48.4,0.2,0.41,0.972,1.27,49.67,13.11,60.25,2.51,-0.15,0.829,4.733,1.373,0.0,10,510,77.5,1.0,Optimistic,77.5,78.5,75.1,66.8
2017-08-24,3271.51,0.539,-0.5,,39.79,0.4,0.4,0.882,0.09,43.24,12.78,54.98,1.92,-0.64,0.646,4.133,1.765,0.196,11,510,76.7,1.0,Optimistic,76.7,77.1,73.8,60.8
2017-08-25,3331.52,0.508,-0.51,,51.54,0.0,0.81,1.11,1.92,55.03,13.83,66.63,3.66,0.0,0.722,4.992,2.348,0.196,12,511,77.3,1.0,Optimistic,77.3,79.2,75.6,71.7
2017-08-28,3362.65,0.419,-0.56,,52.91,0.0,1.21,1.381,2.3,61.91,14.32,70.84,4.49,0.0,1.042,7.388,3.314,0.0,13,513,78.8,1.0,Optimistic,78.8,80.6,77.3,75.6
2017-08-29,3365.23,0.419,-0.56,,56.14,0.0,1.21,1.164,2.28,57.93,14.94,71.17,4.42,0.0,1.241,5.979,1.758,0.0,12,512,77.4,1.0,Optimistic,77.4,79.5,76.4,75.0
2017-08-30,3363.63,0.419,-0.56,,58.3,0.0,0.61,1.297,2.31,60.46,14.67,70.64,4.25,-0.05,1.368,6.09,2.353,0.0,13,510,78.1,1.0,Optimistic,78.1,80.2,77.2,76.6
2017-08-31,3360.81,0.359,-0.59,,64.67,0.2,1.21,1.224,2.73,61.64,14.59,69.66,4.05,-0.13,1.931,6.013,2.153,0.0,14,511,78.5,1.0,Optimistic,78.5,80.6,78.0,77.6
2017-09-01,3367.12,0.418,-0.56,,58.69,0.0,2.81,1.464,1.07,54.81,14.5,70.64,4.14,0.0,2.198,6.946,2.14,0.0,15,514,78.2,1.0,Optimistic,78.2,78.7,76.7,77.9
2017-09-04,3379.58,0.418,-0.56,,52.08,0.0,2.0,1.372,0.5,49.95,15.01,72.53,4.39,0.0,2.114,7.013,1.946,0.389,16,514,77.2,1.0,Optimistic,77.2,77.3,75.3,75.5
2017-09-05,3384.32,0.358,-0.59,,51.8,0.0,2.2,1.099,0.57,47.58,14.99,73.23,4.42,0.0,2.028,5.859,0.971,0.194,1,515,75.4,1.0,Optimistic,75.4,76.7,73.6,73.5
2017-09-06,3385.39,0.388,-0.58,,53.36,0.0,2.2,1.154,0.65,48.59,15.22,73.4,4.31,0.0,2.326,6.706,0.971,0.194,2,514,76.0,1.0,Optimistic,76.0,76.9,74.3,74.4
2017-09-07,3365.5,0.447,-0.55,,47.74,0.2,0.6,1.106,0.14,45.33,14.71,65.3,3.58,-0.59,1.968,6.609,0.584,0.0,2,513,76.4,1.0,Optimistic,76.4,76.8,74.0,69.9
2017-09-08,3365.24,0.447,-0.55,,46.11,0.2,1.01,0.986,-0.06,43.37,14.46,65.2,3.44,-0.6,1.906,5.674,1.172,0.195,2,512,76.0,1.0,Optimistic,76.0,76.3,73.5,67.7
2017-09-11,3376.42,0.447,-0.55,,49.32,0.0,2.62,1.082,-0.09,43.9,15.11,67.53,3.66,-0.26,2.137,6.521,4.086,0.0,3,513,76.4,1.0,Optimistic,76.4,76.2,74.1,70.8
2017-09-12,3379.49,0.387,-0.58,,47.81,0.2,2.42,1.34,-0.14,45.49,15.17,68.16,3.63,-0.17,2.27,8.39,2.148,0.0,4,512,77.1,1.0,Optimistic,77.1,76.5,74.3,72.5
2017-09-13,3384.15,0.417,-0.56,,49.37,0.0,2.41,0.945,-0.04,43.15,15.31,69.14,3.65,-0.04,2.107,5.732,1.362,0.0,5,514,75.6,1.0,Optimistic,75.6,75.8,73.6,69.5
2017-09-14,3371.43,0.357,-0.59,,51.12,0.0,2.41,1.07,0.18,45.22,14.06,63.41,3.14,-0.41,2.067,6.28,1.559,0.195,6,513,77.2,1.0,Optimistic,77.2,77.0,74.5,70.0
2017-09-15,3353.62,0.386,-0.58,,47.89,0.0,1.81,1.06,-0.35,42.42,13.62,56.36,2.49,-0.94,1.864,5.965,1.167,0.0,7,514,77.7,1.0,Optimistic,77.7,77.1,74.6,66.7
2017-09-18,3362.86,0.386,-0.58,,48.01,0.0,2.02,0.913,-0.4,41.23,13.7,58.91,2.68,-0.67,1.581,5.552,0.588,0.392,7,510,76.7,1.0,Optimistic,76.7,76.5,73.6,65.6
2017-09-19,3356.84,0.416,-0.56,,47.21,0.0,0.6,0.916,-0.67,40.02,12.94,56.59,2.41,-0.84,1.407,5.705,0.971,0.194,8,514,77.4,1.0,Optimistic,77.4,76.4,73.6,64.6
2017-09-20,3366.0,0.416,-0.56,,49.11,0.0,1.61,0.918,-0.54,40.64,12.81,59.22,2.59,-0.57,1.641,5.858,2.14,0.195,9,514,77.6,1.0,Optimistic,77.6,76.3,73.8,66.1
2017-09-21,3357.81,0.415,-0.56,,45.25,0.6,0.8,0.939,-0.4,41.38,12.75,55.96,2.25,-0.81,1.074,5.628,0.389,0.584,2,514,76.9,1.0,Optimistic,76.9,76.9,73.0,64.0
2017-09-22,3352.53,0.385,-0.58,,45.27,0.4,0.8,0.848,-0.03,42.42,12.59,53.89,2.01,-0.97,0.842,4.766,0.971,0.194,6,515,77.2,1.0,Optimistic,77.2,77.4,73.8,62.1
2017-09-25,3341.55,0.385,-0.58,,35.54,1.4,0.8,0.799,-0.63,39.59,12.82,49.78,1.6,-1.29,0.011,4.489,0.388,1.359,4,515,75.9,1.0,Optimistic,75.9,76.7,72.1,56.7
2017-09-26,3343.58,0.415,-0.56,,39.39,0.8,0.8,0.623,-0.4,39.49,12.73,50.53,1.58,-1.23,-0.375,3.804,0.967,0.774,5,516,75.5,1.0,Optimistic,75.5,76.7,72.1,55.7
2017-09-27,3345.27,0.444,-0.55,,39.16,0.2,1.0,0.673,-0.62,39.01,12.31,51.18,1.56,-1.19,-1.026,4.237,1.354,0.0,6,517,76.1,1.0,Optimistic,76.1,76.6,71.9,56.4
2017-09-28,3339.64,0.444,-0.55,,41.34,1.6,1.8,0.703,-0.54,39.44,10.53,48.86,1.32,-1.35,-1.006,4.366,1.354,0.0,7,517,77.1,1.0,Optimistic,77.1,76.7,72.1,56.9
2017-09-29,3348.94,0.444,-0.55,,48.94,1.0,2.99,0.683,-0.11,40.89,11.12,52.68,1.54,-1.08,-2.173,4.04,2.119,0.385,3,518,76.0,1.0,Optimistic,76.0,77.1,71.2,60.5
2017-10-09,3374.38,0.414,-0.56,,61.51,0.4,3.59,0.906,0.98,47.48,11.58,61.21,2.23,-0.33,-0.306,6.741,2.896,0.0,4,518,78.1,1.0,Optimistic,78.1,77.9,73.5,70.5
2017-10-10,3382.99,0.414,-0.56,,65.86,0.0,2.6,0.848,1.18,47.63,11.64,63.6,2.4,-0.07,0.468,5.798,2.321,0.0,5,517,77.8,1.0,Optimistic,77.8,77.6,73.9,71.5
2017-10-11,3388.28,0.384,-0.58,,59.09,0.2,3.2,0.859,1.29,48.23,11.06,65.03,2.46,0.0,0.738,5.539,1.161,0.387,6,517,77.7,1.0,Optimistic,77.7,77.6,73.8,70.1
2017-10-12,3386.1,0.384,-0.58,,60.9,0.4,2.21,0.766,1.39,47.4,10.68,63.92,2.3,-0.06,0.987,4.757,1.165,0.0,7,515,77.8,1.0,Optimistic,77.8,77.5,74.2,68.9
2017-10-13,3390.52,0.384,-0.58,,59.06,0.2,2.0,0.664,1.24,45.47,10.66,65.22,2.35,0.0,2.48,4.297,1.354,0.193,8,516,77.7,1.0,Optimistic,77.7,76.9,74.8,67.2
2017-10-16,3378.47,0.383,-0.58,,45.03,0.6,1.4,0.829,0.12,42.92,10.55,58.98,1.88,-0.36,0.944,5.535,1.349,0.578,9,519,78.2,1.0,Optimistic,78.2,76.9,73.6,63.0
2017-10-17,3372.04,0.383,-0.58,,40.86,0.6,1.2,0.6,-0.32,39.58,10.66,55.91,1.6,-0.55,0.228,3.674,1.156,0.0,10,519,76.7,1.0,Optimistic,76.7,76.4,72.8,57.3
2017-10-18,3381.79,0.383,-0.58,,38.63,1.2,2.0,0.757,-0.19,41.1,10.26,59.37,1.81,-0.26,-0.334,4.134,0.963,0.0,11,519,76.9,1.0,Optimistic,76.9,76.4,72.4,59.8
2017-10-19,3370.17,0.412,-0.57,,36.59,2.39,2.58,0.77,-0.47,40.09,10.46,53.94,1.4,-0.6,-0.653,4.172,1.154,0.0,12,520,77.2,1.0,Optimistic,77.2,76.7,72.6,57.7
2017-10-20,3378.65,0.5,-0.52,,40.2,0.0,0.99,0.622,-0.35,39.63,10.46,57.03,1.58,-0.35,-0.753,3.525,1.727,0.0,13,521,76.3,1.0,Optimistic,76.3,76.3,72.2,57.7
2017-10-23,3380.7,0.471,-0.54,,50.33,0.2,2.37,0.644,0.07,41.19,10.33,57.76,1.58,-0.29,-0.507,3.834,0.766,0.0,14,522,76.8,1.0,Optimistic,76.8,76.6,72.6,61.8
2017-10-24,3388.25,0.529,-0.5,,46.42,1.19,1.78,0.694,0.48,43.1,11.59,60.45,1.73,-0.07,-0.806,3.714,0.576,0.192,15,521,75.7,1.0,Optimistic,75.7,76.5,72.2,61.8
2017-10-25,3396.9,0.47,-0.54,,56.45,0.2,2.37,0.614,0.45,42.2,11.35,63.33,1.91,0.0,-0.213,4.086,1.344,0.0,16,521,76.5,1.0,Optimistic,76.5,76.2,72.6,65.0
2017-10-26,3407.57,0.47,-0.54,,62.93,0.4,2.18,0.923,1.11,48.28,11.16,66.57,2.15,0.0,0.843,5.741,1.536,0.192,17,521,78.2,1.0,Optimistic,78.2,77.5,74.4,72.4
2017-10-27,3416.81,0.529,-0.5,,52.02,0.79,2.37,0.859,1.13,47.55,10.72,69.11,2.35,0.0,1.037,4.808,0.383,0.0,18,522,77.4,1.0,Optimistic,77.4,76.7,73.9,68.6
2017-10-30,3390.34,0.499,-0.52,,41.83,6.89,2.76,1.052,0.29,45.63,11.59,55.98,1.5,-0.77,0.675,5.796,0.575,2.107,10,522,78.0,1.0,Optimistic,78.0,78.0,73.9,63.9
2017-10-31,3393.34,0.557,-0.49,,50.74,1.56,1.56,0.777,0.15,42.61,10.93,56.98,1.53,-0.69,1.238,4.527,1.141,0.19,11,526,77.4,1.0,Optimistic,77.4,76.5,73.7,63.4
2017-11-01,3395.91,0.645,-0.44,,44.95,2.73,1.17,0.921,-0.03,43.0,10.62,57.86,1.55,-0.61,1.562,5.045,0.952,0.0,12,525,77.5,1.0,Optimistic,77.5,75.8,73.5,63.4
2017-11-02,3383.31,0.645,-0.44,,37.34,7.99,1.75,0.857,-0.71,39.55,10.57,52.21,1.12,-0.98,0.764,4.501,0.38,0.0,1,526,76.0,1.0,Optimistic,76.0,75.5,71.7,58.2
2017-11-03,3371.74,0.674,-0.43,,37.87,9.53,0.58,0.893,-1.32,36.99,10.41,47.62,0.72,-1.32,0.29,4.472,0.38,0.38,2,526,75.5,1.0,Optimistic,75.5,74.7,70.6,57.4
2017-11-06,3388.17,0.673,-0.43,,50.33,2.94,3.13,0.806,-0.06,41.97,10.67,53.83,1.16,-0.84,0.951,4.961,1.338,0.191,3,523,76.6,1.0,Optimistic,76.6,75.7,72.3,62.3
2017-11-07,3413.57,0.702,-0.41,,46.73,1.95,2.92,1.0,0.6,46.71,10.41,61.45,1.85,-0.09,1.266,5.596,1.145,0.0,4,524,76.9,1.0,Optimistic,76.9,75.8,72.8,65.9
2017-11-08,3415.46,0.643,-0.45,,48.21,0.58,0.97,0.979,0.58,46.38,10.76,61.95,1.83,-0.04,1.261,5.873,2.087,0.38,5,527,77.3,1.0,Optimistic,77.3,76.2,73.2,66.5
2017-11-09,3427.8,0.672,-0.43,,56.32,0.39,1.74,0.841,1.31,48.12,10.86,65.14,2.12,0.0,1.663,5.049,0.758,0.0,6,527,76.7,1.0,Optimistic,76.7,76.0,73.4,68.2
2017-11-10,3432.67,0.613,-0.46,,59.67,2.71,3.29,1.011,1.81,52.86,11.43,66.35,2.15,0.0,2.298,6.063,1.331,0.0,7,526,78.2,1.0,Optimistic,78.2,77.7,75.4,72.1
2017-11-13,3447.84,0.671,-0.43,,53.11,2.92,3.31,1.104,1.76,54.07,11.52,69.83,2.49,0.0,2.501,6.664,0.571,0.381,4,524,77.3,1.0,Optimistic,77.3,77.1,74.6,71.9
2017-11-14,3429.55,0.642,-0.45,,47.46,5.26,1.17,1.055,0.47,46.6,12.21,61.55,1.86,-0.53,2.376,6.33,0.763,0.382,3,524,77.0,1.0,Optimistic,77.0,76.3,73.8,67.0
2017-11-15,3402.53,0.671,-0.43,,42.27,5.86,0.78,0.905,-0.38,41.29,12.31,51.78,0.98,-1.31,1.96,5.196,1.147,0.765,4,523,76.6,1.0,Optimistic,76.6,75.8,73.1,60.3
2017-11-16,3399.25,0.67,-0.43,,36.78,7.99,0.58,0.841,-0.83,38.96,12.03,50.73,0.82,-1.41,1.846,5.071,0.765,0.765,5,523,76.4,1.0,Optimistic,76.4,75.2,72.6,57.1
2017-11-17,3382.91,0.728,-0.4,,29.42,25.78,1.37,1.344,-1.45,37.11,12.65,45.74,0.28,-1.88,0.446,5.874,0.575,6.513,6,522,74.9,1.0,Optimistic,74.9,74.4,70.2,58.1
2017-11-20,3392.4,0.786,-0.37,,31.01,20.86,1.95,0.946,-1.61,35.74,14.56,48.88,0.51,-1.61,-0.29,5.09,0.765,0.765,7,523,73.4,1.0,Optimistic,73.4,73.4,69.5,55.6
2017-11-21,3410.5,0.756,-0.39,,33.43,18.8,2.71,1.056,-0.56,41.3,14.54,54.32,0.98,-1.08,0.016,6.442,0.952,0.381,2,525,74.3,1.0,Optimistic,74.3,74.8,70.5,59.5
2017-11-22,3430.46,0.785,-0.37,,36.0,12.02,0.97,1.145,0.82,49.46,15.36,59.44,1.5,-0.5,0.144,6.438,0.57,0.57,3,525,74.1,1.0,Optimistic,74.1,76.1,71.7,62.8
2017-11-23,3351.92,0.727,-0.4,,30.29,27.85,0.19,1.15,-1.39,37.13,16.1,40.29,-0.86,-2.78,-0.332,5.972,0.569,1.898,1,527,73.0,1.0,Optimistic,73.0,74.6,69.6,54.9
2017-11-24,3353.82,0.814,-0.36,,39.78,11.82,0.39,0.849,-0.86,38.87,16.92,40.79,-0.82,-2.73,0.233,4.14,0.38,0.57,2,526,71.7,1.0,Optimistic,71.7,74.3,70.2,54.3
2017-11-27,3322.23,0.813,-0.36,,34.69,17.99,0.58,0.889,-2.07,33.63,18.02,35.5,-1.73,-3.64,-0.285,4.079,0.569,1.328,1,527,70.2,1.0,Optimistic,70.2,73.1,68.5,51.1
2017-11-28,3333.66,0.842,-0.34,,44.07,1.16,0.97,0.744,-2.25,33.08,15.06,38.6,-1.38,-3.31,-0.811,3.827,0.57,0.19,1,526,71.2,1.0,Optimistic,71.2,72.6,68.0,53.2
2017-11-29,3337.86,0.784,-0.37,,44.57,5.05,0.78,0.997,-2.7,30.4,15.68,39.75,-1.24,-3.19,-0.895,4.794,1.524,0.0,2,525,72.1,1.0,Optimistic,72.1,72.4,68.2,57.6
2017-11-30,3317.19,0.726,-0.4,,49.45,7.38,0.39,0.854,-1.04,38.13,16.8,36.17,-1.83,-3.79,-0.751,4.075,0.381,0.19,1,525,72.0,1.0,Optimistic,72.0,75.1,70.1,56.2
2017-12-01,3317.62,0.812,-0.36,,52.89,1.56,0.39,0.765,-1.08,37.66,17.99,36.3,-1.8,-3.78,-0.295,3.767,0.573,0.0,1,524,70.8,1.0,Optimistic,70.8,74.2,69.7,55.8
2017-12-04,3309.62,0.725,-0.41,,51.7,14.4,0.19,0.824,-0.38,40.78,16.03,34.89,-2.0,-4.01,-0.002,3.765,0.0,2.863,1,524,72.0,1.0,Optimistic,72.0,75.8,70.5,56.0
2017-12-05,3303.68,0.811,-0.36,,36.61,32.95,0.0,1.172,-0.9,39.98,15.33,33.84,-2.14,-4.18,-1.505,3.902,0.0,1.905,1,525,71.4,1.0,Optimistic,71.4,74.9,68.8,54.2
2017-12-06,3293.97,0.927,-0.3,,42.27,9.69,0.39,0.854,-1.32,36.93,16.24,32.14,-2.38,-4.46,-1.602,4.009,0.382,0.0,1,524,70.6,1.0,Optimistic,70.6,73.1,68.0,51.3
2017-12-07,3272.05,0.927,-0.3,,42.72,13.01,0.19,0.75,-1.36,36.53,15.75,28.64,-2.98,-5.1,-1.435,3.438,0.382,0.191,1,523,70.3,1.0,Optimistic,70.3,73.1,68.0,48.6
2017-12-08,3289.99,0.927,-0.3,,44.35,1.55,0.39,0.762,-0.83,38.62,15.03,34.89,-2.42,-4.58,-1.249,3.523,1.527,0.0,2,523,71.4,1.0,Optimistic,71.4,73.5,68.9,51.5
2017-12-11,3322.2,0.869,-0.33,,56.25,0.19,0.58,0.76,0.38,43.36,14.68,44.32,-1.43,-3.64,-0.986,3.898,1.338,0.191,1,523,72.5,1.0,Optimistic,72.5,75.1,70.1,59.0
2017-12-12,3280.81,0.868,-0.33,,56.53,7.18,0.19,0.724,-0.69,38.99,15.24,36.92,-2.61,-4.84,0.468,3.833,0.956,0.191,2,523,72.5,1.0,Optimistic,72.5,74.2,70.5,55.8
2017-12-13,3303.04,0.926,-0.3,,56.97,2.92,0.39,0.66,0.28,42.05,15.15,42.48,-1.91,-4.2,0.683,3.476,0.382,0.191,3,522,72.0,1.0,Optimistic,72.0,74.3,70.8,56.8
2017-12-14,3292.44,0.897,-0.32,,59.48,4.06,0.58,0.716,0.62,43.85,15.0,40.64,-2.19,-4.51,0.837,3.772,1.331,0.0,4,526,73.3,1.0,Optimistic,73.3,75.2,72.0,57.9
2017-12-15,3266.14,0.868,-0.33,,50.09,3.88,0.19,0.786,-0.73,39.16,15.18,36.42,-2.93,-5.27,0.526,3.546,1.145,0.0,5,524,72.8,1.0,Optimistic,72.8,74.3,71.1,54.2
2017-12-18,3267.92,0.925,-0.3,,40.83,7.51,0.0,0.731,-1.63,35.46,15.35,36.9,-2.83,-5.22,0.439,3.184,0.568,0.379,6,527,71.2,1.0,Optimistic,71.2,72.8,69.5,50.0
2017-12-19,3296.54,0.954,-0.29,,52.35,1.16,0.58,0.702,0.48,43.18,15.12,44.15,-1.95,-4.39,0.436,3.236,1.326,0.0,7,528,72.2,1.0,Optimistic,72.2,74.4,71.2,56.1
2017-12-20,3287.61,0.867,-0.33,,41.88,12.72,0.58,0.846,-0.47,40.55,15.31,42.51,-2.18,-4.65,0.059,3.634,0.379,0.0,5,528,72.5,1.0,Optimistic,72.5,74.5,70.7,54.3
2017-12-21,3300.06,0.983,-0.27,,41.98,10.66,1.55,0.878,0.23,43.82,14.76,45.55,-1.78,-4.29,-0.049,3.906,0.762,0.0,6,525,72.6,1.0,Optimistic,72.6,74.3,70.6,55.4
2017-12-22,3297.06,1.04,-0.24,,41.58,11.24,0.78,0.771,0.95,45.71,14.69,44.94,-1.84,-4.37,0.166,3.324,0.571,0.0,7,525,71.9,1.0,Optimistic,71.9,74.3,70.8,53.3
2017-12-25,3280.46,1.011,-0.26,,39.57,24.08,1.35,0.918,0.38,44.87,15.32,41.58,-2.31,-4.85,0.329,3.793,0.759,0.949,8,527,72.2,1.0,Optimistic,72.2,74.5,70.9,53.7
2017-12-26,3306.12,1.04,-0.24,,40.83,3.68,1.35,0.892,0.29,44.21,15.13,48.04,-1.52,-4.11,0.489,3.542,1.141,0.19,9,525,71.8,1.0,Optimistic,71.8,73.7,70.7,55.8
2017-12-27,3275.78,0.982,-0.27,,43.41,7.75,0.39,1.018,-0.36,42.08,16.79,42.11,-2.39,-4.99,0.747,4.118,1.714,0.19,10,525,72.2,1.0,Optimistic,72.2,74.0,71.2,56.5
2017-12-28,3296.39,0.953,-0.29,,45.54,6.37,1.16,1.095,-0.11,43.9,15.51,46.9,-1.76,-4.39,0.964,4.273,1.333,0.19,11,525,73.4,1.0,Optimistic,73.4,74.6,71.9,59.9
2017-12-29,3307.17,0.923,-0.3,,52.52,1.93,1.35,0.882,0.31,44.19,14.27,49.27,-1.42,-4.08,0.539,3.272,2.281,0.76,12,525,72.9,1.0,Optimistic,72.9,74.7,71.6,60.5
2018-01-02,3348.33,0.923,-0.3,,63.45,0.38,1.54,1.26,2.07,58.35,15.03,57.12,-0.18,-2.89,0.636,4.596,1.136,0.379,8,528,74.3,1.0,Optimistic,74.3,77.5,73.8,70.7
2018-01-03,3369.11,0.894,-0.32,,61.7,0.38,1.15,1.331,1.91,58.48,14.81,60.45,0.45,-2.28,0.504,5.369,2.462,0.189,9,528,75.0,1.0,Optimistic,75.0,77.4,73.9,72.1
2018-01-04,3385.71,0.865,-0.34,,63.29,0.77,1.73,1.283,3.36,66.68,14.67,62.93,0.94,-1.8,0.535,4.959,1.705,0.0,13,528,75.9,1.0,Optimistic,75.9,79.5,75.8,73.1
2018-01-05,3391.75,0.835,-0.35,,60.99,0.39,1.93,1.318,2.89,64.52,14.45,63.81,1.12,-1.63,0.189,5.045,0.189,0.189,4,528,74.9,1.0,Optimistic,74.9,79.1,74.3,73.2
2018-01-08,3409.48,0.778,-0.38,,56.02,0.77,2.31,1.453,3.09,68.65,14.81,66.36,1.64,-1.11,1.225,6.006,1.705,0.189,5,528,76.6,1.0,Optimistic,76.6,80.4,76.7,73.7
2018-01-09,3413.9,0.72,-0.41,,48.9,1.35,1.93,1.167,1.96,56.15,14.27,66.98,1.75,-0.98,1.239,5.096,0.951,0.0,6,526,75.6,1.0,Optimistic,75.6,77.5,74.4,69.5
2018-01-10,3421.83,0.749,-0.4,,40.0,3.47,1.35,1.272,1.56,55.45,14.64,68.13,1.97,-0.75,1.525,5.504,1.518,0.19,7,527,75.3,1.0,Optimistic,75.3,77.0,74.2,67.4
2018-01-11,3425.34,0.749,-0.4,,44.41,0.77,0.96,1.048,1.17,50.16,14.95,68.64,2.05,-0.65,1.618,4.883,1.323,0.0,8,529,74.4,1.0,Optimistic,74.4,75.5,73.2,67.3
2018-01-12,3428.94,0.777,-0.38,,41.44,2.5,0.96,1.048,1.1,49.78,14.32,69.2,2.13,-0.55,1.433,4.502,1.134,0.189,9,529,74.0,1.0,Optimistic,74.0,75.1,72.6,66.3
2018-01-15,3410.49,0.72,-0.41,,35.38,14.2,1.73,1.395,0.03,47.03,15.46,63.07,1.56,-1.08,1.062,6.084,0.567,1.89,10,529,74.4,1.0,Optimistic,74.4,75.6,72.3,65.4
2018-01-16,3436.59,0.806,-0.37,,40.52,6.55,2.12,1.258,0.66,49.8,15.99,67.46,2.31,-0.33,1.244,5.618,1.708,0.19,11,527,73.8,1.0,Optimistic,73.8,75.0,72.5,67.4
2018-01-17,3444.67,0.719,-0.42,,46.37,5.18,1.15,1.541,0.67,52.83,16.9,68.7,2.52,-0.09,0.953,6.486,0.756,0.756,12,529,74.2,1.0,Optimistic,74.2,76.5,73.3,72.2
2018-01-18,3474.75,0.748,-0.4,,42.38,4.41,0.77,1.283,1.44,54.87,18.89,72.85,3.38,0.0,1.368,5.286,1.321,0.189,2,530,72.3,1.0,Optimistic,72.3,76.4,73.1,70.2
2018-01-19,3487.86,0.632,-0.46,,43.45,4.21,0.76,1.43,1.72,58.8,18.88,74.44,3.72,0.0,1.676,5.618,0.377,0.377,2,531,73.6,1.0,Optimistic,73.6,78.4,74.9,72.5
2018-01-22,3501.36,0.661,-0.45,,54.55,2.51,1.55,1.249,2.66,61.74,18.88,76.0,4.08,0.0,2.017,5.286,1.141,0.76,3,525,73.9,1.0,Optimistic,73.9,79.0,75.8,75.4
2018-01-23,3546.51,0.69,-0.43,,50.76,1.93,2.12,1.365,3.2,67.46,19.28,80.32,5.34,0.0,1.961,5.579,2.087,0.19,2,527,74.4,1.0,Optimistic,74.4,80.3,76.9,76.3
2018-01-24,3559.47,0.632,-0.46,,52.89,0.97,1.35,1.442,3.33,70.05,21.04,81.36,5.64,0.0,2.223,6.614,0.759,0.0,3,527,74.9,1.0,Optimistic,74.9,81.4,78.1,78.0
2018-01-25,3548.31,0.632,-0.46,,52.13,0.39,1.55,1.374,2.12,60.57,18.78,77.56,5.23,-0.31,1.554,6.036,0.571,0.0,3,525,74.2,1.0,Optimistic,74.2,78.9,75.5,76.4
2018-01-26,3558.13,0.632,-0.46,,51.77,1.17,1.17,1.25,2.01,57.85,17.11,78.51,5.43,-0.04,1.246,5.2,0.763,0.573,4,524,74.2,1.0,Optimistic,74.2,78.2,74.5,75.7
2018-01-29,3523.0,0.661,-0.45,,41.57,6.98,0.58,1.318,0.62,50.14,18.49,67.51,4.31,-1.02,1.098,5.954,0.952,0.571,5,525,73.2,1.0,Optimistic,73.2,76.4,73.0,69.5
2018-01-30,3488.01,0.718,-0.42,,40.73,6.2,0.0,1.035,-1.65,35.61,16.08,58.69,3.23,-2.01,0.653,4.501,0.762,0.571,6,525,72.3,1.0,Optimistic,72.3,73.1,69.9,63.7
2018-01-31,3480.83,0.775,-0.39,,30.6,25.19,0.19,1.147,-2.21,32.56,17.15,57.04,2.98,-2.21,-0.151,4.686,0.571,4.952,1,525,69.9,1.0,Optimistic,69.9,71.9,67.3,60.7
2018-02-01,3446.98,0.947,-0.3,,24.22,42.11,0.0,1.44,-2.86,27.63,16.79,49.92,1.96,-3.16,-1.373,4.979,0.766,9.579,2,521,68.5,1.0,Optimistic,68.5,69.5,64.5,58.1
2018-02-02,3462.08,1.176,-0.17,,24.72,34.96,0.98,1.142,-2.7,29.84,17.03,52.75,2.39,-2.74,-2.002,4.316,0.96,1.536,1,521,66.5,1.0,Optimistic,66.5,68.0,63.2,56.2
2018-02-05,3487.5,1.147,-0.19,,27.77,31.12,0.78,1.189,-1.01,39.42,18.55,57.15,3.11,-2.02,-2.523,4.563,0.963,2.89,2,519,66.8,1.0,Optimistic,66.8,70.5,64.9,59.1
2018-02-06,3370.65,1.089,-0.22,,19.32,56.27,0.0,1.529,-3.36,23.55,22.2,39.13,-0.3,-5.3,-4.068,5.014,0.385,18.882,3,518,64.4,1.0,Optimistic,64.4,67.7,61.4,52.8
2018-02-07,3309.26,1.318,-0.1,,29.79,15.78,0.0,1.413,-4.93,13.81,24.06,33.21,-2.06,-7.03,-4.195,5.524,1.744,1.357,4,516,62.4,1.0,Optimistic,62.4,63.4,58.8,51.3
2018-02-08,3262.05,1.318,-0.1,,44.34,2.17,0.0,1.083,-5.36,17.86,25.67,29.51,-3.39,-8.36,-3.357,3.97,2.326,0.388,5,516,62.2,1.0,Optimistic,62.2,64.8,60.6,51.8
2018-02-09,3129.85,1.461,-0.02,,38.18,40.43,0.0,1.376,-9.6,13.83,33.06,22.09,-7.18,-12.07,-4.277,4.328,0.581,4.651,3,516,58.9,1.0,Neutral,58.9,63.3,57.9,47.6
2018-02-12,3154.12,1.919,0.22,,50.42,1.58,0.2,0.815,-9.56,21.54,28.19,25.78,-6.36,-11.39,-4.789,2.951,3.101,0.194,4,516,56.8,1.0,Neutral,56.8,61.1,56.9,45.7
2018-02-13,3184.96,1.575,0.04,,59.34,2.37,0.2,0.813,-5.51,21.57,27.53,30.3,-5.34,-10.52,-4.175,2.916,1.163,0.581,5,516,59.2,1.0,Neutral,59.2,64.0,59.4,51.4
2018-02-14,3199.16,1.604,0.05,,57.92,2.35,0.0,0.539,-3.33,30.29,27.32,32.34,-4.82,-10.12,-4.991,1.806,1.541,0.963,1,519,58.7,1.0,Neutral,58.7,65.9,60.1,47.9
2018-02-22,3268.56,1.546,0.02,,60.64,0.19,0.19,0.752,0.2,42.59,27.07,41.38,-2.68,-8.17,-4.233,3.614,1.727,0.0,2,521,62.1,1.0,Optimistic,62.1,69.2,63.7,55.9
2018-02-23,3289.02,1.403,-0.05,,70.64,0.19,0.0,0.796,5.09,62.51,23.97,43.76,-2.04,-7.6,-2.488,3.283,0.956,0.0,2,523,66.0,1.0,Optimistic,66.0,75.6,69.8,60.6
2018-02-26,3329.57,1.402,-0.06,,70.81,0.39,0.19,1.036,5.56,69.56,24.32,48.26,-0.82,-6.46,-1.272,4.995,2.103,0.0,3,523,68.5,1.0,Optimistic,68.5,77.2,72.2,65.8
2018-02-27,3292.07,1.288,-0.12,,70.49,0.58,0.0,0.955,3.36,59.39,25.59,44.7,-1.92,-7.51,-0.256,4.458,1.711,0.19,4,525,68.0,1.0,Optimistic,68.0,75.8,71.5,63.5
2018-02-28,3259.41,1.23,-0.15,,67.38,0.97,0.39,0.827,1.88,50.32,25.97,41.81,-2.86,-8.43,1.273,4.127,1.338,0.382,2,523,67.6,1.0,Optimistic,67.6,74.1,71.1,59.8
2018-03-01,3273.76,1.315,-0.1,,64.47,0.19,0.39,0.87,0.16,43.43,24.08,43.54,-2.4,-8.03,1.114,4.172,2.107,0.192,3,522,66.8,1.0,Optimistic,66.8,71.4,68.9,60.2
2018-03-02,3254.53,1.2,-0.16,,58.93,0.58,0.39,0.827,-1.05,37.99,23.6,41.75,-2.94,-8.57,1.025,3.852,0.574,0.191,2,523,66.8,1.0,Optimistic,66.8,71.1,68.4,57.5
2018-03-05,3256.93,1.286,-0.12,,52.0,0.39,0.78,0.794,-2.18,33.28,22.17,42.07,-2.84,-8.5,0.479,3.508,1.912,0.0,3,523,65.9,1.0,Optimistic,65.9,69.0,66.6,54.5
2018-03-06,3289.64,1.258,-0.13,,58.26,0.58,0.39,1.071,-0.07,43.92,21.15,46.39,-1.86,-7.58,0.674,5.093,1.149,0.0,2,522,68.6,1.0,Optimistic,68.6,71.9,68.9,62.1
2018-03-07,3271.67,1.286,-0.12,,54.5,0.39,0.39,0.921,0.38,44.86,21.85,44.43,-2.38,-8.09,0.431,3.944,0.96,0.0,2,521,67.4,1.0,Optimistic,67.4,72.0,68.8,58.1
2018-03-08,3288.41,1.258,-0.14,,53.07,0.2,0.2,0.821,0.45,44.22,20.93,46.69,-1.88,-7.62,0.208,3.646,1.919,0.0,1,521,67.3,1.0,Optimistic,67.3,72.0,68.5,57.1
2018-03-09,3307.17,1.229,-0.15,,64.34,0.0,0.78,0.923,1.62,50.62,20.38,49.18,-1.33,-7.09,0.211,4.677,1.727,0.0,2,521,69.2,1.0,Optimistic,69.2,73.6,70.0,63.2
2018-03-12,3326.7,1.229,-0.15,,69.02,0.0,1.76,1.128,2.14,56.54,21.29,51.72,-0.77,-6.54,0.78,5.969,1.731,0.0,3,520,70.2,1.0,Optimistic,70.2,74.9,71.7,67.8
2018-03-13,3310.24,1.2,-0.17,,59.45,0.0,0.97,0.961,0.63,46.44,21.69,49.48,-1.25,-7.0,0.518,4.653,0.958,0.383,2,522,68.3,1.0,Optimistic,68.3,72.8,69.3,62.5
2018-03-14,3291.38,1.2,-0.17,,58.97,0.19,0.19,0.851,0.6,45.18,20.81,46.97,-1.82,-7.53,0.811,4.25,0.765,0.382,2,523,68.5,1.0,Optimistic,68.5,72.7,69.5,59.8
2018-03-15,3291.11,1.2,-0.17,,50.14,0.19,0.39,0.8,0.08,42.53,20.17,46.93,-1.82,-7.54,0.822,4.02,0.191,0.191,1,524,68.0,1.0,Optimistic,68.0,72.0,68.6,56.1
2018-03-16,3269.88,1.229,-0.15,,40.12,0.39,0.0,0.758,-1.13,37.46,20.59,44.02,-2.45,-8.14,0.649,3.645,1.336,0.191,1,524,67.0,1.0,Optimistic,67.0,70.6,67.5,50.7
2018-03-19,3279.25,1.258,-0.14,,34.44,0.19,0.58,0.739,-1.43,36.26,20.81,45.63,-2.17,-7.87,0.251,3.769,0.571,0.19,1,525,66.4,1.0,Optimistic,66.4,70.0,66.6,48.9
2018-03-20,3290.64,1.315,-0.11,,38.29,0.58,0.78,0.749,-0.59,39.5,20.59,47.59,-1.84,-7.55,0.262,3.641,1.912,0.191,2,523,66.5,1.0,Optimistic,66.5,70.1,67.1,50.9
2018-03-21,3280.95,1.315,-0.11,,39.78,0.97,0.19,0.9,-0.32,41.54,21.11,46.07,-2.13,-7.82,0.272,4.418,1.721,0.191,2,523,67.3,1.0,Optimistic,67.3,70.8,67.6,53.1
2018-03-22,3263.48,1.343,-0.09,,42.64,1.16,0.58,0.801,-0.84,38.76,20.57,43.37,-2.64,-8.32,0.24,3.72,2.672,0.0,3,524,66.8,1.0,Optimistic,66.8,70.0,67.2,51.6
2018-03-23,3152.76,1.371,-0.08,,36.57,11.56,0.0,1.465,-3.58,22.47,23.15,30.98,-5.87,-11.43,-1.168,4.875,0.952,19.048,3,525,63.7,1.0,Optimistic,63.7,66.1,61.9,50.6
2018-03-26,3133.72,1.914,0.21,,40.5,4.62,0.96,0.979,-4.44,22.02,23.11,29.42,-6.36,-11.96,-0.87,4.302,1.711,0.19,1,526,60.1,1.0,Optimistic,60.1,61.2,58.7,45.2
2018-03-27,3166.65,1.799,0.15,,49.88,0.0,1.15,0.988,-3.77,25.2,21.79,35.46,-5.32,-11.04,-0.699,4.863,2.095,0.0,2,525,62.4,1.0,Optimistic,62.4,62.9,60.6,51.4
2018-03-28,3122.29,1.685,0.09,,50.3,2.12,0.39,0.851,-4.84,21.75,21.4,31.55,-6.56,-12.28,-0.944,4.134,1.336,0.573,2,523,62.4,1.0,Optimistic,62.4,63.3,60.4,48.1
2018-03-29,3160.53,1.799,0.15,,57.51,0.77,0.19,0.885,-3.15,28.8,25.38,37.91,-5.37,-11.21,-0.823,4.495,1.336,0.0,1,524,61.1,1.0,Optimistic,61.1,63.9,61.0,53.3
2018-03-30,3168.9,1.598,0.04,,71.91,0.38,1.54,0.803,0.51,44.31,24.85,39.24,-5.06,-10.97,0.622,4.281,2.476,0.0,2,525,65.1,1.0,Optimistic,65.1,69.7,67.2,57.2
2018-04-02,3163.18,1.684,0.09,,65.94,0.96,1.93,0.925,0.94,47.51,24.47,38.63,-5.16,-11.13,0.49,5.211,2.481,0.0,3,524,65.6,1.0,Optimistic,65.6,69.8,67.3,57.0
2018-04-03,3136.63,1.655,0.07,,52.48,2.88,1.34,0.789,-0.95,38.27,24.38,35.85,-5.85,-11.88,0.256,3.939,0.951,0.19,4,526,63.7,1.0,Optimistic,63.7,67.8,65.2,49.7
2018-04-04,3131.11,1.769,0.13,,53.27,2.49,1.34,0.766,0.28,43.03,24.1,35.28,-5.91,-12.03,-0.3,3.676,1.328,0.0,5,527,63.3,1.0,Optimistic,63.3,68.0,65.2,49.0
2018-04-09,3138.29,1.74,0.12,,47.31,2.88,0.38,0.731,-0.7,38.98,24.66,36.69,-5.58,-11.83,-0.194,3.823,2.662,0.0,6,526,63.2,1.0,Optimistic,63.2,67.2,64.8,47.1
2018-04-10,3190.32,1.768,0.13,,44.08,0.76,1.15,0.886,0.68,45.88,23.01,45.88,-3.91,-10.37,-0.11,4.073,2.273,1.136,7,528,63.7,1.0,Optimistic,63.7,68.0,65.3,51.6
2018-04-11,3208.08,1.683,0.09,,46.56,0.96,0.58,0.931,1.42,49.81,23.21,48.62,-3.28,-9.87,-0.35,4.009,1.521,0.0,8,526,64.5,1.0,Optimistic,64.5,69.5,66.6,54.4
2018-04-12,3180.16,1.597,0.04,,46.5,2.1,1.15,0.789,1.39,47.7,23.69,44.78,-4.01,-10.66,-0.308,3.377,1.136,0.189,2,528,63.9,1.0,Optimistic,63.9,70.1,66.6,51.2
2018-04-13,3159.05,1.739,0.12,,47.54,2.67,0.76,0.681,0.89,44.45,23.79,42.07,-4.52,-11.25,0.142,3.155,1.515,0.947,1,528,62.4,1.0,Optimistic,62.4,68.3,65.1,48.6
2018-04-16,3110.65,1.768,0.13,,43.43,5.94,1.15,0.831,-0.88,38.71,25.25,36.61,-5.83,-12.61,-0.017,3.886,1.708,0.38,9,527,62.9,1.0,Optimistic,62.9,66.9,64.6,46.9
2018-04-17,3066.8,1.824,0.16,,33.82,10.75,0.19,0.793,-3.87,26.42,25.32,32.49,-6.99,-13.84,-0.128,3.793,0.38,1.331,10,526,60.8,1.0,Optimistic,60.8,63.3,61.2,40.9
2018-04-18,3091.4,1.966,0.24,,36.28,3.65,0.58,0.86,-3.64,26.85,24.9,36.79,-6.09,-13.15,-0.219,4.218,1.143,0.571,1,525,59.7,1.0,Neutral,59.7,62.1,59.7,44.0
2018-04-19,3117.38,2.023,0.27,,41.37,2.11,0.38,0.87,-1.97,34.07,23.3,41.05,-5.15,-12.42,-0.418,4.172,0.38,0.0,1,527,60.3,1.0,Optimistic,60.3,63.3,60.6,47.5
2018-04-20,3071.54,1.937,0.22,,35.12,12.24,0.0,0.847,-2.77,30.67,22.6,36.39,-6.37,-13.71,-0.824,3.693,0.189,1.515,1,528,60.0,1.0,Optimistic,60.0,63.4,59.9,43.2
2018-04-23,3068.01,2.137,0.33,,36.66,12.62,0.19,0.726,-1.37,36.44,22.51,36.05,-6.28,-13.81,-0.851,3.497,0.568,1.705,1,528,59.3,1.0,Neutral,59.3,63.4,60.0,41.3
2018-04-24,3128.93,2.194,0.36,,52.64,0.95,0.0,0.902,2.03,52.16,22.56,45.5,-4.25,-12.1,-0.773,4.016,2.83,0.0,2,530,61.5,1.0,Optimistic,61.5,66.4,63.5,53.1
2018-04-25,3117.97,2.023,0.27,,48.42,2.47,0.57,0.714,0.86,44.71,22.3,44.24,-4.4,-12.4,-0.626,3.504,1.507,0.377,3,531,61.1,1.0,Optimistic,61.1,65.7,62.7,48.8
2018-04-26,3075.03,2.022,0.26,,40.01,11.95,0.0,0.757,-1.36,36.55,22.6,39.58,-5.48,-13.61,-0.551,3.647,1.318,0.565,3,531,60.7,1.0,Optimistic,60.7,64.0,61.4,44.6
2018-04-27,3082.23,2.22,0.37,,49.67,6.27,0.19,0.749,0.35,43.14,23.39,40.71,-5.03,-13.41,-0.728,3.417,0.377,1.509,2,530,59.2,1.0,Neutral,59.2,64.4,61.1,48.0
2018-05-02,3081.18,2.192,0.36,,49.87,10.9,0.76,0.775,0.43,43.7,25.13,40.59,-4.84,-13.44,-0.92,3.235,0.759,2.277,1,527,58.4,1.0,Neutral,58.4,64.7,61.0,48.6
2018-05-03,3100.86,2.363,0.45,,46.32,3.64,0.77,0.817,-0.9,38.59,25.3,43.9,-4.0,-12.88,-0.878,3.453,2.091,0.0,2,526,57.7,1.0,Neutral,57.7,61.9,59.6,48.8
2018-05-04,3091.03,2.306,0.42,,44.82,3.07,1.15,0.699,-0.86,38.24,25.66,42.62,-4.09,-13.16,-1.236,2.992,1.141,0.19,2,526,57.2,1.0,Neutral,57.2,62.2,59.4,46.2
2018-05-07,3136.64,2.306,0.42,,61.72,0.58,1.73,0.827,2.0,50.83,25.46,49.89,-2.5,-11.88,-0.916,3.872,1.908,0.191,3,524,59.1,1.0,Neutral,59.1,64.7,61.9,56.6
2018-05-08,3161.5,2.105,0.31,,63.29,0.96,0.96,0.879,2.57,54.19,24.13,53.36,-1.56,-11.18,-0.066,4.001,2.103,0.574,3,523,61.0,1.0,Optimistic,61.0,66.6,63.9,59.6
2018-05-09,3159.15,2.076,0.29,,64.74,1.73,0.96,0.738,2.53,51.37,23.68,52.99,-1.49,-11.25,0.269,3.228,1.533,0.766,4,522,60.3,1.0,Optimistic,60.3,66.1,63.7,57.9
2018-05-10,3174.41,2.105,0.31,,61.8,1.34,1.15,0.812,2.37,52.09,22.27,55.18,-0.87,-10.82,0.598,3.6,2.476,0.19,2,525,61.1,1.0,Optimistic,61.1,65.9,63.9,59.0
2018-05-11,3163.26,2.105,0.31,,57.62,1.72,0.19,0.803,2.34,51.8,21.78,53.23,-1.05,-11.13,0.468,3.393,0.762,0.762,3,525,60.9,1.0,Optimistic,60.9,66.0,63.6,56.9
2018-05-14,3174.03,2.133,0.32,,45.16,4.61,1.34,0.802,1.19,47.09,20.52,54.89,-0.61,-10.83,0.313,3.503,1.338,0.574,4,523,60.8,1.0,Optimistic,60.8,64.4,62.4,53.2
2018-05-15,3192.12,2.19,0.35,,47.22,1.72,1.34,0.785,0.97,45.97,19.57,57.62,0.02,-10.32,0.294,3.247,2.103,0.191,2,523,60.1,1.0,Optimistic,60.1,63.4,61.5,54.5
2018-05-16,3169.57,2.132,0.32,,44.62,3.24,1.91,0.835,0.33,43.85,20.16,53.29,-0.64,-10.95,0.089,3.488,0.951,0.38,2,525,60.4,1.0,Optimistic,60.4,63.7,61.4,53.1
2018-05-17,3154.28,2.189,0.35,,40.13,4.58,0.38,0.734,-0.63,39.26,18.78,50.53,-1.13,-11.38,0.079,2.972,1.898,0.38,5,527,60.3,1.0,Optimistic,60.3,62.4,60.7,48.8
2018-05-18,3193.3,2.189,0.35,,48.3,2.29,0.38,0.893,0.95,47.18,18.36,56.71,0.07,-10.29,0.246,3.195,1.711,0.19,6,526,61.1,1.0,Optimistic,61.1,63.8,62.1,56.4
2018-05-21,3213.84,2.103,0.3,,58.9,0.19,0.96,1.078,1.25,50.99,17.95,59.57,0.7,-9.71,0.503,4.309,1.905,0.0,7,525,63.3,1.0,Optimistic,63.3,65.1,63.6,63.6
2018-05-22,3214.35,2.018,0.26,,54.62,0.77,1.73,0.945,0.7,46.6,17.91,59.64,0.71,-9.7,0.805,3.762,3.059,0.574,8,523,62.9,1.0,Optimistic,62.9,64.4,63.3,60.7
2018-05-23,3168.96,2.018,0.26,,52.77,3.08,1.35,1.028,-0.02,43.87,18.57,51.01,-0.66,-10.97,0.949,3.755,1.145,0.382,5,523,62.8,1.0,Optimistic,62.8,64.7,63.2,58.3
2018-05-24,3154.65,2.131,0.32,,52.85,3.08,1.54,0.807,0.01,42.29,17.98,48.62,-1.04,-11.37,0.921,3.123,2.29,0.954,6,524,62.0,1.0,Optimistic,62.0,63.8,62.6,54.2
2018-05-25,3141.3,2.131,0.32,,46.17,6.69,1.72,0.838,-1.63,35.56,17.99,46.44,-1.36,-11.75,0.767,3.018,1.905,1.143,7,525,61.2,1.0,Optimistic,61.2,62.2,61.1,51.6
2018-05-28,3135.08,2.357,0.44,,35.74,9.0,2.11,0.845,-2.45,32.05,18.2,45.41,-1.48,-11.92,0.486,3.125,1.527,1.908,8,524,59.3,1.0,Neutral,59.3,59.7,58.7,47.1
2018-05-29,3120.46,2.471,0.5,,30.74,9.92,0.19,0.895,-2.92,29.8,18.8,43.01,-1.87,-12.33,-0.054,3.278,1.521,2.281,9,526,58.2,1.0,Neutral,58.2,58.5,57.2,45.1
2018-05-30,3041.44,2.528,0.53,,27.98,25.1,0.57,1.024,-4.02,23.6,21.47,32.89,-4.23,-14.55,-0.709,3.242,0.954,8.206,5,524,55.7,1.0,Neutral,55.7,57.0,54.9,41.5
2018-05-31,3095.47,3.067,0.82,,37.87,2.68,1.72,0.928,-1.88,34.48,20.27,42.8,-2.45,-13.04,-0.981,3.153,3.238,0.762,6,525,54.8,1.0,Neutral,54.8,55.9,54.8,46.0
2018-06-01,3075.14,2.925,0.74,,37.0,9.96,0.0,0.859,-2.11,33.5,20.47,40.39,-3.0,-13.61,-1.083,2.748,0.762,2.095,7,525,54.6,1.0,Neutral,54.6,56.7,54.9,44.2
2018-06-04,3091.19,3.011,0.79,,40.01,9.02,0.38,0.759,-1.4,36.39,19.52,43.12,-2.39,-13.16,-1.39,2.619,0.191,2.29,8,524,54.4,1.0,Neutral,54.4,56.8,54.6,44.5
2018-06-05,3114.21,3.067,0.82,,51.67,1.92,1.54,0.794,-0.2,41.32,18.74,46.87,-1.58,-12.51,-1.245,3.004,1.336,0.763,9,524,55.7,1.0,Neutral,55.7,57.5,55.9,50.4
2018-06-06,3115.18,2.925,0.74,,59.59,3.08,1.15,0.808,2.42,52.24,18.86,47.03,-1.46,-12.48,-0.859,2.796,1.53,0.574,10,523,57.7,1.0,Neutral,57.7,61.4,59.4,53.7
2018-06-07,3109.5,2.812,0.68,,46.48,6.17,0.58,0.862,0.45,44.64,18.23,46.16,-1.54,-12.64,-0.762,2.933,0.575,0.192,11,522,57.9,1.0,Neutral,57.9,60.1,58.4,50.1
2018-06-08,3067.15,2.896,0.72,,46.24,17.53,0.58,0.912,-0.26,41.88,19.24,40.19,-2.75,-13.83,-0.643,2.622,0.958,0.766,12,522,56.6,1.0,Neutral,56.6,59.0,57.6,48.3
2018-06-11,3052.78,3.292,0.94,,42.18,16.86,0.0,0.742,-1.24,36.97,20.04,38.38,-3.07,-14.23,-0.555,2.322,0.951,1.141,13,525,53.5,1.0,Neutral,53.5,55.2,54.5,42.6
2018-06-12,3079.8,3.348,0.97,,39.17,5.73,0.38,0.78,-1.1,37.61,18.94,43.54,-2.1,-13.48,-0.596,2.793,1.515,0.758,1,528,53.1,1.0,Neutral,53.1,54.8,53.4,43.9
2018-06-13,3049.8,3.176,0.87,,32.41,24.62,0.0,0.828,-2.1,33.57,19.25,39.58,-2.93,-14.32,-0.796,2.493,1.701,1.323,2,528,53.4,1.0,Neutral,53.4,55.0,53.6,41.3
2018-06-14,3044.16,3.46,1.03,,35.87,19.08,0.0,0.802,-2.1,33.6,19.62,38.86,-3.0,-14.48,-0.839,2.608,2.079,1.323,3,529,52.0,1.0,Neutral,52.0,53.2,52.1,41.1
2018-06-15,3021.9,3.602,1.1,,34.48,33.4,0.19,1.006,-1.48,36.46,20.02,36.09,-3.57,-15.1,-1.359,2.611,1.323,3.403,4,529,51.0,1.0,Neutral,51.0,53.2,51.4,41.9
2018-06-19,2907.82,3.914,1.27,,29.53,56.32,0.0,1.604,-4.75,12.59,23.67,25.88,-7.02,-18.31,-3.41,3.585,0.949,36.812,5,527,45.9,1.0,Neutral,45.9,45.5,43.5,39.3
2018-06-20,2915.73,5.415,2.08,,30.24,15.33,0.19,0.994,-5.33,19.09,21.14,27.42,-6.59,-18.09,-3.972,2.683,1.328,1.328,6,527,42.4,1.0,Neutral,42.4,41.2,40.5,33.1
2018-06-21,2875.81,5.359,2.05,,30.62,44.25,0.0,1.066,-5.7,18.09,19.86,24.65,-7.68,-19.21,-4.493,2.837,0.759,4.175,7,527,42.7,1.0,Neutral,42.7,41.4,40.0,33.0
2018-06-22,2889.76,5.867,2.32,,39.24,7.27,0.0,0.871,-5.07,20.78,19.39,27.41,-7.1,-18.81,-4.947,2.255,1.512,1.701,6,528,41.2,1.0,Neutral,41.2,40.1,39.0,33.6
2018-06-25,2859.34,5.582,2.16,,43.29,14.29,0.0,0.856,-5.38,20.98,20.49,25.24,-7.94,-19.67,-4.345,2.356,1.883,1.13,2,531,41.9,1.0,Neutral,41.9,41.4,40.2,34.3
2018-06-26,2844.51,5.639,2.19,,56.73,7.62,0.0,0.891,-2.18,33.14,20.6,24.23,-8.26,-20.09,-2.096,2.623,1.883,0.565,2,531,44.0,1.0,Neutral,44.0,44.4,44.1,38.9
2018-06-27,2813.18,5.467,2.09,,47.65,12.69,0.0,0.923,-3.52,26.91,22.15,22.21,-9.12,-20.97,-1.646,2.551,1.498,0.936,3,534,43.6,1.0,Neutral,43.6,43.6,43.7,35.6
2018-06-28,2786.9,5.524,2.12,,48.65,17.2,0.19,0.847,-3.09,29.29,22.9,20.66,-9.79,-21.7,-1.061,2.279,1.121,1.495,4,535,43.4,1.0,Neutral,43.4,44.2,44.5,34.0
2018-06-29,2847.42,5.779,2.25,,51.35,1.51,0.19,0.905,-1.47,36.36,21.16,32.39,-7.67,-20.0,-0.719,2.841,4.112,0.935,5,535,44.7,1.0,Neutral,44.7,44.7,45.6,39.4
2018-07-02,2775.56,5.269,1.98,,47.33,8.3,0.38,0.99,-2.93,29.29,26.38,27.24,-9.81,-22.02,-0.688,2.889,1.306,1.306,6,536,44.0,1.0,Neutral,44.0,45.1,45.7,37.2
2018-07-03,2786.89,5.664,2.19,,48.96,4.51,0.19,1.035,-2.03,33.69,25.93,29.15,-9.27,-21.7,-0.573,3.299,4.275,0.743,3,538,43.9,1.0,Neutral,43.9,44.7,45.6,38.5
2018-07-04,2759.13,5.551,2.12,,45.16,10.71,0.0,0.896,-1.92,34.29,27.12,27.26,-9.99,-22.48,-1.0,2.196,1.301,2.416,3,538,42.4,1.0,Neutral,42.4,45.4,45.3,34.6
2018-07-05,2733.88,5.749,2.23,,42.46,32.71,0.0,0.942,-1.9,34.36,27.43,25.63,-10.62,-23.19,-1.321,2.286,0.929,2.602,4,538,41.8,1.0,Neutral,41.8,44.9,44.6,33.2
2018-07-06,2747.23,6.4,2.57,,35.31,17.14,0.0,0.995,-3.52,26.37,25.72,28.08,-9.97,-22.82,-1.539,2.828,0.931,0.372,5,537,40.1,1.0,Neutral,40.1,40.2,41.0,31.4
2018-07-09,2815.11,6.284,2.51,,50.84,1.69,0.0,0.891,1.43,49.28,22.74,39.05,-7.54,-20.91,-1.547,2.62,2.23,0.743,3,538,43.0,1.0,Neutral,43.0,45.9,45.7,40.2
2018-07-10,2827.62,5.801,2.24,,48.91,2.63,0.0,0.864,1.46,49.06,22.83,40.85,-6.95,-20.56,-1.79,2.554,2.412,0.557,4,538,44.2,1.0,Neutral,44.2,47.4,46.9,40.6
2018-07-11,2777.77,5.772,2.22,,48.75,19.7,0.19,0.939,0.68,46.44,25.52,36.27,-8.4,-21.96,-1.682,2.516,1.113,1.113,4,539,43.5,1.0,Neutral,43.5,47.4,46.8,39.4
2018-07-12,2837.66,6.225,2.46,,66.3,0.94,0.19,1.089,3.8,64.69,23.35,44.34,-6.29,-20.28,-0.91,3.574,2.783,0.371,3,539,45.3,1.0,Neutral,45.3,49.5,49.3,49.5
2018-07-13,2831.18,5.686,2.17,,63.72,2.06,0.75,0.873,3.06,56.2,23.52,43.69,-6.38,-20.46,-0.912,2.755,0.926,0.926,4,540,45.0,1.0,Neutral,45.0,49.3,48.9,46.6
2018-07-16,2814.04,5.604,2.13,,53.54,3.54,0.93,0.802,-0.04,42.05,23.46,41.96,-6.8,-20.94,-0.67,2.658,1.292,1.107,4,542,43.9,1.0,Neutral,43.9,46.1,46.4,41.7
2018-07-17,2798.13,5.689,2.17,,49.05,2.99,0.56,0.789,-1.04,37.89,22.9,40.35,-7.17,-21.39,-0.491,2.602,1.845,0.738,5,542,43.8,1.0,Neutral,43.8,44.9,45.7,39.3
2018-07-18,2787.26,5.634,2.14,,52.61,4.48,0.37,0.912,0.34,44.62,21.86,39.25,-7.38,-21.69,-0.102,2.72,0.923,0.185,6,542,45.5,1.0,Neutral,45.5,47.0,47.8,41.9
2018-07-19,2772.55,5.747,2.19,,37.56,8.21,0.19,0.867,-2.29,32.67,20.73,37.74,-7.72,-22.11,-0.555,2.429,0.738,0.185,7,542,44.0,1.0,Neutral,44.0,43.6,44.8,35.2
2018-07-20,2829.27,6.001,2.32,,43.92,1.49,0.19,1.107,-0.07,44.22,21.3,46.29,-5.67,-20.51,-0.471,3.059,1.473,0.184,8,543,44.2,1.0,Neutral,44.2,44.7,45.9,43.5
2018-07-23,2859.54,5.718,2.17,,49.21,1.68,0.37,1.319,1.62,56.47,21.37,50.22,-4.53,-19.66,-0.691,3.753,2.026,0.737,9,543,46.6,1.0,Neutral,46.6,48.6,48.9,49.0
2018-07-24,2905.56,5.519,2.06,,57.44,0.37,0.37,1.736,3.84,80.69,23.3,55.55,-2.9,-18.37,-0.816,4.803,1.842,0.184,10,543,50.0,1.0,Neutral,50.0,55.6,54.8,56.5
2018-07-25,2903.65,5.038,1.81,,59.93,0.19,0.0,1.254,4.18,70.97,23.28,55.28,-2.87,-18.42,-0.607,3.573,1.105,0.368,11,543,49.4,1.0,Neutral,49.4,54.8,54.2,55.2
2018-07-26,2882.22,4.925,1.74,,64.53,0.93,0.0,1.253,3.96,69.62,22.61,52.28,-3.48,-19.03,-0.16,3.315,0.921,0.921,12,543,49.7,1.0,Neutral,49.7,55.0,54.5,55.6
2018-07-27,2873.59,4.727,1.64,,54.81,1.49,0.0,1.084,1.57,52.73,21.68,51.07,-3.64,-19.27,-0.15,2.488,0.552,0.921,13,543,48.1,1.0,Neutral,48.1,51.2,51.4,51.1
2018-07-30,2869.05,4.867,1.71,,45.23,4.28,0.0,1.122,0.33,46.53,22.02,50.42,-3.68,-19.4,0.014,2.786,0.735,1.103,2,543,46.5,1.0,Neutral,46.5,49.1,49.1,47.8
2018-07-31,2876.4,5.122,1.84,,39.21,2.23,0.0,0.877,-1.0,38.35,21.94,51.51,-3.29,-19.19,-0.031,2.243,1.103,0.735,1,544,44.2,1.0,Neutral,44.2,45.9,46.3,42.7
2018-08-01,2824.53,4.98,1.77,,33.82,8.01,0.0,1.105,-2.72,29.85,23.8,44.14,-4.85,-20.65,-0.338,2.866,0.919,0.368,2,544,44.4,1.0,Neutral,44.4,45.0,45.6,41.2
2018-08-02,2768.02,5.546,2.06,,27.23,22.72,0.0,1.287,-3.96,21.48,24.73,37.79,-6.55,-22.23,-0.801,3.209,0.735,1.287,3,544,42.1,1.0,Neutral,42.1,41.3,42.1,37.0
2018-08-03,2740.44,5.829,2.21,,25.66,23.61,0.0,0.932,-4.63,21.64,24.89,35.14,-7.26,-23.01,-0.973,2.153,0.734,0.917,4,545,40.5,1.0,Neutral,40.5,40.5,41.5,31.3
2018-08-06,2705.16,6.167,2.38,,24.36,36.18,0.0,0.953,-5.71,19.65,25.73,32.04,-8.21,-24.0,-1.268,2.4,0.733,1.832,5,546,39.2,1.0,Neutral,39.2,38.9,39.8,29.2
2018-08-07,2779.37,6.337,2.47,,32.08,1.48,0.0,1.099,-3.37,26.39,25.28,43.36,-5.48,-21.92,-1.436,2.792,2.007,0.547,6,548,39.5,1.0,Neutral,39.5,39.1,40.4,38.0
2018-08-08,2744.07,5.771,2.17,,32.5,11.99,0.0,1.082,-2.85,29.28,25.43,39.95,-6.45,-22.91,-1.57,2.527,1.642,1.095,7,548,41.5,1.0,Neutral,41.5,42.4,42.9,37.3
2018-08-09,2794.38,5.912,2.24,,49.12,1.11,0.18,1.108,0.95,49.75,25.32,46.42,-4.53,-21.49,-1.271,3.217,2.19,0.0,3,548,43.5,1.0,Neutral,43.5,46.5,46.7,45.9
2018-08-10,2795.31,5.486,2.01,,57.2,0.92,0.18,0.886,2.0,51.78,24.53,46.53,-4.3,-21.47,-1.172,2.388,1.095,0.182,2,548,44.2,1.0,Neutral,44.2,48.6,48.2,46.5
2018-08-13,2785.87,5.571,2.06,,63.52,2.22,0.37,0.929,2.98,57.04,25.33,45.47,-4.4,-21.73,-0.719,2.808,1.28,0.548,3,547,44.9,1.0,Neutral,44.9,49.8,49.4,48.6
2018-08-14,2780.97,5.6,2.07,,52.54,1.66,0.0,0.799,0.06,42.41,25.19,44.89,-4.33,-21.87,-0.416,2.359,0.912,0.0,3,548,43.2,1.0,Neutral,43.2,45.9,46.5,43.0
2018-08-15,2723.26,5.6,2.07,,50.41,8.07,0.0,0.852,-0.76,39.33,25.92,38.7,-6.05,-23.49,-0.138,2.438,0.0,0.909,1,550,42.5,1.0,Neutral,42.5,45.8,45.7,40.5
2018-08-16,2705.19,5.995,2.27,,35.36,14.29,0.0,0.886,-3.19,28.63,26.17,36.98,-6.43,-24.0,-0.222,2.487,0.907,0.544,1,551,40.5,1.0,Neutral,40.5,41.5,42.6,34.3
2018-08-17,2668.97,6.193,2.37,,25.05,26.74,0.0,0.832,-4.52,23.34,26.35,33.75,-7.42,-25.02,-0.256,2.254,0.907,0.726,2,551,39.4,1.0,Neutral,39.4,39.6,41.1,28.4
2018-08-20,2698.47,6.702,2.63,,28.41,14.44,0.0,0.821,-3.14,29.24,26.3,38.47,-6.16,-24.19,-0.606,2.266,0.543,0.725,3,552,38.2,1.0,Neutral,38.2,39.0,40.4,30.6
2018-08-21,2733.83,6.759,2.66,,36.03,3.84,0.0,0.843,-1.7,35.28,23.95,43.65,-4.71,-23.2,-1.01,2.392,1.087,0.0,3,552,39.1,1.0,Neutral,39.1,39.8,41.1,35.5
2018-08-22,2714.61,6.42,2.48,,38.31,15.9,0.0,0.697,-0.32,40.22,22.97,41.6,-5.15,-23.74,-1.171,1.845,0.543,1.268,1,552,40.3,1.0,Neutral,40.3,42.6,42.6,33.8
2018-08-23,2724.62,6.787,2.66,,47.9,5.12,0.0,0.736,0.72,44.43,21.97,43.1,-4.63,-23.45,-1.14,2.371,0.906,0.181,1,552,40.3,1.0,Neutral,40.3,42.2,42.6,37.9
2018-08-24,2729.43,6.759,2.64,,52.46,7.68,0.0,0.757,2.27,50.69,21.91,43.85,-4.25,-23.32,-1.044,2.06,0.725,0.181,1,552,40.9,1.0,Neutral,40.9,43.9,44.0,40.2
2018-08-27,2780.9,6.616,2.56,,58.95,0.73,0.18,1.005,3.05,58.97,22.03,51.22,-2.28,-21.87,-0.82,3.081,1.266,0.181,2,553,42.9,1.0,Neutral,42.9,46.1,46.4,49.0
2018-08-28,2777.98,6.188,2.34,,51.94,1.82,0.18,0.898,1.62,50.24,22.21,50.82,-2.2,-21.96,-0.538,2.608,0.542,0.904,2,553,42.6,1.0,Neutral,42.6,45.4,45.6,45.8
2018-08-29,2769.3,6.16,2.32,,53.67,3.1,0.0,0.757,2.01,49.72,22.7,49.55,-2.31,-22.2,-0.311,2.26,0.0,0.542,1,553,41.9,1.0,Neutral,41.9,45.4,45.4,43.9
2018-08-30,2737.74,6.273,2.38,,42.36,13.14,0.0,0.804,0.48,44.19,22.72,45.16,-3.21,-23.09,-0.413,2.249,0.181,0.181,1,553,41.4,1.0,Neutral,41.4,43.8,44.2,38.9
2018-08-31,2725.25,6.638,2.56,,39.67,23.18,0.0,0.833,-0.15,41.8,22.42,43.52,-3.43,-23.44,-0.549,2.03,0.542,0.904,2,553,40.3,1.0,Neutral,40.3,42.0,42.8,37.3
2018-09-03,2720.73,6.947,2.72,,28.12,24.91,0.18,0.778,-2.16,33.38,23.03,42.91,-3.39,-23.56,-0.628,2.083,1.083,0.361,3,554,38.4,1.0,Neutral,38.4,38.6,40.2,32.0
2018-09-04,2750.58,7.06,2.77,,36.01,2.91,0.18,0.833,-0.99,38.27,22.1,48.07,-2.16,-22.72,-0.559,2.559,0.722,0.361,4,554,39.0,1.0,Neutral,39.0,39.1,40.7,37.2
2018-09-05,2704.34,6.637,2.55,,32.43,20.87,0.0,0.802,-2.35,32.59,23.25,41.77,-3.59,-24.02,-0.663,2.279,0.181,0.181,1,554,38.9,1.0,Neutral,38.9,39.6,40.6,33.8
2018-09-06,2691.59,7.117,2.79,,36.94,26.13,0.0,0.758,-1.69,35.27,23.84,40.2,-3.84,-24.38,-0.56,2.226,1.264,0.0,1,554,37.9,1.0,Neutral,37.9,38.6,40.1,33.4
2018-09-07,2702.3,7.201,2.83,,43.97,11.25,0.0,0.825,-0.84,38.85,23.39,42.16,-3.26,-24.08,-0.49,2.347,1.083,0.0,2,554,38.4,1.0,Neutral,38.4,39.1,40.8,37.6
2018-09-10,2669.49,6.832,2.63,,38.63,39.09,0.0,0.795,-1.88,34.49,24.54,38.04,-4.23,-25.0,-0.75,2.066,0.723,0.904,2,553,38.3,1.0,Neutral,38.3,39.5,40.7,34.0
2018-09-11,2664.8,7.453,2.95,,33.45,16.73,0.18,0.771,-3.12,29.6,23.96,37.48,-4.26,-25.13,-0.897,1.849,0.904,0.362,2,553,36.2,1.0,Neutral,36.2,36.0,37.7,30.8
2018-09-12,2656.11,7.48,2.95,,41.74,13.27,0.0,0.707,-1.78,34.89,23.65,36.41,-4.43,-25.38,-0.794,1.877,0.0,0.181,1,553,36.3,1.0,Neutral,36.3,37.3,38.4,32.3
2018-09-13,2686.58,7.338,2.87,,51.22,4.55,0.0,0.849,-0.19,41.77,23.1,42.62,-3.22,-24.52,-0.854,2.433,0.362,0.181,1,552,37.9,1.0,Neutral,37.9,39.4,40.4,40.4
2018-09-14,2681.64,6.915,2.65,,44.93,13.48,0.0,0.796,-0.76,39.04,21.58,41.91,-3.28,-24.66,-0.973,1.977,0.544,0.726,1,551,39.1,1.0,Neutral,39.1,40.2,40.9,37.7
2018-09-17,2651.79,7.195,2.79,,45.98,35.82,0.0,0.704,-0.66,39.0,20.94,37.78,-4.23,-25.5,-0.869,1.694,1.087,0.906,1,552,38.8,1.0,Neutral,38.8,39.4,40.3,34.6
2018-09-18,2699.95,7.701,3.04,,52.56,2.0,0.0,0.928,1.32,49.31,20.37,46.87,-2.41,-24.15,-0.752,2.437,1.268,0.181,2,552,38.9,1.0,Neutral,38.9,39.9,41.2,42.9
2018-09-19,2730.85,7.107,2.73,,58.66,0.91,0.36,1.137,2.81,60.41,19.19,51.74,-1.24,-23.28,-1.122,2.85,1.452,0.181,3,551,42.4,1.0,Neutral,42.4,44.7,45.1,50.0
2018-09-20,2729.24,6.712,2.53,,48.6,2.55,0.0,0.893,1.59,50.04,18.39,51.48,-1.27,-23.32,-1.356,2.095,0.726,0.181,3,551,42.1,1.0,Neutral,42.1,43.4,43.7,44.2
2018-09-21,2797.49,6.793,2.57,,61.46,1.27,0.18,1.268,4.32,72.22,19.25,60.67,1.23,-21.41,-1.364,3.186,0.542,0.181,2,553,44.2,1.0,Neutral,44.2,48.5,47.8,56.0
2018-09-25,2781.14,6.368,2.35,,63.93,1.08,0.36,0.895,4.88,64.86,20.47,57.84,0.64,-21.87,-1.01,2.561,0.541,0.541,3,555,44.0,1.0,Neutral,44.0,48.2,47.8,52.3
2018-09-26,2806.81,6.533,2.43,,56.37,1.45,0.36,1.119,3.96,66.3,21.11,60.92,1.55,-21.15,-1.198,3.068,0.901,0.721,4,555,43.6,1.0,Neutral,43.6,47.8,47.4,53.8
2018-09-27,2791.78,6.421,2.37,,42.88,12.12,0.18,0.994,2.23,54.7,20.6,58.24,0.99,-21.57,-1.153,2.543,0.721,2.342,2,555,42.1,1.0,Neutral,42.1,45.3,44.9,46.8
2018-09-28,2821.35,6.843,2.58,,53.25,2.17,0.18,1.077,3.37,62.18,21.78,61.8,2.0,-20.74,-1.858,2.416,0.722,0.181,1,554,40.9,1.0,Neutral,40.9,45.4,44.8,52.4
2018-10-08,2716.51,6.787,2.54,,36.36,31.58,0.0,1.198,-2.89,28.5,24.4,46.62,-1.77,-23.68,-0.773,3.382,0.542,2.532,2,553,38.1,1.0,Neutral,38.1,37.5,38.7,41.7
2018-10-09,2721.01,7.66,2.98,,42.09,15.34,0.18,0.934,-2.16,33.15,23.11,47.22,-1.55,-23.56,-0.906,2.172,0.901,0.36,1,555,35.5,1.0,Neutral,35.5,35.6,37.2,39.9
2018-10-10,2725.84,7.66,2.97,,42.03,12.43,0.18,0.908,-2.88,29.89,23.12,47.89,-1.31,-23.42,-0.728,2.191,1.079,0.36,2,556,35.4,1.0,Neutral,35.4,34.7,36.8,39.8
2018-10-11,2583.46,7.463,2.87,,39.83,70.71,0.0,1.579,-7.46,11.04,25.56,34.04,-6.36,-27.42,-2.14,3.251,0.542,40.433,2,554,33.5,1.0,Neutral,33.5,31.4,32.2,38.4
2018-10-12,2606.91,10.983,4.62,,30.27,56.06,0.0,1.349,-7.6,14.19,25.83,37.26,-5.38,-26.76,-2.709,2.633,0.903,1.625,2,554,24.1,1.0,Pessimistic,24.1,20.5,23.5,30.9
2018-10-15,2568.1,11.346,4.78,,33.62,55.33,0.0,0.938,-5.46,19.85,26.85,34.28,-6.64,-27.85,-3.888,2.072,1.805,0.542,1,554,23.3,1.0,Pessimistic,23.3,21.3,23.7,26.1
2018-10-16,2546.33,12.074,5.12,,25.45,62.21,0.0,0.945,-6.42,19.76,26.38,32.7,-7.28,-28.46,-4.926,2.143,1.083,1.986,2,554,21.5,1.0,Pessimistic,21.5,19.5,21.6,22.0
2018-10-17,2561.61,13.003,5.55,,29.93,14.1,0.0,1.026,-6.02,18.64,26.53,34.97,-6.59,-28.03,-5.454,2.449,1.986,0.903,3,554,19.7,1.0,Pessimistic,19.7,16.6,19.3,24.5
2018-10-18,2486.42,12.496,5.27,,30.94,58.05,0.0,0.987,-3.76,25.26,28.08,29.67,-9.16,-30.15,-4.429,1.997,0.361,3.971,1,554,20.6,1.0,Pessimistic,20.6,20.2,21.8,21.8
2018-10-19,2550.47,13.956,5.95,,42.35,5.42,0.0,1.159,-2.17,32.79,26.04,38.25,-6.7,-28.35,-3.558,2.705,1.081,0.0,1,554,20.1,1.0,Pessimistic,20.1,18.2,21.4,30.2
2018-10-22,2654.88,12.887,5.39,,57.91,0.54,0.0,1.66,3.38,75.25,26.15,49.14,-2.77,-25.41,-2.861,4.645,7.581,0.0,2,554,28.8,1.0,Pessimistic,28.8,31.1,33.3,44.7
2018-10-23,2594.83,10.942,4.42,,57.98,1.81,0.0,1.385,1.9,59.35,27.46,44.3,-4.82,-27.1,-1.666,3.809,1.625,0.0,2,554,30.4,1.0,Neutral,30.4,32.3,34.5,42.8
2018-10-24,2603.3,11.702,4.77,,53.23,2.17,0.0,1.242,1.63,55.4,27.44,45.12,-4.33,-26.86,-1.084,3.142,1.261,0.36,3,555,27.7,1.0,Pessimistic,27.7,29.3,32.2,39.8
2018-10-25,2603.8,11.421,4.61,,57.57,5.08,0.0,1.269,4.72,74.7,28.47,45.17,-4.14,-26.85,-0.536,3.05,2.351,0.362,4,553,30.4,1.0,Neutral,30.4,35.1,37.6,41.9
2018-10-26,2598.85,11.474,4.61,,52.57,3.09,0.0,1.246,1.9,57.07,29.37,44.73,-4.15,-26.99,-0.084,2.865,1.447,0.0,5,552,28.3,1.0,Pessimistic,28.3,30.3,34.1,39.8
2018-10-29,2542.1,10.996,4.36,,36.1,8.15,0.0,1.053,-4.25,22.16,31.81,39.86,-6.05,-28.58,-0.06,2.672,1.083,1.986,6,554,24.6,1.0,Pessimistic,24.6,22.6,27.2,30.5
2018-10-30,2568.05,11.98,4.81,,48.97,3.25,0.0,1.31,-1.03,39.68,31.79,42.92,-4.92,-27.85,-0.483,3.248,3.058,0.18,7,556,25.3,1.0,Pessimistic,25.3,24.5,29.2,37.6
2018-10-31,2602.78,11.249,4.44,,55.67,0.9,0.0,1.416,-0.02,46.87,31.1,46.82,-3.47,-26.88,-0.595,3.186,1.261,0.18,8,555,27.3,1.0,Pessimistic,27.3,28.1,31.9,43.2
2018-11-01,2606.24,11.08,4.35,,61.32,0.72,0.0,1.563,0.09,48.84,29.06,47.2,-3.21,-26.78,-0.533,4.073,1.619,0.18,9,556,29.4,1.0,Pessimistic,29.4,29.0,32.8,46.4
2018-11-02,2676.48,10.911,4.25,,67.56,0.18,0.0,1.74,2.99,73.84,28.28,54.44,-0.55,-24.81,-0.669,4.696,2.151,0.358,10,558,32.6,1.0,Neutral,32.6,35.5,38.2,52.1
2018-11-05,2665.43,10.208,3.9,,76.18,0.0,0.18,1.488,4.85,81.79,30.13,53.21,-0.91,-25.12,-0.528,4.168,3.047,0.0,11,558,34.6,1.0,Neutral,34.6,39.5,41.9,53.3
2018-11-06,2659.36,9.702,3.66,,67.03,0.36,0.0,1.246,3.56,67.05,30.84,52.5,-1.11,-25.29,-0.105,3.127,1.795,0.18,3,557,32.6,1.0,Neutral,32.6,37.3,39.6,49.6
2018-11-07,2641.34,9.812,3.7,,56.52,0.18,0.0,1.313,1.48,55.53,30.9,50.37,-1.69,-25.79,0.028,3.473,0.718,0.0,4,557,31.5,1.0,Neutral,31.5,33.9,37.0,46.1
2018-11-08,2635.63,10.008,3.78,,52.65,0.18,0.0,1.207,1.13,51.95,30.43,49.68,-1.84,-25.95,-0.011,2.877,2.154,0.0,5,557,30.4,1.0,Neutral,30.4,32.4,35.9,43.5
2018-11-09,2598.87,9.921,3.72,,40.93,1.26,0.0,1.151,-2.9,28.69,31.01,45.37,-3.09,-26.99,0.302,2.636,1.079,0.36,6,556,27.8,1.0,Pessimistic,27.8,26.7,31.3,37.2
2018-11-12,2630.52,9.978,3.74,,48.38,0.0,0.18,1.321,-1.31,37.96,31.33,49.44,-1.81,-26.1,0.377,3.466,2.513,0.0,7,557,29.6,1.0,Pessimistic,29.6,28.7,33.4,42.8
2018-11-13,2654.88,,,,58.69,0.0,0.54,1.869,-0.17,48.59,30.59,52.37,-0.82,-25.41,0.384,4.935,3.052,0.0,8,557,44.2,0.45,Neutral,44.2,49.4,52.2,44.8
2018-11-14,2632.24,7.87,2.76,,60.41,0.18,0.54,1.761,-0.34,46.86,30.04,49.5,-1.58,-26.05,0.62,4.251,2.693,0.359,5,557,37.6,1.0,Neutral,37.6,38.5,41.4,52.2
2018-11-15,2668.17,7.811,2.73,,70.68,0.18,0.36,1.511,1.23,56.57,29.33,53.83,-0.2,-25.04,0.969,4.189,3.763,0.179,6,558,39.1,1.0,Neutral,39.1,41.0,44.0,55.8
2018-11-16,2679.11,7.331,2.5,,75.44,0.36,0.72,1.741,3.09,74.7,28.68,55.09,0.23,-24.73,0.851,5.171,3.936,0.0,7,559,43.4,1.0,Neutral,43.4,47.4,49.4,59.0
2018-11-19,2703.51,7.079,2.38,,67.07,0.36,0.9,1.642,2.77,70.18,28.13,57.86,1.12,-24.05,0.919,5.058,3.936,0.0,8,559,43.7,1.0,Neutral,43.7,46.9,49.1,58.1
2018-11-20,2645.86,6.826,2.27,,51.94,0.36,0.36,1.509,-0.34,45.3,27.24,50.01,-1.01,-25.67,1.086,4.628,1.252,1.431,9,559,41.5,1.0,Neutral,41.5,41.7,44.3,50.2
2018-11-21,2651.51,7.781,2.7,,57.0,0.54,0.18,1.261,0.73,50.23,27.13,50.72,-0.74,-25.51,0.868,3.517,0.898,0.359,1,557,37.6,1.0,Neutral,37.6,39.5,41.7,49.1
2018-11-22,2645.43,7.36,2.5,,48.17,0.36,0.36,1.023,-0.85,39.63,26.35,49.9,-0.93,-25.68,0.632,2.974,2.147,0.358,2,559,37.6,1.0,Neutral,37.6,38.2,40.9,44.2
2018-11-23,2579.48,7.472,2.55,,36.47,2.15,0.0,1.303,-3.72,22.85,25.62,42.01,-3.31,-27.53,0.119,3.233,0.535,5.882,2,561,35.5,1.0,Neutral,35.5,34.1,36.2,39.1
2018-11-26,2575.81,9.551,3.49,,34.36,2.15,0.0,0.905,-4.72,21.57,25.76,41.61,-3.36,-27.63,-0.409,2.326,1.426,0.178,1,561,28.9,1.0,Pessimistic,28.9,26.5,30.1,31.4
2018-11-27,2574.68,9.354,3.39,,45.83,0.89,0.18,0.83,-2.69,31.08,24.88,41.48,-3.27,-27.67,-0.734,2.342,1.07,0.0,2,561,30.9,1.0,Neutral,30.9,29.7,32.8,34.6
2018-11-28,2601.74,9.07,3.25,,48.66,0.18,0.0,0.98,-1.88,34.46,24.19,45.82,-2.15,-26.91,-0.848,2.909,1.779,0.356,3,561,32.3,1.0,Neutral,32.3,31.1,34.0,39.8
2018-11-29,2567.44,8.644,3.05,,41.24,2.15,0.18,1.052,-2.95,28.9,24.33,41.61,-3.32,-27.87,-1.185,2.96,0.178,2.135,1,562,32.3,1.0,Neutral,32.3,31.6,33.2,36.9
2018-11-30,2588.19,9.54,3.45,,53.52,1.25,0.18,0.927,0.34,44.74,24.9,44.91,-2.44,-27.29,-0.869,2.394,0.71,0.355,2,562,31.3,1.0,Neutral,31.3,32.3,34.7,39.7
2018-12-03,2654.8,9.259,3.31,,64.18,0.36,0.18,1.375,3.07,66.83,22.82,53.91,0.11,-25.42,-0.623,4.581,2.473,0.353,3,566,37.0,1.0,Neutral,37.0,38.5,40.3,51.3
2018-12-04,2665.96,8.137,2.8,,64.46,0.53,0.36,1.101,3.55,63.64,20.83,55.23,0.57,-25.1,-0.595,3.374,1.235,0.176,4,567,39.5,1.0,Neutral,39.5,41.5,42.8,51.4
2018-12-05,2649.8,7.854,2.67,,52.35,0.71,0.0,1.006,1.85,52.99,20.78,52.87,0.02,-25.56,-0.51,3.18,0.885,1.593,5,565,38.8,1.0,Neutral,38.8,39.8,41.2,45.9
2018-12-06,2605.18,8.163,2.8,,53.43,1.07,0.0,0.918,1.47,49.86,20.94,46.91,-1.6,-26.81,-0.013,3.194,0.882,0.882,6,567,38.2,1.0,Neutral,38.2,38.3,40.4,42.3
2018-12-07,2605.89,8.864,3.11,,51.94,1.07,0.0,0.704,0.68,43.95,19.91,47.01,-1.52,-26.79,0.139,2.171,1.411,0.176,7,567,35.5,1.0,Neutral,35.5,34.2,37.5,37.8
2018-12-10,2584.58,8.696,3.03,,36.38,2.13,0.0,0.73,-2.64,31.63,20.36,44.25,-2.25,-27.39,0.125,2.258,0.705,0.705,6,567,34.4,1.0,Neutral,34.4,31.9,35.3,31.8
2018-12-11,2594.09,9.565,3.41,,36.72,0.18,0.18,0.653,-2.7,31.73,20.33,45.78,-1.85,-27.12,0.048,1.952,0.883,0.177,7,566,31.9,1.0,Neutral,31.9,28.6,32.7,30.3
2018-12-12,2602.15,9.313,3.29,,42.35,0.53,0.18,0.667,-1.8,34.83,20.17,47.1,-1.5,-26.89,-0.072,2.013,0.529,0.0,8,567,33.0,1.0,Neutral,33.0,30.2,34.0,33.3
2018-12-13,2634.05,9.17,3.21,,54.77,0.36,0.0,0.971,1.11,48.87,19.2,52.09,-0.28,-26.0,-0.246,3.165,0.705,0.0,1,567,35.1,1.0,Neutral,35.1,34.1,36.6,44.1
2018-12-14,2593.74,8.861,3.07,,44.82,2.66,0.0,0.934,-0.47,41.06,19.44,46.17,-1.75,-27.13,-0.558,2.651,0.0,1.411,1,567,34.3,1.0,Neutral,34.3,33.6,35.2,38.3
2018-12-17,2597.97,9.703,3.43,,49.69,2.49,0.0,0.748,0.52,43.78,20.33,46.85,-1.54,-27.01,-0.533,2.301,0.176,0.353,1,567,31.7,1.0,Neutral,31.7,31.2,33.6,36.5
2018-12-18,2576.65,9.787,3.46,,40.0,3.2,0.0,0.745,-0.67,39.17,20.64,43.83,-2.3,-27.61,-0.458,2.162,0.529,0.0,1,567,31.4,1.0,Neutral,31.4,30.0,33.0,31.7
2018-12-19,2549.56,10.011,3.55,,32.59,5.86,0.0,0.683,-2.02,34.03,20.75,40.28,-3.24,-28.37,-0.59,1.876,0.176,0.0,2,567,30.5,1.0,Neutral,30.5,28.3,31.5,26.5
2018-12-20,2536.27,10.432,3.73,,29.63,2.31,0.0,0.765,-3.71,27.3,23.2,38.63,-3.62,-28.75,-0.422,2.35,0.529,0.0,1,567,28.1,1.0,Pessimistic,28.1,25.4,29.2,25.6
2018-12-21,2516.25,10.348,3.68,,33.22,4.96,0.0,0.736,-2.99,30.3,23.78,36.21,-4.25,-29.31,-0.165,2.081,0.176,0.352,1,568,28.1,1.0,Pessimistic,28.1,26.5,30.0,25.4
2018-12-24,2527.01,10.653,3.8,,38.55,1.24,0.18,0.619,-2.73,31.74,22.83,38.44,-3.68,-29.01,-0.27,1.918,0.704,0.176,1,568,28.1,1.0,Pessimistic,28.1,26.0,29.8,26.2
2018-12-25,2504.82,10.569,3.75,,37.98,6.56,0.18,0.9,-2.79,30.37,23.85,35.68,-4.36,-29.63,-0.449,2.626,1.232,0.352,2,568,28.4,1.0,Pessimistic,28.4,26.0,29.8,29.0
2018-12-26,2498.29,11.239,4.03,,43.12,7.27,0.18,0.694,-2.01,34.06,23.38,34.88,-4.42,-29.81,-0.289,2.05,1.408,0.176,3,568,27.4,1.0,Pessimistic,27.4,25.2,29.4,26.7
2018-12-27,2483.09,11.298,4.04,,34.01,9.38,0.18,0.867,-2.1,33.53,23.13,33.04,-4.81,-30.24,-0.575,2.414,0.879,0.879,4,569,27.2,1.0,Pessimistic,27.2,24.9,28.9,25.3
2018-12-28,2493.9,11.939,4.3,,38.9,7.24,0.18,0.762,-0.89,38.41,22.71,35.64,-4.2,-29.94,-1.144,1.855,1.051,0.701,3,570,26.1,1.0,Pessimistic,26.1,24.5,28.1,25.8
2019-01-02,2465.29,11.803,4.23,,33.01,8.66,0.18,0.704,-2.44,32.47,22.22,32.08,-5.14,-30.74,-1.064,2.118,1.401,0.876,4,571,26.1,1.0,Pessimistic,26.1,23.4,27.4,21.5
2019-01-03,2464.36,12.08,4.33,,36.42,8.48,0.18,0.8,-1.62,35.59,21.68,31.97,-5.02,-30.77,-1.002,2.238,1.576,0.876,5,571,26.2,1.0,Pessimistic,26.2,23.5,27.6,23.8
2019-01-04,2514.87,11.743,4.17,,48.12,0.18,0.0,1.085,0.66,47.94,21.2,43.49,-2.95,-29.35,-0.77,3.383,3.503,0.175,6,571,29.4,1.0,Pessimistic,29.4,27.0,31.1,36.6
2019-01-07,2533.09,10.846,3.77,,62.82,0.0,0.18,1.133,2.01,55.91,21.61,46.97,-2.21,-28.84,-0.556,3.552,3.678,0.0,7,571,32.3,1.0,Neutral,32.3,31.2,34.9,44.0
2019-01-08,2526.46,10.252,3.51,,60.91,0.53,0.18,1.012,1.31,50.38,20.69,45.87,-2.42,-29.02,0.19,2.866,1.401,0.175,8,571,32.8,1.0,Neutral,32.8,31.4,35.3,42.3
2019-01-09,2544.34,10.028,3.4,,63.12,0.0,0.18,1.23,3.21,64.6,18.87,49.34,-1.71,-28.52,-0.057,3.869,2.452,0.0,9,571,36.5,1.0,Neutral,36.5,35.6,38.9,46.5
2019-01-10,2535.1,10.028,3.39,,62.24,0.71,0.0,1.017,2.87,58.3,18.52,47.64,-2.06,-28.78,0.005,2.947,1.926,0.0,10,571,35.2,1.0,Neutral,35.2,34.0,37.6,43.6
2019-01-11,2553.83,9.941,3.35,,57.9,0.35,0.0,0.946,1.55,50.64,18.15,51.3,-1.33,-28.25,-0.389,2.674,1.399,0.175,6,571,33.8,1.0,Neutral,33.8,32.1,35.3,42.7
2019-01-14,2535.76,9.577,3.18,,46.16,2.3,0.18,0.915,0.11,43.57,18.45,47.83,-2.06,-28.76,-0.425,2.576,1.226,0.35,1,571,33.5,1.0,Neutral,33.5,31.7,34.4,37.5
2019-01-15,2570.34,9.773,3.26,,54.05,0.35,0.18,1.011,1.74,52.51,17.61,54.22,-0.74,-27.79,-0.441,3.208,1.926,0.35,2,571,34.8,1.0,Neutral,34.8,33.1,35.8,43.5
2019-01-16,2570.42,9.432,3.11,,50.72,0.71,0.18,0.94,1.02,48.09,16.6,54.24,-0.68,-27.79,-0.617,2.862,1.226,0.175,3,571,35.5,1.0,Neutral,35.5,33.1,35.7,42.0
2019-01-17,2559.64,9.483,3.12,,47.73,1.59,0.18,1.03,0.97,48.9,17.21,51.93,-1.08,-28.09,-0.738,2.937,0.699,0.0,4,572,35.4,1.0,Neutral,35.4,33.2,35.9,41.3
2019-01-18,2596.01,9.955,3.31,,47.14,0.53,0.18,1.212,1.65,55.08,17.67,58.35,0.33,-27.07,-0.941,3.243,1.226,0.35,5,571,34.4,1.0,Neutral,34.4,32.9,35.4,44.5
2019-01-21,2610.51,9.533,3.13,,53.06,0.18,0.0,1.035,2.95,59.05,18.93,60.61,0.89,-26.66,-1.046,3.3,1.049,0.175,6,571,35.5,1.0,Neutral,35.5,35.3,37.5,46.3
2019-01-22,2579.7,9.335,3.04,,41.0,1.23,0.0,0.966,0.36,45.23,17.46,53.92,-0.29,-27.53,-0.752,2.869,0.874,0.0,7,572,35.3,1.0,Neutral,35.3,32.6,35.5,39.1
2019-01-23,2581.0,9.807,3.23,,42.98,1.41,0.0,0.832,0.41,44.18,16.9,54.15,-0.26,-27.49,-0.494,2.26,1.748,0.35,8,572,33.6,1.0,Neutral,33.6,30.6,34.1,37.4
2019-01-24,2591.69,9.863,3.24,,51.34,1.23,0.18,0.976,1.25,49.63,15.39,56.09,0.14,-27.19,-0.429,3.019,0.699,0.175,3,572,35.0,1.0,Neutral,35.0,31.8,34.7,43.0
2019-01-25,2601.72,9.972,3.28,,43.0,2.12,0.18,1.011,0.22,44.94,15.02,57.89,0.52,-26.91,-0.692,2.923,0.35,1.051,2,571,33.7,1.0,Neutral,33.7,30.0,32.7,41.0
2019-01-28,2596.98,10.249,3.39,,36.87,4.42,0.18,0.935,-0.52,40.82,16.54,56.71,0.35,-27.04,-0.941,3.009,0.525,0.35,1,571,31.9,1.0,Neutral,31.9,28.3,31.1,37.2
2019-01-29,2594.25,10.748,3.58,,36.5,8.13,0.0,0.995,0.56,46.49,17.81,56.0,0.29,-27.12,-1.496,2.834,0.35,2.977,1,571,30.0,1.0,Neutral,30.0,28.5,30.4,37.2
2019-01-30,2575.58,11.136,3.73,,31.29,10.95,0.0,0.776,-0.21,41.16,18.3,51.27,-0.37,-27.64,-1.888,2.185,0.525,2.277,1,571,28.0,1.0,Pessimistic,28.0,26.2,28.4,30.4
2019-01-31,2584.57,11.722,3.96,,23.64,19.22,0.18,1.002,-0.27,42.4,18.03,53.31,0.03,-27.39,-2.485,2.793,0.0,4.72,1,572,26.6,1.0,Pessimistic,26.6,24.9,26.4,31.3
2019-02-01,2618.23,12.584,4.3,,36.74,0.88,0.53,0.858,0.63,45.39,18.63,60.07,1.34,-26.44,-3.289,2.506,1.742,0.0,1,573,25.3,1.0,Pessimistic,25.3,23.1,25.7,35.1
2019-02-11,2653.9,11.468,3.83,,50.54,0.0,0.7,1.011,2.19,54.8,19.05,65.73,2.71,-25.44,-2.321,4.096,2.265,0.0,2,574,30.3,1.0,Neutral,30.3,28.2,30.7,45.3
2019-02-12,2671.89,10.463,3.41,,64.18,0.0,0.53,1.203,2.99,62.76,18.54,68.18,3.36,-24.94,-1.518,4.476,2.613,0.0,2,574,34.1,1.0,Neutral,34.1,32.8,35.1,53.6
2019-02-13,2721.07,9.961,3.2,,78.31,0.0,0.18,1.587,5.65,85.75,20.0,73.71,5.2,-23.53,-0.374,6.253,2.962,0.0,3,574,38.2,1.0,Neutral,38.2,39.9,41.9,62.3
2019-02-14,2719.7,9.459,2.99,,84.21,0.0,0.7,1.273,5.23,76.53,21.95,73.33,5.1,-23.56,0.86,5.231,2.091,0.0,4,574,38.1,1.0,Neutral,38.1,39.3,42.3,62.1
2019-02-15,2682.39,9.289,2.91,,72.07,0.0,0.18,1.274,2.45,60.91,20.32,63.64,3.63,-23.86,3.019,5.233,1.92,0.0,5,573,38.6,1.0,Neutral,38.6,36.1,41.4,56.7
2019-02-18,2754.36,9.314,2.92,,72.45,0.0,0.71,1.7,3.79,79.39,21.99,71.47,6.35,-21.03,3.003,6.928,3.665,0.0,6,573,40.4,1.0,Neutral,40.4,40.3,45.1,62.7
2019-02-19,2755.65,8.059,2.41,,63.65,0.0,0.35,1.87,3.13,76.33,22.86,71.59,6.35,-20.98,3.364,7.671,2.618,0.0,7,573,43.8,1.0,Neutral,43.8,43.9,48.4,62.9
2019-02-20,2761.22,8.059,2.41,,55.53,0.0,0.35,1.589,1.48,59.4,23.65,72.13,6.52,-20.83,3.272,6.176,1.923,0.0,3,572,40.7,1.0,Neutral,40.7,39.4,44.2,59.5
2019-02-21,2751.8,7.78,2.29,,50.7,0.0,1.23,1.926,1.18,59.91,22.58,69.73,6.09,-21.1,3.251,7.766,2.967,0.0,4,573,42.7,1.0,Neutral,42.7,40.6,45.3,58.9
2019-02-22,2804.23,7.887,2.33,,61.69,0.0,1.41,1.927,4.54,88.16,22.36,74.76,8.0,-19.59,3.389,8.171,4.712,0.0,5,573,45.9,1.0,Neutral,45.9,47.4,51.4,64.3
2019-02-25,2961.28,6.968,1.96,,61.69,0.0,3.36,3.337,7.51,92.0,32.8,83.57,13.82,-12.15,5.108,14.552,11.538,0.0,6,572,47.9,1.0,Neutral,47.9,50.8,55.8,71.9
2019-02-26,2941.52,5.545,1.39,,61.71,0.0,1.59,3.433,6.75,92.0,30.98,79.79,12.8,-11.65,5.571,14.715,2.622,0.874,4,572,51.7,1.0,Neutral,51.7,56.2,59.4,73.4
2019-02-27,2953.82,5.378,1.33,,59.02,0.0,1.06,2.778,6.98,92.0,30.93,80.39,13.0,-11.29,6.25,11.611,2.098,0.524,4,572,51.9,1.0,Neutral,51.9,56.8,60.1,72.5
2019-02-28,2940.95,5.238,1.27,,65.9,0.0,0.71,1.983,6.87,92.0,29.13,77.81,12.24,-11.67,5.949,7.752,1.401,1.751,2,571,51.3,1.0,Neutral,51.3,57.5,60.0,72.5
2019-03-01,2994.01,5.125,1.23,,60.44,0.0,1.23,1.917,6.77,92.0,27.32,80.57,13.98,-10.08,5.153,8.154,0.699,0.0,1,572,52.1,1.0,Neutral,52.1,57.7,60.1,72.1
2019-03-04,3027.58,4.875,1.13,,57.68,0.0,2.28,2.861,2.24,68.8,29.6,82.09,14.93,-9.07,4.111,14.006,4.887,0.0,2,573,51.2,1.0,Neutral,51.2,52.3,55.7,73.9
2019-03-05,3054.25,4.485,0.98,,66.88,0.0,2.64,2.234,3.83,82.19,30.52,83.22,15.6,-8.27,4.509,11.478,5.245,0.0,3,572,53.6,1.0,Neutral,53.6,57.3,60.3,76.4
2019-03-06,3102.1,4.123,0.83,,75.3,0.0,3.35,2.852,5.02,92.0,31.51,85.03,17.08,-6.83,4.845,14.115,4.904,0.0,3,571,55.9,1.0,Neutral,55.9,61.1,63.6,80.9
2019-03-07,3106.42,3.677,0.65,,76.54,0.0,4.93,2.913,5.63,92.0,32.65,85.19,16.92,-6.7,6.654,14.992,6.993,0.0,4,572,58.6,1.0,Neutral,58.6,63.7,66.5,82.2
2019-03-08,2969.86,3.454,0.57,,66.05,0.0,2.46,2.787,-0.81,43.23,33.02,62.91,11.55,-10.8,7.399,13.746,2.098,10.315,5,572,54.2,1.0,Neutral,54.2,53.7,57.1,73.8
2019-03-11,3026.99,4.623,1.04,,68.21,0.0,4.05,1.988,-0.02,49.84,30.11,66.82,13.4,-9.01,7.611,11.275,8.217,0.175,6,572,51.1,1.0,Neutral,51.1,49.0,54.7,72.4
2019-03-12,3060.31,3.787,0.7,,66.29,0.0,4.58,2.332,0.2,51.67,30.11,68.88,14.32,-8.01,6.94,13.271,4.72,0.0,7,572,54.3,1.0,Neutral,54.3,53.0,57.7,74.9
2019-03-13,3026.95,3.509,0.59,,54.87,0.0,2.29,2.007,-2.42,29.65,30.0,64.56,12.77,-9.01,5.745,11.55,2.627,2.277,8,571,52.8,1.0,Neutral,52.8,49.5,53.9,70.0
2019-03-14,2990.68,3.842,0.73,,44.0,0.0,0.53,1.612,-3.73,20.26,28.2,60.14,11.14,-10.1,3.59,8.383,0.876,3.853,9,570,49.2,1.0,Neutral,49.2,45.3,48.9,62.1
2019-03-15,3021.75,4.23,0.89,,58.93,0.0,1.23,1.445,1.75,59.24,27.19,62.51,12.01,-9.17,2.594,7.942,2.972,0.524,10,572,52.2,1.0,Neutral,52.2,53.4,55.7,66.7
2019-03-18,3096.42,3.702,0.68,,57.43,0.0,2.12,1.657,2.29,66.74,27.39,67.5,14.45,-6.92,1.741,9.698,3.846,0.0,6,572,55.2,1.0,Neutral,55.2,57.7,58.6,70.5
2019-03-19,3090.97,,,,50.63,0.0,1.41,1.437,1.0,54.02,29.85,66.8,13.9,-7.09,1.357,8.853,2.618,0.175,3,573,45.3,0.45,Neutral,45.3,47.4,51.6,52.4
2019-03-20,3090.64,3.395,0.56,,54.87,0.0,1.94,1.448,2.1,61.74,29.37,66.76,13.54,-7.1,1.321,8.866,3.141,0.0,4,573,55.2,1.0,Neutral,55.2,58.5,58.7,69.0
2019-03-21,3101.45,3.283,0.52,,65.81,0.0,3.88,1.647,3.7,77.46,30.17,67.53,13.57,-6.77,2.532,10.556,4.021,0.0,5,572,58.4,1.0,Neutral,58.4,63.3,63.9,73.8
2019-03-22,3104.15,3.143,0.47,,58.75,0.0,3.7,1.422,2.73,65.51,29.63,67.73,13.29,-6.69,2.777,8.679,3.147,0.0,6,572,57.5,1.0,Neutral,57.5,61.1,62.1,71.0
2019-03-25,3043.03,3.059,0.43,,46.51,0.0,3.53,1.458,-1.72,35.39,27.7,58.82,10.72,-8.07,2.934,9.247,2.622,0.35,7,572,55.8,1.0,Neutral,55.8,54.3,56.5,64.1
2019-03-26,2997.09,3.363,0.56,,40.8,0.0,1.59,1.333,-3.04,26.95,27.18,53.15,8.73,-8.94,2.158,7.694,1.93,2.281,8,570,52.2,1.0,Neutral,52.2,50.2,52.1,58.2
2019-03-27,3022.72,4.086,0.87,,44.28,0.0,3.88,1.083,-2.2,32.73,26.3,55.71,9.33,-8.16,1.988,6.72,4.545,0.35,9,572,49.5,1.0,Neutral,49.5,47.0,50.1,56.7
2019-03-28,2994.94,3.946,0.81,,35.12,0.0,1.41,1.058,-3.43,26.35,25.5,52.37,8.01,-8.99,1.01,6.805,1.923,1.923,10,571,48.7,1.0,Neutral,48.7,46.2,48.0,52.0
2019-03-29,3090.76,4.222,0.93,,43.52,0.0,2.46,1.365,-0.43,43.79,27.33,61.05,11.07,-6.07,1.28,9.247,3.13,0.348,11,574,50.3,1.0,Neutral,50.3,49.2,51.2,60.8
2019-04-01,3170.36,3.778,0.74,,57.61,0.0,7.37,1.669,4.18,81.77,29.41,66.51,13.46,-3.66,1.317,12.154,6.25,0.174,12,576,56.5,1.0,Neutral,56.5,61.2,61.6,70.6
2019-04-02,3176.82,2.999,0.42,,64.65,0.0,6.33,1.57,6.0,85.25,29.92,66.92,13.23,-3.17,2.325,11.907,2.604,0.347,13,575,61.0,1.0,Optimistic,61.0,67.2,67.0,74.5
2019-04-03,3216.3,2.944,0.39,,66.54,0.0,6.15,1.484,6.4,82.71,29.41,69.36,14.13,-1.45,2.725,10.57,3.819,0.521,14,576,61.1,1.0,Optimistic,61.1,66.7,67.0,75.8
2019-04-04,3246.57,2.749,0.31,,71.31,0.0,5.11,1.587,8.4,85.75,31.0,71.12,14.67,0.0,2.811,11.403,2.783,0.348,15,575,62.0,1.0,Optimistic,62.0,68.6,68.6,78.7
2019-04-08,3244.81,2.694,0.29,,60.54,0.18,6.84,1.674,4.98,88.19,32.5,70.87,14.12,-0.05,4.152,12.599,4.333,0.173,6,577,62.9,1.0,Optimistic,62.9,69.6,70.2,76.2
2019-04-09,3239.66,2.694,0.29,,52.73,0.18,4.57,1.187,2.19,57.79,31.06,70.08,13.47,-0.21,3.703,9.002,1.736,0.694,6,576,58.5,1.0,Neutral,58.5,61.6,62.9,70.3
2019-04-10,3241.93,2.777,0.33,,50.72,0.18,4.91,1.226,2.05,57.66,31.21,70.23,13.08,-0.14,3.317,9.589,3.64,0.347,7,577,58.4,1.0,Neutral,58.4,61.0,62.4,69.6
2019-04-11,3189.96,2.694,0.29,,40.2,0.18,1.93,1.125,-0.82,40.23,31.0,62.15,10.85,-1.74,2.63,8.073,2.431,1.389,2,576,55.7,1.0,Neutral,55.7,57.3,58.1,62.4
2019-04-12,3188.63,2.86,0.36,,39.85,0.18,1.93,0.916,-1.78,34.91,28.16,61.96,10.38,-1.78,2.149,6.167,1.903,0.865,2,577,54.2,1.0,Neutral,54.2,54.8,55.8,59.1
2019-04-15,3177.79,2.941,0.4,,37.52,0.0,1.23,1.095,-2.07,33.42,28.13,60.28,9.61,-2.12,0.838,7.971,1.211,0.346,2,578,53.8,1.0,Neutral,53.8,54.0,54.1,59.6
2019-04-16,3253.6,2.94,0.4,,42.87,0.0,3.16,1.112,0.43,46.96,28.38,66.99,11.77,0.0,1.139,8.436,2.08,0.347,2,577,55.3,1.0,Neutral,55.3,57.3,57.1,64.5
2019-04-17,3263.12,2.802,0.34,,46.44,0.0,2.97,1.099,0.65,48.03,28.7,67.73,11.65,0.0,1.207,8.537,3.109,0.173,3,579,56.5,1.0,Neutral,56.5,58.5,58.4,66.1
2019-04-18,3250.2,2.774,0.33,,48.53,0.0,3.32,0.99,1.89,52.94,28.71,65.59,10.78,-0.4,1.478,7.574,2.591,0.0,4,579,57.2,1.0,Neutral,57.2,60.1,60.1,64.7
2019-04-19,3270.8,2.745,0.32,,52.17,0.18,2.98,0.95,2.58,55.57,28.4,67.36,11.03,0.0,1.926,7.637,2.253,0.173,5,577,57.8,1.0,Neutral,57.8,60.9,61.1,66.1
2019-04-22,3215.04,2.634,0.27,,51.67,0.18,2.46,1.057,1.17,50.29,29.5,58.57,8.76,-1.7,2.187,8.553,0.868,0.868,6,575,58.1,1.0,Neutral,58.1,60.7,60.9,64.3
2019-04-23,3198.59,2.8,0.34,,38.05,0.18,1.23,0.975,-1.69,35.37,27.64,56.24,7.85,-2.21,1.243,6.67,1.04,1.56,7,577,55.0,1.0,Neutral,55.0,55.8,56.0,57.0
2019-04-24,3201.61,3.022,0.43,,40.55,0.0,1.93,0.809,-1.88,34.48,27.07,56.58,7.57,-2.12,1.07,6.32,2.426,0.52,8,577,54.1,1.0,Neutral,54.1,54.1,54.9,55.0
2019-04-25,3123.83,2.827,0.35,,36.21,0.71,1.06,0.954,-3.89,24.92,26.74,46.51,4.64,-4.49,0.284,6.481,1.394,5.052,9,574,53.8,1.0,Neutral,53.8,53.4,53.0,52.0
2019-04-26,3086.4,3.436,0.61,,28.9,1.23,1.23,0.814,-5.64,21.55,25.94,42.58,3.1,-5.64,-0.173,5.461,1.906,2.253,10,577,50.3,1.0,Neutral,50.3,48.8,49.2,44.2
2019-04-29,3062.5,4.044,0.86,,27.5,1.23,0.53,0.842,-4.74,22.27,25.39,40.24,2.04,-6.37,-1.611,5.347,1.04,12.652,1,576,45.8,1.0,Neutral,45.8,45.4,44.2,41.6
2019-04-30,3078.34,4.848,1.2,,39.23,0.53,0.71,0.636,-3.76,28.19,25.59,42.49,2.3,-5.88,-2.657,3.889,1.391,2.087,2,575,43.1,1.0,Neutral,43.1,43.9,42.9,42.1
2019-05-06,2906.46,,,,25.92,2.81,0.35,0.933,-9.22,19.92,29.41,29.5,-3.58,-11.14,-4.104,5.75,0.865,34.775,2,578,32.9,0.45,Neutral,32.9,28.6,29.3,22.1
2019-05-07,2926.39,5.816,1.61,,40.65,0.35,0.7,0.717,-6.32,22.89,26.24,32.09,-3.11,-10.53,-4.058,4.229,3.813,1.04,3,577,40.8,1.0,Neutral,40.8,40.0,39.6,36.0
2019-05-08,2893.76,,,,43.8,1.23,0.18,0.651,-6.24,23.8,27.2,30.13,-4.35,-11.53,-3.864,3.892,2.6,0.693,3,577,35.6,0.45,Neutral,35.6,32.2,34.2,23.8
2019-05-09,2850.95,6.255,1.79,,46.28,1.23,0.18,0.561,-6.91,25.04,29.04,27.75,-5.89,-12.84,-3.072,3.448,0.518,2.073,2,578,38.3,1.0,Neutral,38.3,39.5,38.9,32.6
2019-05-10,2939.21,5.702,1.56,,50.53,0.18,0.88,0.789,-4.52,23.85,29.04,38.56,-3.13,-10.14,-1.917,5.762,4.145,0.173,2,579,42.2,1.0,Neutral,42.2,40.7,41.4,42.8
2019-05-13,2903.71,6.034,1.7,,55.87,0.7,0.87,0.589,-0.09,40.24,27.73,36.21,-4.42,-11.22,-1.161,3.897,2.759,0.517,3,580,42.4,1.0,Neutral,42.4,44.1,44.6,39.8
2019-05-14,2883.61,,,,44.48,1.22,0.52,0.578,-1.46,35.88,26.68,34.91,-5.17,-11.84,-0.775,3.526,1.724,0.862,3,580,40.1,0.45,Neutral,40.1,42.2,44.2,24.0
2019-05-15,2938.68,5.697,1.55,,55.02,0.35,1.4,0.64,1.55,46.22,25.09,41.13,-3.47,-10.15,-0.649,4.625,2.931,0.345,4,580,45.5,1.0,Neutral,45.5,46.7,47.2,42.7
2019-05-16,2955.71,5.364,1.41,,62.35,0.7,0.88,0.689,3.67,54.58,23.93,42.95,-3.06,-9.63,-0.508,4.513,2.422,0.346,5,578,47.7,1.0,Neutral,47.7,50.1,50.2,47.0
2019-05-17,2882.3,6.304,1.8,,44.05,2.63,0.18,0.737,-1.94,34.31,23.75,37.57,-5.53,-11.88,-1.045,4.506,1.382,4.491,6,579,42.2,1.0,Neutral,42.2,41.7,42.2,37.2
2019-05-20,2870.61,6.523,1.89,,46.75,3.15,0.18,0.579,-1.14,36.89,23.21,36.78,-5.97,-12.24,-0.73,3.779,1.727,1.9,3,579,41.7,1.0,Neutral,41.7,41.7,42.5,35.2
2019-05-21,2905.97,6.133,1.73,,59.34,0.52,0.7,0.587,0.78,42.98,22.47,40.83,-4.89,-11.15,-0.515,4.132,2.586,0.0,4,580,44.7,1.0,Neutral,44.7,44.5,45.6,41.9
2019-05-22,2891.7,6.295,1.8,,45.64,2.44,0.52,0.556,-1.6,35.43,21.55,39.72,-5.43,-11.59,-0.722,3.741,1.203,0.172,5,581,43.2,1.0,Neutral,43.2,42.0,43.2,36.0
2019-05-23,2852.51,6.902,2.05,,34.86,5.58,0.52,0.551,-3.49,29.72,22.17,36.78,-6.73,-12.79,-0.999,3.646,1.89,2.749,6,582,40.2,1.0,Neutral,40.2,38.5,39.8,29.7
2019-05-24,2852.99,6.849,2.03,,40.01,4.01,0.17,0.469,-1.02,36.9,21.76,36.84,-6.66,-12.77,-0.876,2.834,1.203,1.375,2,582,40.4,1.0,Neutral,40.4,40.6,41.5,30.9
2019-05-27,2892.38,6.186,1.75,,50.14,0.52,0.7,0.562,0.76,42.65,23.09,41.86,-5.35,-11.57,-0.359,4.243,2.749,0.0,3,582,44.2,1.0,Neutral,44.2,44.1,45.3,38.4
2019-05-28,2909.91,6.241,1.77,,41.38,1.22,0.87,0.649,0.14,41.47,22.25,44.0,-4.75,-11.03,-0.699,4.037,1.203,0.859,4,582,43.4,1.0,Neutral,43.4,43.3,44.1,37.3
2019-05-29,2914.7,6.352,1.81,,46.51,1.74,0.7,0.585,0.8,43.02,21.55,44.59,-4.58,-10.89,-0.473,3.823,2.23,0.686,5,583,43.6,1.0,Neutral,43.6,43.3,44.5,38.3
2019-05-30,2905.8,6.543,1.89,,50.45,3.48,0.52,0.61,1.87,46.81,21.78,43.66,-4.83,-11.16,-0.238,3.629,2.058,1.372,6,583,43.2,1.0,Neutral,43.2,43.7,44.8,39.4
2019-05-31,2898.7,6.461,1.86,,52.33,3.48,0.35,0.583,1.6,45.54,22.37,42.89,-4.99,-11.38,-0.172,3.396,1.887,1.372,7,583,43.0,1.0,Neutral,43.0,43.7,45.0,39.5
2019-06-03,2890.08,7.178,2.15,,37.65,5.05,0.17,0.655,-0.08,40.78,23.15,41.92,-5.19,-11.64,-0.84,3.564,1.887,1.372,8,583,40.1,1.0,Neutral,40.1,39.9,41.5,33.9
2019-06-04,2862.28,7.648,2.35,,33.48,7.14,0.0,0.578,-1.64,35.33,23.68,38.87,-5.98,-12.49,-1.006,3.025,1.201,2.23,2,583,37.0,1.0,Neutral,37.0,37.1,38.3,29.6
2019-06-05,2861.42,7.563,2.31,,32.56,4.18,0.35,0.567,-1.83,34.73,23.33,38.78,-5.88,-12.52,-1.28,3.203,1.372,0.515,3,583,37.7,1.0,Neutral,37.7,37.3,38.7,29.2
2019-06-06,2827.8,8.363,2.64,,28.78,7.84,0.0,0.565,-2.68,32.1,23.41,35.2,-6.92,-13.54,-1.814,2.879,1.372,4.117,4,583,34.4,1.0,Neutral,34.4,34.0,35.2,25.2
2019-06-10,2852.13,8.004,2.48,,36.01,2.44,0.0,0.543,-1.61,35.39,22.3,39.55,-6.02,-12.8,-1.477,3.047,3.265,1.203,5,582,36.9,1.0,Neutral,36.9,35.8,37.6,29.6
2019-06-11,2925.72,6.624,1.91,,51.28,0.17,0.7,0.862,1.23,48.04,21.62,50.4,-3.53,-10.55,-1.116,5.278,5.67,0.172,6,582,44.0,1.0,Neutral,44.0,42.9,44.2,45.5
2019-06-12,2909.38,6.983,2.05,,52.08,0.35,0.52,0.806,1.65,49.0,21.66,48.32,-4.01,-11.05,-0.524,4.57,2.062,1.031,7,582,42.5,1.0,Neutral,42.5,42.0,43.4,43.6
2019-06-13,2910.74,6.705,1.94,,55.84,0.35,1.05,0.723,1.72,48.06,20.87,48.51,-3.92,-11.01,-0.101,3.767,1.546,0.344,5,582,42.9,1.0,Neutral,42.9,42.8,44.3,44.1
2019-06-14,2881.97,7.45,2.24,,55.46,1.92,0.52,0.738,1.92,49.02,21.15,44.77,-4.79,-11.89,0.008,3.346,0.687,1.203,3,582,40.2,1.0,Neutral,40.2,40.8,42.2,41.8
2019-06-17,2887.62,7.145,2.11,,50.0,2.09,0.7,0.531,1.24,43.73,21.09,45.65,-4.5,-11.72,0.069,2.591,1.89,0.515,2,582,40.0,1.0,Neutral,40.0,40.4,42.1,37.9
2019-06-18,2890.16,7.281,2.17,,38.59,2.09,0.52,0.517,-1.22,36.49,20.3,46.07,-4.31,-11.64,-0.262,2.356,1.031,0.515,3,582,38.7,1.0,Neutral,38.7,37.9,39.9,33.6
2019-06-19,2917.8,6.838,1.98,,50.68,0.35,0.52,0.817,0.29,43.53,19.55,50.55,-3.3,-10.79,-0.55,4.614,1.721,0.0,4,581,42.9,1.0,Neutral,42.9,40.9,42.5,44.4
2019-06-20,2987.12,6.174,1.7,,54.56,0.87,1.22,1.039,2.62,57.48,23.12,59.6,-0.94,-8.67,-0.485,5.861,1.549,0.344,2,581,44.7,1.0,Neutral,44.7,46.0,46.5,53.3
2019-06-21,3001.98,5.899,1.59,,69.64,0.0,0.52,1.032,4.16,65.18,25.27,61.24,-0.39,-8.22,-0.085,5.583,3.265,0.0,2,581,46.0,1.0,Neutral,46.0,48.9,49.4,58.7
2019-06-24,3008.15,5.926,1.6,,67.46,0.17,0.52,0.76,4.17,58.23,26.22,61.93,-0.17,-8.03,0.355,4.482,2.401,0.515,3,583,44.2,1.0,Neutral,44.2,46.9,47.9,54.6
2019-06-25,2982.07,6.117,1.68,,63.61,0.7,0.87,0.889,3.18,57.11,26.31,57.29,-1.03,-8.83,0.675,4.735,0.858,0.343,2,583,43.9,1.0,Neutral,43.9,46.4,47.5,53.7
2019-06-26,2976.28,6.226,1.72,,55.28,0.87,1.22,0.641,2.0,47.76,26.02,56.28,-1.19,-9.0,0.718,3.137,1.199,1.199,3,583,41.3,1.0,Neutral,41.3,43.7,45.3,46.9
2019-06-27,2996.79,6.086,1.66,,50.77,0.52,1.39,0.723,0.32,42.8,26.99,59.03,-0.51,-8.38,0.502,4.285,2.055,0.342,4,584,42.0,1.0,Neutral,42.0,42.5,44.5,47.9
2019-06-28,2978.88,6.472,1.82,,37.19,1.22,1.04,0.675,-0.77,38.48,27.95,55.73,-1.05,-8.93,0.094,3.476,0.856,0.171,5,584,39.5,1.0,Neutral,39.5,40.3,42.3,40.7
2019-07-01,3044.9,5.784,1.53,,48.62,0.0,2.43,0.945,1.22,49.08,25.69,63.77,1.22,-6.91,0.198,6.564,3.253,0.171,6,584,45.0,1.0,Neutral,45.0,44.8,46.5,53.0
2019-07-02,3043.94,5.784,1.53,,53.51,0.0,1.04,0.819,2.07,50.99,24.78,63.59,1.26,-6.94,0.183,4.782,1.027,0.342,4,584,44.1,1.0,Neutral,44.1,45.4,46.5,52.8
2019-07-03,3015.26,5.839,1.55,,49.31,0.35,0.35,0.823,1.31,47.85,23.8,58.27,0.42,-7.81,0.548,4.582,1.197,0.684,3,585,44.3,1.0,Neutral,44.3,44.9,46.3,49.6
2019-07-04,3005.25,5.725,1.5,,44.43,0.52,0.0,0.764,0.28,43.02,23.38,56.5,0.22,-8.12,0.528,3.762,1.538,1.026,4,585,43.8,1.0,Neutral,43.8,44.2,45.8,46.5
2019-07-05,3011.06,5.78,1.52,,52.41,0.35,0.17,0.628,1.08,44.45,24.07,57.31,0.54,-7.94,0.809,3.112,0.514,0.685,1,584,42.5,1.0,Neutral,42.5,44.3,45.6,47.7
2019-07-08,2933.36,6.799,1.94,,34.26,3.46,0.0,0.867,-3.66,26.68,23.31,45.16,-1.88,-10.32,0.176,4.023,0.684,1.709,2,585,39.3,1.0,Neutral,39.3,37.0,39.0,38.9
2019-07-09,2928.23,6.803,1.94,,36.02,2.25,0.17,0.601,-3.8,28.36,22.29,44.48,-1.88,-10.47,-0.096,2.785,0.513,0.171,1,585,38.7,1.0,Neutral,38.7,37.5,39.3,35.4
2019-07-10,2915.3,6.995,2.02,,36.36,4.32,0.69,0.57,-3.32,30.13,22.36,42.76,-2.17,-10.87,-0.482,2.634,0.855,0.342,1,585,38.0,1.0,Neutral,38.0,37.2,38.9,34.3
2019-07-11,2917.76,6.966,2.0,,37.56,4.15,0.35,0.614,-2.91,31.17,22.7,43.21,-1.94,-10.79,-0.744,2.886,1.197,0.513,2,585,38.4,1.0,Neutral,38.4,37.6,39.2,35.5
2019-07-12,2930.55,6.911,1.98,,38.26,2.42,0.52,0.595,-2.67,32.02,22.58,45.61,-1.37,-10.4,-0.762,2.669,1.197,0.684,3,585,38.5,1.0,Neutral,38.5,37.9,39.5,36.5
2019-07-15,2942.18,6.689,1.88,,51.34,2.42,0.69,0.735,0.3,42.83,22.68,47.77,-0.8,-10.05,-0.427,3.864,0.685,0.514,4,584,41.5,1.0,Neutral,41.5,41.5,42.7,44.2
2019-07-16,2937.62,6.661,1.87,,50.81,1.38,0.52,0.586,0.32,41.53,23.01,46.98,-0.78,-10.19,-0.339,2.886,1.712,0.0,5,584,40.8,1.0,Neutral,40.8,41.2,43.0,41.8
2019-07-17,2931.69,6.661,1.87,,54.12,1.04,0.17,0.677,0.56,43.23,22.57,45.92,-0.8,-10.37,-0.162,3.45,1.715,0.343,2,583,41.3,1.0,Neutral,41.3,41.7,43.1,43.8
2019-07-18,2901.18,7.375,2.16,,47.67,4.5,0.69,0.687,-0.57,39.26,22.41,40.81,-1.63,-11.3,-0.112,2.991,0.686,0.515,3,583,38.5,1.0,Neutral,38.5,38.2,40.2,39.1
2019-07-19,2924.2,7.16,2.07,,48.33,1.73,0.52,0.694,-0.22,40.57,23.33,45.72,-0.68,-10.6,-0.106,3.015,0.858,0.0,4,583,39.0,1.0,Neutral,39.0,39.1,41.2,41.4
2019-07-22,2886.97,7.814,2.33,,35.76,9.5,0.52,0.853,-1.88,34.5,22.05,39.95,-1.77,-11.73,-0.703,2.967,0.508,2.712,5,584,36.4,1.0,Neutral,36.4,35.5,37.3,36.4
2019-07-23,2899.95,7.732,2.29,,41.65,2.42,0.52,0.617,-1.28,36.53,20.76,42.67,-1.16,-11.34,-0.848,2.418,2.203,0.339,6,590,37.3,1.0,Neutral,37.3,36.1,38.4,36.1
2019-07-24,2923.28,7.32,2.12,,50.23,0.69,0.52,0.75,-0.29,40.68,19.78,47.28,-0.25,-10.62,-0.873,3.39,2.034,0.169,7,590,40.2,1.0,Neutral,40.2,38.5,40.5,43.2
2019-07-25,2937.36,7.316,2.12,,57.63,0.69,0.17,0.713,1.25,46.14,18.16,49.9,0.31,-10.19,-0.623,3.445,0.677,0.0,3,590,41.1,1.0,Neutral,41.1,39.8,41.3,46.1
2019-07-26,2944.54,7.396,2.15,,53.32,1.21,0.69,0.69,0.7,43.84,18.49,51.23,0.62,-9.97,-0.594,2.861,1.354,0.338,2,591,39.7,1.0,Neutral,39.7,38.9,40.4,44.7
2019-07-29,2941.01,7.367,2.13,,59.63,1.03,0.86,0.642,1.87,47.33,19.58,50.52,0.58,-10.08,0.022,2.985,1.015,0.0,3,591,40.2,1.0,Neutral,40.2,39.9,41.9,46.0
2019-07-30,2952.34,7.258,2.09,,55.9,0.69,1.04,0.75,1.81,48.79,19.63,52.79,0.94,-9.74,0.136,3.409,0.508,0.339,4,590,40.8,1.0,Neutral,40.8,40.5,42.3,47.2
2019-07-31,2932.51,7.558,2.21,,43.9,3.28,0.52,0.724,0.32,42.78,19.98,48.6,0.26,-10.34,0.003,2.993,1.015,0.169,4,591,39.1,1.0,Neutral,39.1,38.1,40.4,40.8
2019-08-01,2908.77,7.665,2.25,,40.09,3.96,0.69,0.738,-0.97,37.98,17.99,44.08,-0.56,-11.07,0.016,3.012,1.354,0.169,5,591,39.5,1.0,Neutral,39.5,36.7,39.3,38.0
2019-08-02,2867.84,8.372,2.53,,34.37,7.23,0.52,0.966,-2.6,30.97,18.68,37.6,-1.97,-12.32,-0.155,3.637,0.507,0.676,3,591,36.6,1.0,Neutral,36.6,32.6,35.4,35.8
2019-08-05,2821.5,8.642,2.63,,29.8,8.61,0.34,0.875,-4.06,24.84,20.59,31.88,-3.49,-13.74,-0.382,3.436,0.676,0.507,1,592,34.1,1.0,Neutral,34.1,30.3,33.1,30.1
2019-08-06,2777.56,10.005,3.18,,19.65,15.98,0.17,1.221,-5.92,15.96,22.21,27.6,-4.92,-15.08,-0.857,4.069,0.843,2.53,2,593,29.3,1.0,Pessimistic,29.3,23.5,27.0,27.3
2019-08-07,2768.68,9.891,3.12,,21.82,11.34,0.0,0.832,-5.59,21.31,21.28,26.81,-5.16,-15.35,-1.219,2.616,0.675,0.506,2,593,29.4,1.0,Pessimistic,29.4,25.4,28.7,23.2
2019-08-08,2794.55,9.613,3.0,,28.31,5.33,0.34,0.792,-3.93,26.21,20.77,32.8,-4.2,-14.56,-1.494,2.732,1.18,0.337,2,593,30.9,1.0,Neutral,30.9,27.4,30.3,27.0
2019-08-09,2774.75,10.128,3.2,,29.15,11.86,0.17,0.791,-3.25,28.98,20.15,30.73,-4.78,-15.17,-1.543,2.798,0.337,0.169,2,593,30.0,1.0,Neutral,30.0,26.6,29.5,25.6
2019-08-12,2814.99,9.502,2.95,,43.5,1.03,0.52,0.708,-0.23,40.62,20.46,39.15,-3.36,-13.94,-1.478,2.993,1.182,0.0,3,592,33.2,1.0,Neutral,33.2,31.5,33.9,33.4
2019-08-13,2797.26,10.019,3.15,,46.64,6.36,0.34,0.713,0.71,44.15,20.38,37.02,-3.93,-14.48,-0.9,2.823,0.506,0.169,1,593,31.8,1.0,Neutral,31.8,30.7,33.1,32.9
2019-08-14,2808.91,9.799,3.05,,52.61,1.72,0.86,0.79,1.45,47.99,19.8,39.36,-3.47,-14.12,-0.381,3.493,0.506,0.0,1,593,33.8,1.0,Neutral,33.8,32.4,35.0,37.4
2019-08-15,2815.8,9.771,3.03,,48.8,4.46,1.37,0.844,0.76,45.78,20.45,40.76,-3.2,-13.91,-0.271,3.29,0.843,0.169,1,593,33.2,1.0,Neutral,33.2,31.8,34.6,37.5
2019-08-16,2823.82,9.717,3.01,,56.27,3.61,1.2,0.824,1.77,49.79,20.34,42.43,-2.9,-13.67,0.16,3.776,1.351,0.169,2,592,34.7,1.0,Neutral,34.7,33.0,36.2,40.4
2019-08-19,2883.1,8.655,2.58,,57.83,0.0,2.06,1.195,2.42,59.29,21.04,52.97,-0.88,-11.85,1.275,6.42,3.209,0.169,3,592,40.1,1.0,Neutral,40.1,38.3,41.8,50.4
2019-08-20,2880.0,8.737,2.61,,60.61,0.0,1.2,1.052,2.96,59.46,20.83,52.43,-0.98,-11.95,1.732,5.322,2.196,0.0,4,592,39.8,1.0,Neutral,39.8,38.1,42.0,49.7
2019-08-21,2880.33,8.601,2.55,,56.57,0.34,1.55,0.883,2.54,54.13,19.99,52.48,-0.95,-11.94,1.976,4.408,1.689,0.0,5,592,39.5,1.0,Neutral,39.5,37.2,41.5,46.4
2019-08-22,2883.44,8.435,2.48,,58.82,0.34,0.86,0.833,2.4,52.61,19.8,53.04,-0.83,-11.84,2.46,4.283,1.014,0.338,6,592,39.7,1.0,Neutral,39.7,37.3,41.7,46.8
2019-08-23,2897.43,8.594,2.54,,54.66,0.17,1.55,0.893,2.61,54.61,20.07,55.56,-0.34,-11.42,2.357,4.453,1.182,0.169,7,592,39.3,1.0,Neutral,39.3,37.0,41.6,47.0
2019-08-26,2863.57,9.083,2.72,,40.14,2.41,1.2,0.957,-0.68,40.19,21.23,48.74,-1.49,-12.45,1.565,4.51,1.351,0.0,6,592,36.4,1.0,Neutral,36.4,32.2,37.1,39.8
2019-08-27,2902.19,8.508,2.49,,49.63,0.0,1.89,1.176,0.77,49.52,20.18,55.46,-0.17,-11.27,1.253,5.487,1.014,0.0,7,592,39.3,1.0,Neutral,39.3,36.0,39.9,48.7
2019-08-28,2893.76,8.372,2.44,,50.07,0.17,1.37,1.035,0.47,46.4,19.97,53.8,-0.48,-11.53,1.207,4.789,1.52,0.338,8,592,39.1,1.0,Neutral,39.1,35.8,39.7,47.1
2019-08-29,2890.92,8.587,2.52,,46.66,0.52,1.37,1.01,0.26,45.12,19.13,53.22,-0.59,-11.61,1.173,4.578,1.014,0.0,9,592,38.7,1.0,Neutral,38.7,34.7,39.0,45.0
2019-08-30,2886.24,8.967,2.66,,43.2,1.2,1.37,1.097,-0.39,42.44,19.26,52.23,-0.78,-11.76,1.156,5.295,1.18,0.843,2,593,37.0,1.0,Neutral,37.0,32.8,36.6,44.1
2019-09-02,2924.11,8.288,2.39,,56.69,0.0,1.54,1.145,2.11,56.67,18.48,58.92,0.48,-10.6,1.23,5.603,1.855,0.0,3,593,40.9,1.0,Neutral,40.9,38.2,41.6,52.4
2019-09-03,2930.15,8.288,2.39,,50.48,0.17,1.72,1.064,0.96,49.28,18.44,59.88,0.68,-10.41,1.334,5.632,1.855,0.0,2,593,40.0,1.0,Neutral,40.0,36.2,40.0,49.8
2019-09-04,2957.41,7.905,2.23,,54.35,0.17,0.86,1.278,2.2,59.44,17.99,63.99,1.59,-9.58,1.401,6.329,1.686,0.0,3,593,42.8,1.0,Neutral,42.8,40.2,43.4,55.0
2019-09-05,2985.86,7.686,2.14,,61.38,0.0,1.2,1.733,3.28,76.12,18.77,67.71,2.52,-8.71,1.785,8.827,1.855,0.0,3,593,45.9,1.0,Neutral,45.9,45.2,47.9,61.7
2019-09-06,2999.6,7.657,2.13,,68.87,0.0,1.37,1.22,3.93,68.63,19.28,69.36,2.93,-8.29,2.004,6.475,1.518,0.169,3,593,44.0,1.0,Neutral,44.0,43.3,46.3,61.3
2019-09-09,3024.74,7.277,1.98,,68.7,0.0,2.74,1.369,3.44,69.14,20.4,72.16,3.71,-7.52,2.68,8.146,2.867,0.0,3,593,45.7,1.0,Neutral,45.7,44.7,48.2,63.9
2019-09-10,3021.2,7.25,1.97,,66.75,0.0,0.86,1.339,3.11,66.31,20.22,71.17,3.51,-7.63,2.947,7.575,1.349,0.0,4,593,45.4,1.0,Neutral,45.4,44.1,47.8,63.0
2019-09-11,3008.81,7.331,2.0,,59.54,0.0,0.86,1.271,1.74,56.5,19.79,67.69,3.03,-8.01,2.896,6.747,1.182,0.0,5,592,44.0,1.0,Neutral,44.0,41.2,45.5,59.3
2019-09-12,3031.24,7.059,1.89,,58.31,0.0,0.86,1.089,1.52,52.55,19.59,70.5,3.77,-7.32,1.715,5.29,1.689,0.338,2,592,43.0,1.0,Neutral,43.0,41.0,44.1,58.9
2019-09-16,3030.75,7.085,1.9,,57.1,0.0,1.89,1.238,1.04,51.81,18.72,70.36,3.74,-7.34,2.457,6.26,1.692,0.169,3,591,44.0,1.0,Neutral,44.0,40.7,44.5,59.6
2019-09-17,2978.12,7.682,2.12,,41.25,0.0,0.52,1.254,-1.54,36.42,18.34,56.9,1.95,-8.95,1.428,5.735,1.015,0.508,2,591,40.5,1.0,Neutral,40.5,35.3,38.9,49.1
2019-09-18,2985.66,7.763,2.15,,41.44,0.0,0.52,0.942,-1.18,37.77,17.9,58.13,2.21,-8.72,0.992,4.554,0.678,0.169,3,590,39.8,1.0,Neutral,39.8,35.2,38.6,46.3
2019-09-19,2999.28,7.68,2.12,,49.93,0.0,1.2,0.919,-0.32,41.66,17.65,60.35,2.66,-8.3,0.967,4.8,1.525,0.169,4,590,40.7,1.0,Neutral,40.7,36.3,39.7,50.0
2019-09-20,3006.45,7.653,2.11,,45.2,0.0,1.72,1.03,-0.82,39.83,17.01,61.5,2.9,-8.08,1.148,5.037,1.695,0.0,2,590,41.0,1.0,Neutral,41.0,35.7,39.3,50.2
2019-09-23,2977.08,7.978,2.23,,40.06,0.0,1.2,0.952,-1.77,34.97,17.05,54.51,1.9,-8.98,0.607,4.976,1.864,0.339,3,590,39.8,1.0,Neutral,39.8,34.1,37.5,44.6
2019-09-24,2985.34,7.947,2.21,,47.46,0.17,1.72,0.929,0.24,44.32,16.63,56.02,2.22,-8.73,0.439,5.498,1.186,0.0,2,590,41.2,1.0,Neutral,41.2,36.5,39.3,47.6
2019-09-25,2955.43,8.598,2.46,,40.45,0.69,1.03,0.963,-1.01,38.61,16.88,49.59,1.24,-9.64,-0.018,4.857,1.019,1.528,3,589,38.0,1.0,Neutral,38.0,33.1,35.8,42.5
2019-09-26,2929.09,9.192,2.69,,28.38,2.93,0.34,1.084,-2.34,31.97,17.14,44.71,0.39,-10.45,-0.84,4.726,0.509,3.565,1,589,34.6,1.0,Neutral,34.6,29.4,31.6,37.5
2019-09-27,2932.17,8.968,2.6,,33.47,0.34,0.17,0.764,-2.47,32.19,17.53,45.39,0.54,-10.35,-1.078,3.411,0.846,0.508,1,590,34.4,1.0,Neutral,34.4,30.3,32.6,35.3
2019-09-30,2905.19,9.428,2.77,,32.94,1.71,0.51,0.675,-2.41,32.64,17.76,40.7,-0.33,-11.18,-2.415,2.714,0.505,0.673,1,593,32.0,1.0,Neutral,32.0,29.0,30.6,31.6
2019-10-08,2913.57,9.266,2.7,,33.51,2.05,0.86,0.729,-2.4,32.54,16.32,42.68,-0.03,-10.92,-1.854,3.563,1.178,0.337,2,594,34.4,1.0,Neutral,34.4,29.4,31.7,33.4
2019-10-09,2924.86,8.859,2.54,,45.84,1.03,0.86,0.764,-1.03,37.84,16.0,45.33,0.36,-10.58,-1.368,3.298,1.515,0.505,3,594,36.3,1.0,Neutral,36.3,32.2,34.4,39.6
2019-10-10,2947.71,8.697,2.47,,59.96,0.34,2.23,0.787,0.64,44.65,16.19,50.34,1.13,-9.88,-0.562,3.997,1.18,0.0,4,593,38.4,1.0,Neutral,38.4,34.3,37.0,46.7
2019-10-11,2973.66,8.342,2.33,,56.52,0.51,2.06,0.946,1.41,50.0,16.24,55.34,1.98,-9.08,-0.313,4.348,1.349,0.0,5,593,40.2,1.0,Neutral,40.2,36.7,39.2,50.0
2019-10-14,3007.88,7.88,2.15,,69.6,0.0,1.72,1.222,3.53,66.36,15.69,60.93,3.11,-8.04,1.441,5.655,2.192,0.0,6,593,44.7,1.0,Neutral,44.7,42.0,45.2,59.3
2019-10-15,2991.05,8.096,2.23,,64.45,1.03,0.68,0.904,2.66,55.05,15.22,57.14,2.51,-8.55,0.722,4.151,0.842,1.178,7,594,41.8,1.0,Neutral,41.8,38.7,41.4,53.0
2019-10-16,2978.71,8.369,2.33,,54.62,1.88,1.71,0.873,1.84,50.86,14.48,54.47,2.06,-8.93,0.646,3.936,0.505,0.0,8,594,41.3,1.0,Neutral,41.3,36.9,40.2,48.2
2019-10-17,2977.33,8.475,2.37,,45.2,1.88,1.54,0.712,1.0,45.23,15.4,54.16,1.99,-8.97,0.375,3.208,0.842,0.168,9,594,39.1,1.0,Neutral,39.1,35.1,38.4,42.3
2019-10-18,2938.14,8.96,2.55,,38.72,3.08,0.86,0.874,-1.19,37.5,15.38,46.24,0.62,-10.17,0.286,3.635,1.176,0.168,10,594,37.6,1.0,Neutral,37.6,31.6,35.6,39.0
2019-10-21,2939.62,9.147,2.62,,29.28,3.39,1.02,0.772,-2.27,32.97,14.5,46.56,0.66,-10.13,-0.351,3.049,1.176,0.672,2,595,35.5,1.0,Neutral,35.5,29.8,32.9,34.2
2019-10-22,2954.38,8.85,2.5,,39.86,0.68,1.36,0.686,-1.23,36.89,14.34,49.75,1.13,-9.67,-0.093,3.105,1.513,0.168,2,595,37.1,1.0,Neutral,37.1,31.8,34.9,37.9
2019-10-23,2941.62,9.066,2.58,,39.62,2.03,0.34,0.727,-1.25,36.92,14.52,47.13,0.67,-10.06,-0.108,3.25,1.513,0.168,3,595,36.7,1.0,Neutral,36.7,31.1,34.5,37.2
2019-10-24,2940.92,8.872,2.5,,40.71,2.03,0.17,0.744,-1.22,37.05,13.85,46.98,0.64,-10.09,0.014,3.194,0.84,0.504,4,595,37.5,1.0,Neutral,37.5,31.8,35.0,38.1
2019-10-25,2954.93,8.705,2.43,,50.55,1.35,0.51,0.806,0.57,44.59,13.61,50.31,1.11,-9.66,0.387,3.887,2.017,0.336,5,595,40.0,1.0,Neutral,40.0,34.3,37.7,43.8
2019-10-28,2980.05,8.266,2.26,,58.99,0.34,1.19,1.025,1.38,50.9,13.97,55.67,1.94,-8.89,0.926,5.293,4.545,0.505,6,594,42.9,1.0,Neutral,42.9,37.1,40.8,52.1
2019-10-29,2954.18,8.855,2.48,,46.99,2.37,1.53,0.976,-0.01,43.53,14.13,49.72,1.05,-9.68,0.738,5.009,1.513,0.84,7,594,40.1,1.0,Neutral,40.1,33.5,37.3,44.6
2019-10-30,2939.32,9.255,2.63,,46.55,5.25,1.53,0.93,-0.08,42.84,14.39,46.63,0.55,-10.13,0.649,4.083,1.345,1.176,8,595,38.1,1.0,Neutral,38.1,32.1,36.0,42.3
2019-10-31,2929.06,9.79,2.83,,43.56,6.27,1.19,0.945,-0.4,41.42,14.67,44.58,0.2,-10.45,0.29,3.91,1.008,1.176,9,595,36.0,1.0,Neutral,36.0,29.9,33.9,40.0
2019-11-01,2958.2,9.334,2.65,,44.9,0.85,0.68,0.934,0.11,43.75,14.45,51.16,1.17,-9.56,0.253,4.094,1.347,0.505,10,594,38.0,1.0,Neutral,38.0,31.9,35.8,43.1
2019-11-04,2975.49,9.321,2.64,,38.35,3.55,2.54,0.975,-0.15,42.81,14.8,54.61,1.7,-9.03,-0.113,4.589,0.504,0.336,1,595,36.8,1.0,Neutral,36.8,31.4,34.2,42.5
2019-11-05,2991.56,9.335,2.64,,43.86,3.55,1.52,1.05,1.27,50.68,15.11,57.61,2.15,-8.54,0.121,4.678,0.672,0.0,1,595,37.5,1.0,Neutral,37.5,33.1,35.9,46.4
2019-11-06,2978.6,9.658,2.76,,42.98,4.9,0.34,0.964,1.34,49.87,14.9,54.48,1.59,-8.93,0.152,4.295,1.005,0.0,2,596,36.9,1.0,Neutral,36.9,32.1,35.4,43.4
2019-11-07,2978.71,9.516,2.7,,51.1,2.03,0.51,0.804,1.7,49.17,15.04,54.51,1.47,-8.93,0.508,3.782,1.005,0.168,2,597,36.8,1.0,Neutral,36.8,32.4,35.9,44.2
2019-11-08,2964.18,9.567,2.71,,43.29,4.05,1.18,0.881,0.2,43.71,15.19,50.92,0.88,-9.37,0.315,4.319,1.003,0.334,2,597,36.5,1.0,Neutral,36.5,31.1,34.6,41.3
2019-11-11,2909.97,10.562,3.08,,35.11,11.32,0.51,0.929,-2.2,32.97,15.44,40.27,-1.04,-11.03,-0.062,3.77,0.501,1.002,2,598,32.3,1.0,Neutral,32.3,25.7,29.6,34.3
2019-11-12,2914.82,10.239,2.95,,37.47,5.56,0.84,0.762,-2.57,31.83,14.88,41.45,-0.93,-10.88,-0.288,3.169,1.0,0.167,2,600,32.7,1.0,Neutral,32.7,26.2,30.1,33.3
2019-11-13,2905.24,10.478,3.04,,39.54,9.44,1.01,0.763,-2.46,32.23,15.13,39.78,-1.32,-11.18,-0.193,3.236,0.5,0.167,1,600,32.0,1.0,Neutral,32.0,25.8,29.5,33.2
2019-11-14,2909.87,10.497,3.04,,38.44,3.71,1.52,0.759,-2.31,32.83,15.39,41.02,-1.22,-11.03,-0.121,3.584,1.333,0.0,2,600,32.6,1.0,Neutral,32.6,25.8,30.1,33.1
2019-11-15,2891.34,10.813,3.15,,35.11,11.82,1.18,0.798,-2.46,32.15,15.41,37.68,-1.89,-11.6,-0.28,3.48,1.002,0.668,2,599,31.5,1.0,Neutral,31.5,24.9,28.9,30.9
2019-11-18,2909.2,10.491,3.02,,47.53,3.55,1.52,0.734,-0.03,41.57,14.62,42.53,-1.33,-11.06,0.01,3.234,1.0,0.0,3,599,33.7,1.0,Neutral,33.7,28.2,32.1,36.3
2019-11-19,2933.99,9.925,2.81,,54.43,0.17,2.36,0.8,0.66,44.88,14.17,48.53,-0.52,-10.3,0.405,3.979,1.667,0.0,2,600,36.4,1.0,Neutral,36.4,30.5,34.4,42.1
2019-11-20,2911.05,10.134,2.88,,52.87,1.35,2.2,0.818,0.2,43.16,13.75,43.96,-1.31,-11.0,0.365,3.995,0.833,0.167,2,599,35.9,1.0,Neutral,35.9,29.6,33.4,40.1
2019-11-21,2903.64,10.024,2.83,,49.08,1.69,0.84,0.739,-0.21,40.89,13.96,42.56,-1.58,-11.23,0.241,3.233,0.997,0.166,3,602,35.1,1.0,Neutral,35.1,29.3,33.2,37.2
2019-11-22,2885.29,10.126,2.86,,50.29,3.04,0.0,0.953,-0.21,42.39,14.45,39.24,-2.2,-11.79,0.2,4.315,0.831,0.332,4,602,35.9,1.0,Neutral,35.9,29.6,33.3,39.5
2019-11-25,2906.17,9.588,2.66,,46.48,1.86,0.17,1.072,-0.1,43.76,14.42,44.54,-1.5,-11.15,0.049,3.785,0.998,0.666,5,601,36.9,1.0,Neutral,36.9,31.6,35.0,42.0
2019-11-26,2907.06,9.748,2.71,,35.3,2.36,0.34,1.019,-0.92,39.28,14.44,44.76,-1.49,-11.12,-0.61,2.95,0.666,0.166,6,601,35.0,1.0,Neutral,35.0,29.8,33.2,37.3
2019-11-27,2903.2,9.829,2.74,,37.88,3.38,0.68,0.802,-0.27,41.1,14.27,43.95,-1.62,-11.24,-0.492,3.237,0.166,0.166,7,601,35.3,1.0,Neutral,35.3,30.0,33.3,34.8
2019-11-28,2889.69,10.067,2.82,,35.93,3.89,0.51,0.721,-0.48,39.77,13.84,41.11,-2.08,-11.65,-0.703,2.726,0.666,0.166,8,601,34.5,1.0,Neutral,34.5,29.0,32.6,31.6
2019-11-29,2871.98,9.909,2.76,,40.75,2.36,0.34,0.745,-0.46,39.98,14.04,37.68,-2.67,-12.19,-0.36,3.057,0.664,0.0,9,602,35.5,1.0,Neutral,35.5,29.7,33.5,32.5
2019-12-02,2875.81,9.952,2.77,,39.88,2.7,0.68,0.787,-1.04,37.87,13.74,38.87,-2.53,-12.08,-0.181,3.065,0.666,0.0,10,601,35.4,1.0,Neutral,35.4,29.0,33.1,33.2
2019-12-03,2884.7,9.757,2.69,,45.94,1.52,0.51,0.761,-0.77,38.87,13.66,41.65,-2.21,-11.8,0.38,3.17,0.998,0.166,11,601,36.4,1.0,Neutral,36.4,29.8,34.2,36.2
2019-12-04,2878.12,9.808,2.7,,48.17,1.35,0.34,0.778,-0.86,38.57,13.58,40.19,-2.4,-12.01,0.276,3.348,0.666,0.166,12,601,36.4,1.0,Neutral,36.4,29.6,33.9,36.7
2019-12-05,2899.47,9.538,2.6,,57.65,0.17,1.18,0.894,0.34,44.44,12.91,46.71,-1.65,-11.35,0.667,4.159,0.666,0.0,13,601,39.1,1.0,Neutral,39.1,32.0,36.4,44.0
2019-12-06,2912.01,9.533,2.59,,60.39,0.17,1.35,0.844,1.39,48.5,12.46,50.14,-1.18,-10.97,0.747,3.922,0.666,0.0,14,600,39.3,1.0,Neutral,39.3,32.7,37.0,45.3
2019-12-09,2914.48,9.397,2.54,,60.89,0.34,0.68,1.031,1.34,50.83,12.6,50.81,-1.05,-10.89,0.977,4.651,0.666,0.166,15,601,40.4,1.0,Neutral,40.4,33.7,38.0,48.4
2019-12-10,2917.32,9.472,2.56,,57.81,0.34,1.53,1.097,1.13,50.58,12.58,51.62,-0.89,-10.81,0.98,4.419,0.833,0.0,2,600,39.3,1.0,Neutral,39.3,33.3,37.1,48.4
2019-12-11,2924.42,9.525,2.58,,55.56,0.34,0.68,1.076,1.61,52.84,12.37,53.67,-0.6,-10.59,1.082,4.512,0.833,0.0,3,600,39.4,1.0,Neutral,39.4,33.4,37.3,48.0
2019-12-12,2915.7,9.685,2.63,,45.82,2.03,0.34,0.995,0.56,46.46,12.52,50.82,-0.84,-10.86,0.978,4.231,1.0,0.0,4,600,38.4,1.0,Neutral,38.4,31.6,35.8,42.5
2019-12-13,2967.68,9.285,2.48,,49.62,0.51,1.53,1.401,1.91,59.65,14.02,63.32,0.96,-9.27,0.912,5.462,0.5,0.0,5,600,40.1,1.0,Neutral,40.1,35.3,38.9,52.1
2019-12-16,2984.39,8.853,2.32,,57.47,0.0,2.71,1.398,2.4,62.85,13.48,66.28,1.56,-8.76,1.501,6.913,0.998,0.0,6,601,42.9,1.0,Neutral,42.9,37.6,41.5,56.4
2019-12-17,3022.42,8.587,2.22,,63.88,0.0,3.55,1.936,3.6,80.26,14.17,71.86,2.83,-7.59,2.127,8.398,1.827,0.0,7,601,46.1,1.0,Neutral,46.1,43.0,46.6,63.2
2019-12-18,3017.04,8.502,2.19,,65.78,0.0,2.71,1.6,3.17,72.31,14.46,70.09,2.63,-7.76,2.713,7.177,1.993,0.0,8,602,45.2,1.0,Neutral,45.2,41.2,45.6,62.0
2019-12-19,3017.07,8.34,2.13,,73.02,0.0,1.86,1.356,3.48,69.09,15.11,70.1,2.62,-7.76,2.96,5.765,1.827,0.0,9,601,44.6,1.0,Neutral,44.6,41.0,45.6,62.5
2019-12-20,3004.94,8.524,2.19,,61.08,0.17,1.53,1.391,1.26,55.14,14.8,65.86,2.21,-8.13,2.766,5.506,1.495,0.0,10,602,42.6,1.0,Neutral,42.6,36.7,41.9,58.3
2019-12-23,2962.75,9.028,2.37,,46.29,0.34,1.35,1.326,-0.73,41.69,14.3,53.72,0.78,-9.42,2.002,5.173,1.159,1.159,11,604,39.9,1.0,Neutral,39.9,32.3,37.4,48.3
2019-12-24,2982.68,8.628,2.22,,47.57,0.17,3.04,1.047,-1.31,37.34,13.47,57.69,1.46,-8.81,1.127,4.427,1.322,0.496,3,605,39.4,1.0,Neutral,39.4,32.0,36.1,48.3
2019-12-25,2981.88,8.733,2.26,,47.42,0.34,3.04,1.128,-1.17,38.34,13.53,57.48,1.42,-8.83,0.538,5.188,0.661,0.0,4,605,39.6,1.0,Neutral,39.6,32.0,35.8,48.9
2019-12-26,3007.36,8.571,2.2,,47.99,0.0,3.03,1.171,-0.32,43.25,13.28,62.26,2.24,-8.05,0.441,5.395,1.488,0.0,5,605,40.6,1.0,Neutral,40.6,33.3,37.0,51.3
2019-12-27,3005.04,8.566,2.19,,49.47,0.17,2.02,1.587,0.0,48.36,13.69,61.58,2.12,-8.13,0.49,6.504,1.159,0.166,6,604,41.3,1.0,Neutral,41.3,34.7,38.1,54.4
2019-12-30,3040.02,8.378,2.12,,59.97,0.51,2.53,1.574,2.61,67.59,14.76,67.36,3.23,-7.06,0.88,6.44,1.821,0.497,7,604,43.6,1.0,Neutral,43.6,40.4,43.2,60.2
2019-12-31,3050.12,8.245,2.07,,54.43,0.34,1.85,1.36,2.26,61.27,15.25,68.82,3.49,-6.75,0.893,5.352,1.821,0.331,8,604,42.7,1.0,Neutral,42.7,39.1,42.2,57.8
2020-01-02,3085.2,7.819,1.92,,63.49,0.0,2.86,1.812,3.46,79.1,15.52,73.28,4.58,-5.67,1.237,8.209,2.483,0.0,9,604,47.1,1.0,Neutral,47.1,45.1,47.8,65.1
2020-01-03,3083.79,7.813,1.91,,59.64,0.0,3.03,1.594,2.54,67.48,15.29,72.83,4.46,-5.72,1.094,7.097,1.325,0.0,10,604,45.4,1.0,Neutral,45.4,42.1,45.1,63.0
2020-01-06,3083.41,7.653,1.85,,63.84,0.0,3.87,1.881,2.61,71.91,16.02,72.7,4.38,-5.73,2.325,8.75,2.649,0.0,5,604,46.9,1.0,Neutral,46.9,43.8,47.4,65.5
2020-01-07,3104.8,7.443,1.77,,66.92,0.0,4.38,1.639,2.13,65.17,16.35,75.37,5.05,-5.08,2.152,7.426,1.656,0.0,6,604,46.0,1.0,Neutral,46.0,42.7,46.3,66.5
2020-01-08,3066.89,7.813,1.91,,58.41,0.0,3.03,1.754,0.55,54.15,16.21,63.53,3.72,-6.23,2.455,8.013,1.49,0.166,7,604,44.2,1.0,Neutral,44.2,38.7,43.1,60.6
2020-01-09,3094.88,7.6,1.83,,58.21,0.0,4.38,1.413,0.31,49.09,15.78,67.58,4.6,-5.38,2.238,7.105,1.821,0.0,4,604,43.9,1.0,Neutral,43.9,37.9,42.2,60.7
2020-01-10,3092.29,7.784,1.89,,55.4,0.0,2.35,1.211,0.28,47.01,15.44,66.84,4.44,-5.46,1.959,6.19,0.828,0.497,2,604,42.3,1.0,Neutral,42.3,36.7,40.5,57.8
2020-01-13,3115.57,7.541,1.8,,59.69,0.0,6.23,1.202,1.04,51.4,15.25,70.01,5.12,-4.75,1.461,6.971,1.656,0.166,3,603,43.9,1.0,Neutral,43.9,38.7,42.0,60.7
2020-01-14,3106.82,7.645,1.84,,50.88,0.0,3.54,1.305,0.06,46.54,14.88,67.4,4.73,-5.01,1.279,7.124,2.318,0.0,2,604,43.4,1.0,Neutral,43.4,37.1,40.6,57.5
2020-01-15,3090.04,7.856,1.91,,53.1,0.51,2.69,1.137,0.75,49.01,14.8,62.58,4.08,-5.53,1.254,6.111,0.828,0.166,3,604,42.7,1.0,Neutral,42.7,37.3,40.6,55.2
2020-01-16,3074.08,8.252,2.05,,41.18,0.67,2.69,1.134,-0.67,41.08,14.14,58.3,3.47,-6.01,1.03,5.891,1.49,0.166,4,604,41.4,1.0,Neutral,41.4,34.3,38.1,49.0
2020-01-17,3075.5,8.382,2.09,,39.89,0.67,3.37,1.054,-0.54,41.35,13.72,58.57,3.44,-5.97,0.88,5.715,1.653,0.165,5,604,41.3,1.0,Neutral,41.3,33.9,37.8,47.6
2020-01-20,3095.79,8.168,2.01,,39.19,0.34,6.39,1.159,-0.63,41.41,14.4,62.34,4.04,-5.35,0.709,7.117,3.13,0.659,5,606,41.7,1.0,Neutral,41.7,34.2,38.0,50.0
2020-01-21,3052.14,8.563,2.15,,35.9,1.18,3.19,1.284,-1.76,35.1,15.88,51.49,2.53,-6.69,0.403,6.938,2.31,0.825,6,606,39.6,1.0,Neutral,39.6,32.0,35.8,45.7
2020-01-22,3060.76,8.662,2.18,,38.55,1.68,4.54,1.217,-0.95,39.87,15.19,53.22,2.76,-6.42,0.113,7.148,2.805,1.32,3,606,39.8,1.0,Neutral,39.8,32.9,36.0,46.5
2020-01-23,2976.53,9.642,2.53,,34.71,4.54,1.51,1.475,-3.17,25.25,17.37,38.69,-0.09,-9.0,-1.628,7.538,1.32,3.3,4,606,33.9,1.0,Neutral,33.9,26.2,28.9,40.5
2020-02-03,2746.61,12.341,3.48,,29.67,28.57,1.34,1.156,-10.69,16.86,32.46,21.46,-7.71,-16.03,-2.457,4.74,3.465,81.188,5,606,21.9,1.0,Pessimistic,21.9,18.1,21.4,24.7
2020-02-04,2783.29,12.89,3.66,,23.89,29.24,2.35,1.94,-10.09,8.0,23.4,27.04,-6.39,-14.9,-2.958,8.225,6.271,2.475,6,606,24.0,1.0,Pessimistic,24.0,14.0,18.8,28.6
2020-02-05,2818.09,12.358,3.47,,37.3,0.84,4.36,1.621,-7.67,10.46,21.04,31.98,-5.13,-13.84,-2.825,8.235,7.249,0.0,7,607,26.8,1.0,Pessimistic,26.8,15.9,21.0,34.2
2020-02-06,2866.51,11.746,3.24,,46.87,0.34,7.2,1.635,-6.35,10.26,21.01,38.25,-3.44,-12.36,-1.953,9.261,7.908,0.165,8,607,28.5,1.0,Pessimistic,28.5,17.0,22.5,41.1
2020-02-07,2875.96,11.505,3.15,,56.82,0.67,4.52,1.581,-3.38,23.1,22.26,39.42,-3.06,-12.07,0.04,9.091,6.425,0.494,7,607,30.2,1.0,Neutral,30.2,21.0,26.9,45.1
2020-02-10,2890.49,10.838,2.91,,70.72,0.0,3.68,1.488,5.24,82.85,21.87,41.27,-2.52,-11.63,1.67,8.672,4.119,1.647,8,607,38.4,1.0,Neutral,38.4,38.4,42.3,50.0
2020-02-11,2901.67,11.123,3.0,,69.88,0.0,1.84,1.341,4.25,73.71,20.03,42.71,-2.11,-11.29,1.627,7.303,1.809,1.809,6,607,36.5,1.0,Neutral,36.5,35.2,39.2,49.0
2020-02-12,2926.9,10.747,2.86,,69.04,0.0,4.67,1.227,3.86,68.41,19.3,45.95,-1.27,-10.51,2.2,8.229,3.448,0.0,7,609,38.1,1.0,Neutral,38.1,34.6,39.8,49.6
2020-02-13,2906.07,11.064,2.97,,54.79,0.33,2.0,1.345,1.38,55.33,19.69,43.75,-1.97,-11.15,1.551,8.864,1.642,0.821,4,609,35.2,1.0,Neutral,35.2,30.4,35.2,45.1
2020-02-14,2917.01,11.14,2.99,,51.9,0.5,2.5,1.213,1.43,53.78,18.78,45.23,-1.61,-10.82,1.13,8.394,1.642,0.0,3,609,35.0,1.0,Neutral,35.0,29.8,34.5,43.6
2020-02-17,2983.62,10.422,2.73,,56.28,0.0,5.5,1.501,3.22,70.56,18.96,53.3,0.6,-8.78,1.771,10.153,5.255,0.164,2,609,38.8,1.0,Neutral,38.8,35.4,39.9,51.2
2020-02-18,2984.97,9.974,2.57,,63.78,0.0,6.32,1.472,2.87,67.48,19.04,53.45,0.59,-8.74,3.05,10.504,3.77,0.0,3,609,40.0,1.0,Neutral,40.0,35.8,41.2,53.9
2020-02-19,2975.4,10.079,2.6,,53.62,0.0,4.49,1.468,1.66,58.95,19.35,52.17,0.23,-9.03,2.636,10.644,2.787,0.984,4,610,38.4,1.0,Neutral,38.4,33.4,38.6,50.0
2020-02-20,3030.15,9.676,2.46,,66.27,0.0,4.49,1.587,4.27,80.27,19.57,58.31,2.02,-7.36,3.446,11.439,4.098,0.0,5,610,42.1,1.0,Neutral,42.1,39.6,44.9,57.5
2020-02-21,3039.67,9.436,2.37,,70.32,0.0,6.81,1.647,4.21,81.34,20.77,59.28,2.27,-7.07,4.223,12.481,3.437,0.0,6,610,42.8,1.0,Neutral,42.8,40.7,46.3,59.5
2020-02-24,3031.23,9.489,2.39,,61.87,0.0,8.97,1.645,1.6,61.13,22.45,57.99,1.91,-7.32,4.333,12.889,4.092,0.327,5,611,39.9,1.0,Neutral,39.9,35.3,41.7,56.8
2020-02-25,3013.05,9.852,2.51,,53.05,0.0,6.98,1.926,0.94,57.9,23.13,55.18,1.23,-7.88,4.306,14.7,4.583,0.164,6,611,39.0,1.0,Neutral,39.0,33.5,40.4,53.3
2020-02-26,2987.93,9.639,2.43,,53.44,0.0,2.16,2.004,0.42,53.54,23.85,51.48,0.34,-8.65,4.351,13.193,2.128,3.764,6,611,38.1,1.0,Neutral,38.1,33.5,39.6,52.6
2020-02-27,2991.33,9.455,2.37,,47.06,0.17,2.49,1.467,-1.28,38.48,20.54,51.95,0.4,-8.54,3.13,9.673,2.288,1.144,2,611,37.2,1.0,Neutral,37.2,30.1,36.0,48.6
2020-02-28,2880.3,10.453,2.71,,35.38,1.5,1.0,1.659,-5.24,9.94,24.14,38.75,-3.31,-11.94,0.467,9.337,1.307,11.928,2,612,29.1,1.0,Pessimistic,29.1,20.3,25.1,38.7
2020-03-02,2970.93,9.426,2.35,,43.73,0.17,2.82,1.491,-1.99,33.53,21.44,49.93,-0.31,-9.17,-0.005,10.182,8.32,0.163,2,612,36.3,1.0,Neutral,36.3,29.1,33.5,46.7
2020-03-03,2992.9,9.057,2.22,,52.65,0.17,3.65,1.637,-0.67,43.58,20.89,52.21,0.36,-8.5,-0.519,11.651,3.1,0.0,3,613,38.2,1.0,Neutral,38.2,32.8,35.9,51.9
2020-03-04,3011.67,8.794,2.12,,58.96,0.17,3.82,1.384,0.79,52.0,21.08,54.13,0.91,-7.92,-0.519,9.104,2.773,0.489,3,613,38.9,1.0,Neutral,38.9,35.7,38.1,53.8
2020-03-05,3071.68,8.186,1.91,,64.83,0.0,4.32,1.72,2.69,71.01,21.45,59.7,2.81,-6.09,0.524,11.652,4.405,0.0,3,613,43.4,1.0,Neutral,43.4,42.3,44.7,60.6
2020-03-06,3034.51,8.265,1.94,,71.77,0.0,2.17,1.37,5.35,79.36,22.73,55.23,1.48,-7.22,2.109,8.541,3.437,0.327,4,611,43.8,1.0,Neutral,43.8,44.8,47.9,58.5
2020-03-09,2943.29,9.079,2.21,,55.34,0.83,1.5,1.545,-0.93,41.22,28.65,46.09,-1.6,-10.01,1.057,9.46,2.128,3.764,5,611,35.6,1.0,Neutral,35.6,32.7,36.4,49.8
2020-03-10,2996.76,8.632,2.06,,57.55,0.17,1.83,1.442,0.13,48.08,27.82,51.19,0.14,-8.38,1.018,9.894,2.614,0.817,6,611,38.2,1.0,Neutral,38.2,35.6,39.3,52.8
2020-03-11,2968.52,8.811,2.12,,49.91,0.0,1.84,1.272,-1.43,37.1,27.69,48.58,-0.83,-9.24,0.559,8.549,2.131,0.492,3,610,35.8,1.0,Neutral,35.8,32.4,36.0,47.5
2020-03-12,2923.49,9.23,2.26,,36.81,1.34,0.83,1.098,-4.82,18.6,30.5,44.66,-2.34,-10.62,-0.64,7.034,2.131,0.984,4,610,31.1,1.0,Neutral,31.1,26.3,30.1,39.1
2020-03-13,2887.43,9.361,2.3,,33.73,2.33,1.0,1.297,-4.85,15.88,37.42,41.76,-3.52,-11.72,-1.023,7.978,1.964,0.818,3,611,30.1,1.0,Neutral,30.1,25.4,29.1,38.0
2020-03-16,2789.25,9.884,2.47,,33.04,5.17,0.33,1.23,-5.23,15.83,40.57,35.08,-6.74,-14.72,-2.324,7.553,1.8,5.565,4,611,27.8,1.0,Pessimistic,27.8,24.2,26.8,32.8
2020-03-17,2779.64,10.016,2.51,,23.62,6.17,0.33,1.058,-7.25,18.2,40.15,34.5,-6.96,-15.02,-2.651,6.869,2.619,1.8,5,611,27.9,1.0,Pessimistic,27.9,24.4,27.2,27.9
2020-03-18,2728.76,10.67,2.73,,21.58,9.98,0.83,1.001,-8.08,18.99,35.29,31.52,-8.53,-16.57,-3.305,6.94,1.309,0.164,6,611,27.4,1.0,Pessimistic,27.4,23.3,26.2,24.1
2020-03-19,2702.13,10.746,2.75,,30.11,8.13,0.83,1.035,-7.57,18.53,37.0,30.05,-9.26,-17.39,-2.619,6.995,2.61,1.142,5,613,27.2,1.0,Pessimistic,27.2,23.1,26.2,26.1
2020-03-20,2745.62,10.402,2.63,,40.37,0.5,0.83,0.862,-4.91,21.28,32.84,35.33,-7.66,-16.06,-2.397,5.702,2.936,0.326,6,613,28.2,1.0,Pessimistic,28.2,24.4,27.7,30.1
2020-03-23,2660.17,11.453,2.98,,39.97,15.07,0.33,0.854,-4.63,22.61,38.28,30.47,-10.36,-18.67,-1.749,5.132,0.979,7.83,5,613,25.0,1.0,Pessimistic,25.0,22.5,25.6,25.8
2020-03-24,2722.44,10.796,2.76,,49.83,0.0,0.66,0.877,-2.06,33.69,35.29,37.25,-8.11,-16.77,-1.971,5.741,1.958,1.142,1,613,27.8,1.0,Pessimistic,27.8,26.6,29.0,33.7
2020-03-25,2781.59,10.189,2.54,,64.43,0.0,1.16,0.929,1.94,52.19,34.64,42.95,-6.02,-14.96,-1.017,6.59,3.273,0.164,2,611,31.8,1.0,Neutral,31.8,32.3,35.0,42.3
2020-03-26,2764.91,10.499,2.65,,57.94,0.17,1.16,0.793,2.32,51.57,33.67,41.79,-6.47,-15.47,-1.8,5.111,1.958,0.653,3,613,30.2,1.0,Neutral,30.2,31.5,33.6,37.6
2020-03-27,2772.2,10.499,2.64,,50.57,0.5,0.5,0.813,0.97,46.3,34.39,42.52,-6.11,-15.24,-1.805,5.138,1.142,0.653,2,613,29.3,1.0,Pessimistic,29.3,30.0,32.2,35.8
2020-03-30,2747.21,10.814,2.74,,53.11,6.95,0.83,0.806,3.27,55.7,33.92,40.65,-6.82,-16.01,-1.237,4.949,1.142,2.284,1,613,29.4,1.0,Pessimistic,29.4,31.9,33.6,35.3
2020-03-31,2750.3,10.814,2.74,,44.24,5.3,1.32,0.733,1.02,45.55,31.44,40.99,-6.58,-15.91,-1.408,4.422,1.631,0.489,2,613,28.7,1.0,Pessimistic,28.7,29.1,31.8,31.3
2020-04-01,2734.52,11.05,2.81,,33.38,6.13,0.5,0.73,-1.69,35.23,29.59,39.72,-6.96,-16.4,-1.944,4.651,0.653,1.142,2,613,27.3,1.0,Pessimistic,27.3,25.9,28.5,26.7
2020-04-02,2780.64,10.68,2.68,,45.38,0.33,0.66,0.733,0.57,43.82,27.95,45.09,-5.24,-14.99,-1.43,5.079,2.61,0.489,2,613,29.8,1.0,Pessimistic,29.8,28.6,31.4,33.6
2020-04-03,2763.99,10.834,2.73,,43.65,2.65,0.99,0.676,-0.3,40.16,28.98,43.58,-5.64,-15.5,-1.54,4.467,1.954,0.651,2,613,28.4,1.0,Pessimistic,28.4,27.4,30.3,31.4
2020-04-07,2820.76,10.228,2.52,,58.79,0.0,1.83,0.914,2.68,55.33,26.7,49.75,-3.56,-13.76,-0.676,6.718,4.412,0.0,3,612,33.3,1.0,Neutral,33.3,32.3,35.5,43.4
2020-04-08,2815.37,9.987,2.44,,61.58,0.33,1.33,0.823,2.37,52.27,24.88,49.2,-3.59,-13.92,-0.457,5.618,1.961,0.163,3,612,33.4,1.0,Neutral,33.4,32.2,35.2,43.0
2020-04-09,2825.9,10.037,2.45,,65.93,0.0,2.16,0.808,3.34,56.03,23.61,50.35,-3.08,-13.6,0.142,5.977,3.764,0.327,3,611,34.4,1.0,Neutral,34.4,32.9,36.3,44.4
2020-04-10,2796.63,10.482,2.59,,51.97,0.5,1.0,0.794,0.58,44.48,22.71,47.15,-3.93,-14.5,-0.621,5.567,1.961,1.634,4,612,32.0,1.0,Neutral,32.0,29.1,32.3,38.2
2020-04-13,2783.05,10.744,2.68,,52.15,2.83,1.16,0.605,0.69,42.9,21.08,45.69,-4.23,-14.91,-0.011,4.162,2.619,1.473,5,611,31.5,1.0,Neutral,31.5,28.1,32.0,34.7
2020-04-14,2827.28,10.267,2.51,,50.45,0.17,2.16,0.694,0.23,42.2,20.27,51.0,-2.56,-13.56,-0.508,4.884,3.273,0.164,4,611,32.8,1.0,Neutral,32.8,28.5,32.4,38.1
2020-04-15,2811.17,10.579,2.61,,44.12,1.0,1.5,0.705,-0.15,40.9,20.95,49.11,-2.94,-14.05,-0.459,5.376,1.964,0.164,5,611,32.2,1.0,Neutral,32.2,27.6,31.6,34.9
2020-04-16,2819.93,10.39,2.55,,42.53,1.16,1.99,0.696,-0.21,40.61,20.62,50.19,-2.48,-13.78,-0.43,5.004,2.451,0.327,4,612,32.3,1.0,Neutral,32.3,27.9,31.7,34.9
2020-04-17,2838.49,10.413,2.55,,48.32,1.16,1.33,0.844,1.5,48.93,20.7,52.48,-1.7,-13.22,-0.014,6.473,2.288,0.49,4,612,33.6,1.0,Neutral,33.6,29.7,33.5,40.2
2020-04-20,2852.55,10.329,2.52,,55.8,0.99,2.48,0.726,2.5,51.01,20.93,54.2,-1.08,-12.79,0.39,5.344,1.468,0.0,5,613,33.7,1.0,Neutral,33.7,30.4,34.5,41.8
2020-04-21,2827.01,10.455,2.55,,43.82,2.64,1.98,0.798,-0.01,42.14,20.86,50.62,-1.83,-13.57,0.463,5.553,1.954,0.163,6,614,33.0,1.0,Neutral,33.0,28.1,32.7,37.3
2020-04-22,2843.98,10.193,2.46,,52.49,0.99,2.64,0.742,1.17,46.21,20.57,52.85,-1.09,-13.05,0.736,5.135,3.1,0.326,7,613,33.9,1.0,Neutral,33.9,29.6,34.3,40.7
2020-04-23,2838.5,10.269,2.48,,48.74,2.31,2.8,0.849,0.66,45.4,19.21,52.03,-1.16,-13.22,0.516,5.533,1.792,0.814,4,614,33.9,1.0,Neutral,33.9,29.3,33.4,40.7
2020-04-24,2808.53,10.632,2.6,,43.66,6.59,0.49,0.802,-1.06,37.88,18.94,47.69,-2.06,-14.13,0.109,4.752,0.813,2.439,1,614,31.4,1.0,Neutral,31.4,26.8,30.3,36.2
2020-04-27,2815.49,10.47,2.54,,36.43,8.24,1.15,0.716,-1.3,36.69,18.64,48.76,-1.73,-13.92,-0.434,4.392,0.976,1.789,2,615,31.5,1.0,Neutral,31.5,26.8,30.2,33.0
2020-04-28,2810.02,11.062,2.73,,35.36,16.03,1.49,0.869,-0.6,40.09,18.7,47.93,-1.95,-14.09,-0.944,5.494,0.976,3.252,2,613,31.0,1.0,Neutral,31.0,26.3,29.2,34.0
2020-04-29,2822.44,10.929,2.68,,30.5,10.95,1.16,0.69,-0.76,38.59,19.66,50.01,-1.54,-13.71,-1.622,4.558,1.466,0.651,3,613,30.3,1.0,Neutral,30.3,26.0,29.1,30.6
2020-04-30,2860.08,10.222,2.45,,40.67,1.0,0.5,0.835,0.76,45.69,21.47,55.77,-0.26,-12.56,-2.27,6.131,3.284,0.985,4,609,32.2,1.0,Neutral,32.2,29.0,31.4,39.0
2020-05-06,2878.14,9.93,2.35,,53.34,2.15,1.16,0.864,2.48,53.5,20.72,58.26,0.37,-10.48,-0.512,6.779,3.084,0.649,3,615,34.6,1.0,Neutral,34.6,31.7,34.7,45.4
2020-05-07,2871.52,10.057,2.39,,53.43,2.15,1.16,0.787,1.99,50.11,19.69,57.0,0.14,-10.31,0.247,5.995,2.273,0.812,4,616,34.3,1.0,Neutral,34.3,30.5,34.3,43.8
2020-05-08,2895.34,10.003,2.36,,63.69,1.32,1.49,0.791,3.04,54.42,18.81,60.34,0.97,-9.57,0.806,6.283,1.461,0.812,5,615,35.3,1.0,Neutral,35.3,31.5,35.5,48.5
2020-05-11,2894.8,9.792,2.29,,62.95,1.49,1.65,0.789,2.56,52.45,19.28,60.22,0.95,-7.33,1.808,6.186,1.621,0.162,6,617,36.1,1.0,Neutral,36.1,31.7,36.7,49.0
2020-05-12,2891.56,10.104,2.39,,53.53,2.64,2.64,0.692,1.1,45.33,19.42,59.49,0.86,-7.19,2.785,5.104,1.783,0.162,7,617,34.5,1.0,Neutral,34.5,28.8,35.2,43.9
2020-05-13,2898.05,10.104,2.39,,47.48,1.16,4.13,0.652,0.69,43.42,19.26,60.52,1.09,-6.98,1.901,4.927,2.593,0.486,8,617,33.9,1.0,Neutral,33.9,28.2,34.1,41.7
2020-05-14,2870.34,10.286,2.44,,45.59,3.47,1.32,0.7,-0.04,41.26,19.26,54.2,0.15,-7.87,1.483,5.128,1.945,0.162,9,617,33.9,1.0,Neutral,33.9,27.9,33.6,39.3
2020-05-15,2868.46,10.281,2.44,,40.34,3.29,2.64,0.671,-0.93,37.9,18.89,53.78,0.15,-7.93,1.283,5.325,3.074,0.485,10,618,33.8,1.0,Neutral,33.8,27.1,32.8,36.9
2020-05-18,2875.42,10.2,2.41,,40.08,4.29,2.97,0.809,-0.67,39.49,18.39,55.14,0.46,-7.71,0.781,6.195,2.917,1.621,11,617,34.2,1.0,Neutral,34.2,27.5,32.6,39.5
2020-05-19,2898.58,10.094,2.37,,46.88,1.82,4.79,0.709,0.24,42.38,17.89,59.41,1.31,-6.96,0.841,5.727,2.273,0.487,9,616,34.5,1.0,Neutral,34.5,28.1,33.1,42.1
2020-05-20,2883.74,10.377,2.46,,41.43,4.78,1.15,0.763,-0.49,39.96,17.95,55.75,0.88,-7.44,0.542,5.701,2.269,0.81,10,617,33.8,1.0,Neutral,33.8,27.1,32.1,39.5
2020-05-21,2867.92,10.53,2.5,,41.79,6.92,1.15,0.743,-0.08,41.42,18.71,52.07,0.43,-7.95,0.316,5.009,1.621,1.621,11,617,33.0,1.0,Neutral,33.0,27.5,32.0,38.0
2020-05-22,2813.76,10.915,2.62,,35.71,11.04,0.66,0.771,-1.91,34.41,21.0,41.87,-1.34,-9.69,-0.098,4.528,1.294,1.78,12,617,30.4,1.0,Neutral,30.4,25.1,29.7,32.3
2020-05-25,2817.97,10.99,2.64,,37.3,7.76,1.82,0.644,-2.0,34.15,19.42,42.81,-1.08,-9.55,-0.17,3.619,1.133,1.456,4,617,29.5,1.0,Pessimistic,29.5,24.8,29.0,31.3
2020-05-26,2846.55,10.6,2.51,,41.27,0.82,2.97,0.661,-1.79,34.84,18.96,48.84,0.0,-8.63,-0.279,4.083,2.913,0.971,5,618,31.3,1.0,Neutral,31.3,25.8,30.1,35.4
2020-05-27,2836.8,10.621,2.52,,43.83,1.98,1.82,0.765,-1.63,35.51,19.67,47.02,-0.25,-8.95,-0.318,4.333,1.783,0.162,6,617,31.3,1.0,Neutral,31.3,26.0,30.4,37.2
2020-05-28,2846.22,10.647,2.52,,45.53,3.14,1.82,0.809,-0.76,39.14,19.64,49.0,0.1,-8.65,-0.337,4.445,1.299,0.974,7,616,31.5,1.0,Neutral,31.5,26.8,30.8,39.2
2020-05-29,2852.35,10.436,2.45,,53.11,1.65,3.79,0.816,1.37,48.02,19.91,50.3,0.39,-8.45,-0.131,4.224,2.755,0.972,8,617,33.0,1.0,Neutral,33.0,29.7,33.6,42.6
2020-06-01,2915.43,9.886,2.27,,62.54,0.0,4.94,1.038,3.46,61.74,18.06,61.26,2.66,-6.42,0.808,6.883,5.186,0.486,9,617,37.6,1.0,Neutral,37.6,33.6,38.0,53.4
2020-06-02,2921.4,9.676,2.2,,56.49,0.49,1.97,1.032,2.63,57.38,17.59,62.11,2.92,-6.23,0.966,6.471,2.427,1.294,10,618,37.4,1.0,Neutral,37.4,33.1,37.3,52.0
2020-06-03,2923.37,9.497,2.14,,56.35,0.49,2.14,1.037,3.05,59.64,18.08,62.4,3.08,-6.17,1.273,6.6,3.722,0.324,5,618,38.1,1.0,Neutral,38.1,34.3,38.6,52.4
2020-06-04,2919.25,9.518,2.14,,59.71,0.82,3.78,0.931,2.57,55.15,18.21,61.33,3.0,-6.3,1.537,5.365,1.939,0.646,6,619,37.1,1.0,Neutral,37.1,33.2,37.7,51.8
2020-06-05,2930.8,9.668,2.19,,57.12,0.49,2.3,0.902,2.75,55.43,17.55,63.23,3.42,-5.93,1.705,5.064,1.29,0.968,5,619,36.5,1.0,Neutral,36.5,32.5,37.1,51.1
2020-06-08,2937.77,9.56,2.15,,46.42,1.15,1.31,0.972,0.77,47.23,17.56,64.37,3.7,-5.71,1.161,5.736,2.254,1.61,2,620,35.6,1.0,Neutral,35.6,30.6,34.7,48.9
2020-06-09,2956.11,9.451,2.11,,45.1,0.98,2.12,0.889,1.19,48.2,17.63,67.25,4.36,-5.12,0.929,5.114,1.284,1.124,3,623,35.6,1.0,Neutral,35.6,31.1,35.1,48.6
2020-06-10,2943.75,9.581,2.15,,44.72,1.31,2.29,0.894,0.7,46.05,18.04,63.53,3.91,-5.51,0.859,4.961,1.445,0.321,4,623,35.1,1.0,Neutral,35.1,30.3,34.6,47.2
2020-06-11,2920.9,9.94,2.26,,41.09,1.8,1.96,1.012,0.06,44.12,18.52,57.22,3.08,-6.25,0.947,6.082,2.889,0.161,5,623,35.1,1.0,Neutral,35.1,29.2,34.1,44.9
2020-06-12,2919.74,9.94,2.26,,40.22,2.3,2.13,1.031,-0.38,42.08,18.15,56.91,2.96,-6.29,1.021,5.44,2.093,0.805,5,621,34.6,1.0,Neutral,34.6,28.7,33.5,44.7
2020-06-15,2890.03,9.961,2.26,,39.08,2.79,2.79,1.072,-1.63,35.76,19.6,49.53,1.85,-7.24,0.997,6.308,2.899,0.322,6,621,34.1,1.0,Neutral,34.1,27.4,32.6,42.3
2020-06-16,2931.75,9.677,2.17,,45.66,0.16,3.44,0.989,-0.82,39.62,17.54,57.8,3.19,-5.9,1.502,6.254,2.083,0.481,7,622,36.0,1.0,Neutral,36.0,28.9,34.2,46.8
2020-06-17,2935.87,9.62,2.15,,47.8,0.49,2.78,1.044,-0.27,42.72,17.94,58.53,3.2,-5.77,1.644,6.255,2.244,0.801,8,624,36.3,1.0,Neutral,36.3,29.9,35.1,48.6
2020-06-18,2939.32,9.434,2.08,,49.75,0.66,1.31,1.157,0.63,48.53,18.13,59.16,3.2,-5.66,1.823,6.806,2.247,1.445,2,623,37.1,1.0,Neutral,37.1,32.0,36.5,50.8
2020-06-19,2967.63,9.455,2.09,,53.07,0.66,3.44,1.182,1.64,54.57,18.39,64.0,4.01,-4.75,1.85,6.857,1.282,0.641,3,623,37.3,1.0,Neutral,37.3,33.0,37.5,53.8
2020-06-22,2965.27,9.375,2.06,,55.21,0.98,3.93,1.196,2.6,60.38,19.7,63.33,3.78,-4.82,2.432,7.836,3.205,0.481,4,624,38.5,1.0,Neutral,38.5,34.8,39.8,54.5
2020-06-23,2970.62,9.711,2.16,,44.83,1.64,5.07,1.005,1.33,50.38,19.91,64.24,3.85,-4.65,2.14,6.787,1.6,0.8,5,625,35.6,1.0,Neutral,35.6,30.9,36.1,48.8
2020-06-24,2979.55,9.654,2.14,,42.85,3.92,3.59,0.955,1.49,50.47,20.0,65.79,4.03,-4.37,1.341,6.159,1.278,1.278,6,626,35.0,1.0,Neutral,35.0,30.9,35.5,48.0
2020-06-29,2961.52,9.83,2.2,,40.48,5.07,3.92,0.99,0.76,47.37,18.84,60.15,3.29,-4.94,1.699,6.534,1.914,0.159,7,626,35.8,1.0,Neutral,35.8,30.2,35.5,45.6
2020-06-30,2984.67,9.567,2.11,,46.27,0.98,5.56,0.966,0.57,46.24,17.98,64.37,3.95,-4.2,2.78,7.72,3.674,0.16,8,626,37.6,1.0,Neutral,37.6,30.3,36.7,49.2
2020-07-01,3025.98,9.487,2.08,,48.49,0.49,3.59,1.23,2.05,57.71,18.81,70.4,5.22,-2.88,2.764,9.165,3.19,0.478,9,627,38.7,1.0,Neutral,38.7,33.2,39.0,55.0
2020-07-02,3090.57,8.915,1.9,,57.02,0.16,3.76,1.753,4.04,82.73,22.53,76.96,7.25,-0.8,3.536,10.283,3.349,0.0,10,627,42.4,1.0,Neutral,42.4,41.5,46.7,64.2
2020-07-03,3152.81,8.348,1.72,,64.06,0.49,3.43,2.03,5.82,92.0,25.01,81.27,9.17,0.0,5.067,11.428,3.03,0.319,11,627,44.7,1.0,Neutral,44.7,45.9,51.3,69.6
2020-07-06,3332.88,7.318,1.39,,76.61,0.49,7.99,2.799,12.54,92.0,37.69,88.16,15.03,0.0,7.516,16.125,7.496,0.159,12,627,46.8,1.0,Neutral,46.8,49.4,55.2,77.7
2020-07-07,3345.34,7.312,1.39,,70.97,0.49,9.14,2.771,12.08,92.0,35.55,88.48,15.11,0.0,8.714,16.929,5.104,0.0,13,627,47.1,1.0,Neutral,47.1,49.4,55.4,76.3
2020-07-08,3403.44,6.897,1.25,,76.14,0.16,12.56,2.407,12.47,92.0,33.2,89.84,16.72,0.0,10.377,15.186,4.936,0.0,14,627,48.5,1.0,Neutral,48.5,50.7,56.9,78.0
2020-07-09,3450.59,6.531,1.14,,78.6,0.0,14.66,2.484,11.65,92.0,32.0,90.79,17.92,0.0,11.224,16.669,6.677,0.0,15,629,49.9,1.0,Neutral,49.9,52.0,58.2,79.5
2020-07-10,3383.32,6.913,1.26,,70.0,0.0,10.75,2.173,7.31,92.0,31.0,79.37,15.23,-1.95,11.534,14.703,3.968,0.159,16,629,48.7,1.0,Neutral,48.7,50.8,57.0,74.4
2020-07-13,3443.29,6.398,1.09,,69.91,0.0,19.74,2.135,3.31,77.83,30.0,81.59,16.84,-0.21,10.667,15.634,7.619,0.159,17,629,49.2,1.0,Neutral,49.2,48.8,55.5,76.0
2020-07-14,3414.62,6.24,1.04,,66.43,0.0,12.56,2.029,2.07,67.4,29.8,77.31,15.48,-1.04,9.354,14.45,3.651,0.635,18,630,48.1,1.0,Neutral,48.1,46.8,53.2,74.1
2020-07-15,3361.3,6.956,1.27,,53.53,0.16,5.71,1.8,-1.24,39.6,30.3,69.94,13.33,-2.59,6.805,12.556,2.219,5.071,19,630,41.8,1.0,Neutral,41.8,37.1,44.0,66.1
2020-07-16,3210.1,7.643,1.48,,36.83,0.16,0.33,1.764,-6.97,8.5,32.76,54.18,7.99,-6.97,4.456,11.001,1.422,10.269,4,631,35.2,1.0,Neutral,35.2,27.3,34.1,52.8
2020-07-17,3214.13,7.688,1.5,,40.59,0.65,2.61,1.271,-5.0,15.27,28.0,54.48,7.9,-6.85,2.57,7.585,2.054,1.106,5,633,35.7,1.0,Neutral,35.7,28.9,34.8,51.3
2020-07-20,3314.15,6.894,1.24,,40.03,0.16,6.2,1.469,-3.75,21.26,28.81,61.15,10.97,-3.95,0.949,9.237,4.581,0.316,6,633,38.6,1.0,Neutral,38.6,32.9,37.3,56.9
2020-07-21,3320.89,6.83,1.22,,42.48,0.0,5.38,1.246,-2.74,29.17,27.28,61.56,10.89,-3.76,-0.007,8.188,2.37,0.79,7,633,39.1,1.0,Neutral,39.1,35.2,38.2,56.3
2020-07-22,3333.16,6.957,1.26,,48.09,0.16,6.36,1.355,-0.84,41.1,26.96,62.34,11.0,-3.4,0.289,9.25,2.362,0.0,8,633,40.8,1.0,Neutral,40.8,37.8,40.9,59.3
2020-07-23,3325.11,7.083,1.3,,53.28,0.16,7.17,1.388,3.58,70.5,27.87,61.46,10.43,-3.64,1.204,9.62,3.15,0.0,9,635,44.2,1.0,Neutral,44.2,45.2,47.9,60.7
2020-07-24,3196.77,7.692,1.49,,44.97,0.81,1.14,1.443,-0.54,43.51,31.34,49.49,5.94,-7.36,0.474,9.263,1.575,5.039,10,635,37.8,1.0,Neutral,37.8,36.6,39.3,52.2
2020-07-27,3205.23,7.793,1.52,,35.79,0.81,1.63,1.001,-3.29,27.48,29.71,50.18,5.99,-7.11,0.03,6.523,1.893,1.104,11,634,35.4,1.0,Neutral,35.4,32.0,35.6,45.2
2020-07-28,3227.96,7.586,1.46,,40.72,0.16,1.79,0.963,-2.8,30.06,28.9,52.07,6.5,-6.45,0.072,6.257,2.212,0.316,12,633,36.6,1.0,Neutral,36.6,33.3,37.0,47.5
2020-07-29,3294.55,7.353,1.38,,50.2,0.0,3.9,1.079,-1.16,38.24,29.49,57.2,8.42,-4.52,0.59,8.156,4.259,0.0,13,634,39.1,1.0,Neutral,39.1,36.0,40.0,54.9
2020-07-30,3286.82,7.267,1.35,,51.2,0.0,4.55,1.123,-1.15,38.4,29.57,56.44,7.91,-4.75,0.53,8.207,3.312,0.158,14,633,39.3,1.0,Neutral,39.3,36.4,40.2,55.4
2020-07-31,3310.01,7.212,1.33,,64.01,0.0,4.71,1.16,3.54,64.98,30.72,58.22,8.41,-4.07,2.299,8.653,3.155,0.0,15,634,43.0,1.0,Neutral,43.0,43.6,47.7,60.6
2020-08-03,3367.97,6.6,1.14,,73.6,0.0,9.39,1.329,5.08,78.16,31.84,62.36,10.01,-2.39,3.655,10.815,7.39,0.0,16,635,47.4,1.0,Neutral,47.4,49.1,53.6,67.0
2020-08-04,3371.69,6.673,1.16,,64.63,0.0,6.63,1.428,4.45,77.36,32.05,62.62,9.85,-2.29,3.871,10.304,2.83,0.472,17,636,46.5,1.0,Neutral,46.5,48.6,52.9,65.4
2020-08-05,3377.57,6.543,1.12,,58.41,0.0,9.06,1.232,2.52,60.55,31.41,63.05,9.75,-2.12,3.712,9.071,3.768,0.0,18,636,45.0,1.0,Neutral,45.0,44.6,49.8,62.4
2020-08-06,3386.46,6.641,1.15,,58.52,0.0,5.99,1.315,3.03,65.33,31.65,63.72,9.75,-1.86,3.471,9.793,3.925,0.471,19,637,45.2,1.0,Neutral,45.2,45.5,50.1,63.1
2020-08-07,3354.03,6.892,1.23,,49.36,0.0,6.16,1.264,1.33,53.91,30.78,59.45,8.43,-2.8,2.31,9.013,2.516,0.943,20,636,42.6,1.0,Neutral,42.6,41.8,46.0,57.7
2020-08-10,3379.25,6.609,1.14,,43.86,0.0,6.45,1.18,0.34,47.07,30.7,61.61,8.95,-2.07,1.023,8.504,3.286,1.095,7,639,41.5,1.0,Neutral,41.5,40.9,43.8,56.3
2020-08-11,3340.29,6.911,1.23,,41.08,0.0,3.23,1.227,-0.93,40.0,29.67,56.6,7.42,-3.2,0.35,7.729,1.411,0.627,2,638,39.2,1.0,Neutral,39.2,38.2,40.5,53.3
2020-08-12,3319.27,6.706,1.17,,35.4,0.48,1.94,1.147,-1.73,35.26,29.26,54.04,6.49,-3.81,-0.687,6.915,2.812,0.781,3,638,39.2,1.0,Neutral,39.2,37.9,39.7,49.9
2020-08-13,3320.73,6.756,1.18,,39.86,0.32,2.58,0.976,-1.94,34.15,28.75,54.2,6.3,-3.76,-0.855,5.712,3.12,0.78,3,640,38.6,1.0,Neutral,38.6,37.4,39.2,49.4
2020-08-14,3360.1,6.496,1.1,,48.5,0.0,2.42,0.915,0.18,43.91,28.12,58.27,7.28,-2.62,-0.707,5.467,1.248,1.248,3,641,40.1,1.0,Neutral,40.1,40.8,41.9,53.7
2020-08-17,3438.8,,,,52.67,0.0,5.0,1.293,1.76,56.99,31.25,64.98,9.47,-0.34,0.119,8.935,2.946,0.155,3,641,44.4,0.45,Neutral,44.4,49.9,51.0,51.5
2020-08-18,3451.09,,,,60.05,0.0,6.12,1.12,3.32,62.83,31.0,65.9,9.49,0.0,1.025,7.679,3.411,0.155,2,645,45.6,0.45,Neutral,45.6,54.5,55.5,53.0
2020-08-19,3408.13,6.28,1.03,,57.83,0.0,4.67,1.184,2.68,60.56,29.79,59.96,7.79,-1.24,1.284,7.556,1.395,1.24,3,645,43.7,1.0,Neutral,43.7,46.0,47.7,61.0
2020-08-20,3363.9,6.353,1.05,,50.91,0.32,2.41,0.968,1.3,49.76,29.08,54.51,6.1,-2.53,1.078,5.475,1.393,1.393,3,646,41.8,1.0,Neutral,41.8,43.1,45.1,54.1
2020-08-21,3380.68,6.223,1.01,,49.54,0.32,3.7,0.823,0.61,44.93,28.92,56.14,6.32,-2.04,1.445,5.45,1.084,0.155,4,646,42.1,1.0,Neutral,42.1,42.3,45.0,52.4
2020-08-24,3385.64,6.346,1.05,,43.91,0.32,4.35,0.759,-1.55,35.82,27.92,56.64,6.18,-1.9,0.715,5.814,2.009,0.464,5,645,41.0,1.0,Neutral,41.0,39.4,42.2,49.3
2020-08-25,3373.58,6.398,1.06,,41.15,0.32,3.05,0.788,-2.25,33.03,27.54,55.01,5.51,-2.25,0.123,5.717,1.543,0.772,6,648,40.4,1.0,Neutral,40.4,38.6,41.0,47.9
2020-08-26,3329.74,6.927,1.23,,39.71,0.48,1.61,0.834,-2.3,32.71,28.61,49.46,3.92,-3.52,-0.31,5.842,0.924,1.541,1,648,37.8,1.0,Neutral,37.8,36.9,38.4,45.0
2020-08-27,3350.11,6.517,1.1,,49.14,0.32,2.25,0.671,-0.41,39.73,26.54,51.89,4.32,-2.93,-0.078,5.075,0.924,0.616,2,649,40.5,1.0,Neutral,40.5,40.2,41.7,47.5
2020-08-28,3403.81,6.465,1.08,,50.75,0.32,4.66,0.768,0.68,44.64,27.07,57.67,5.73,-1.37,0.136,6.123,1.231,0.308,2,649,41.4,1.0,Neutral,41.4,41.4,43.0,51.9
2020-08-31,3395.68,6.534,1.1,,47.4,0.48,4.98,0.915,0.3,44.45,26.65,56.56,5.22,-1.61,0.393,7.268,1.846,0.154,2,650,42.0,1.0,Neutral,42.0,41.2,43.2,52.2
2020-09-01,3410.61,6.529,1.1,,50.21,0.32,6.41,0.696,1.1,45.36,26.64,58.15,5.42,-1.17,0.658,5.316,0.614,0.0,1,650,41.3,1.0,Neutral,41.3,41.4,43.3,50.5
2020-09-02,3404.8,6.498,1.09,,57.38,0.16,5.61,0.736,2.25,50.27,27.1,57.27,4.99,-1.34,1.675,6.288,0.768,0.307,1,651,42.5,1.0,Neutral,42.5,42.9,45.2,53.1
2020-09-03,3384.98,6.546,1.1,,49.01,0.32,3.04,0.717,1.04,45.42,27.37,54.26,4.15,-1.92,1.525,5.614,0.614,0.307,1,651,41.5,1.0,Neutral,41.5,41.6,44.0,48.7
2020-09-04,3355.37,6.645,1.13,,44.48,0.32,2.72,0.621,-1.42,36.07,27.09,50.03,3.02,-2.77,1.236,4.816,0.614,0.461,1,651,39.9,1.0,Neutral,39.9,39.0,41.6,44.0
2020-09-07,3292.59,6.717,1.16,,40.63,0.96,3.53,0.73,-3.04,30.15,27.51,42.47,0.9,-4.59,0.402,5.954,0.461,0.922,2,651,39.6,1.0,Neutral,39.6,37.6,39.9,40.9
2020-09-08,3316.42,6.414,1.06,,43.59,0.48,5.93,0.758,-2.76,31.07,26.89,45.82,1.42,-3.9,0.093,5.228,1.382,0.154,3,651,40.7,1.0,Neutral,40.7,38.9,41.1,43.9
2020-09-09,3254.63,6.583,1.11,,36.5,1.76,2.4,0.982,-4.41,22.12,26.8,39.42,-0.65,-5.69,-0.757,5.578,0.46,1.534,4,651,39.1,1.0,Neutral,39.1,36.4,38.1,41.5
2020-09-10,3234.82,7.154,1.29,,33.27,3.19,0.32,0.868,-4.44,23.28,25.96,37.6,-1.41,-6.27,-1.511,4.345,0.306,3.369,1,652,36.2,1.0,Neutral,36.2,34.7,35.5,37.1
2020-09-11,3260.35,7.027,1.25,,39.09,1.28,0.64,0.613,-2.83,31.43,24.74,41.35,-0.79,-5.53,-1.534,3.672,0.459,0.153,1,653,37.7,1.0,Neutral,37.7,37.2,38.2,37.0
2020-09-14,3278.81,6.875,1.2,,47.93,0.48,1.91,0.592,-0.42,39.23,23.31,43.97,-0.4,-4.99,-1.272,4.274,1.531,0.153,2,653,40.3,1.0,Neutral,40.3,39.7,40.8,41.0
2020-09-15,3295.68,6.866,1.2,,43.17,0.32,1.75,0.548,-0.63,38.34,22.7,46.33,-0.06,-4.5,-1.089,4.101,1.378,0.306,3,653,40.4,1.0,Neutral,40.4,39.5,40.7,39.6
2020-09-16,3283.92,6.936,1.22,,45.49,0.48,1.59,0.558,0.9,43.03,21.98,44.91,-0.57,-4.84,-0.854,3.748,0.766,0.459,4,653,40.7,1.0,Neutral,40.7,40.6,41.7,39.8
2020-09-17,3270.43,6.958,1.22,,53.63,0.48,2.07,0.567,1.1,43.75,21.97,43.27,-1.13,-5.23,0.078,4.483,1.376,0.0,1,653,41.6,1.0,Neutral,41.6,40.8,42.4,42.0
2020-09-18,3338.09,6.65,1.13,,54.49,0.0,1.75,0.716,2.38,50.42,23.29,52.61,0.73,-3.27,0.387,5.113,1.682,0.0,2,654,43.2,1.0,Neutral,43.2,43.2,44.9,48.2
2020-09-21,3316.93,6.768,1.16,,48.47,0.0,1.6,0.604,1.16,44.42,23.8,49.84,-0.08,-3.89,0.338,4.501,0.767,0.153,3,652,41.7,1.0,Neutral,41.7,41.4,43.3,43.3
2020-09-22,3274.3,7.013,1.24,,42.87,1.44,0.96,0.597,-0.65,38.52,23.93,44.75,-1.51,-5.12,0.241,4.128,0.612,0.153,4,653,40.3,1.0,Neutral,40.3,39.3,41.5,38.8
2020-09-23,3279.71,6.981,1.23,,49.57,0.96,1.28,0.472,-0.13,39.28,23.39,45.51,-1.47,-4.97,0.473,3.93,1.378,0.0,5,653,40.9,1.0,Neutral,40.9,39.6,42.2,40.1
2020-09-24,3223.18,7.421,1.36,,40.2,3.51,0.32,0.58,-1.45,35.93,24.61,39.39,-3.24,-6.6,0.219,3.781,0.612,0.612,2,653,38.3,1.0,Neutral,38.3,37.6,39.7,34.6
2020-09-25,3219.42,7.483,1.38,,31.21,2.72,0.96,0.466,-3.56,30.17,24.79,39.02,-3.38,-6.71,-0.183,3.141,0.612,0.917,1,654,36.4,1.0,Neutral,36.4,35.8,37.7,30.2
2020-09-28,3217.53,7.628,1.43,,28.49,4.94,0.48,0.447,-3.0,31.74,26.35,38.82,-3.38,-6.77,-0.628,2.728,0.609,1.674,1,655,35.1,1.0,Neutral,35.1,35.7,37.2,29.1
2020-09-29,3224.36,7.671,1.44,,38.09,2.07,0.96,0.444,-1.53,35.51,27.63,40.02,-3.12,-6.57,-0.859,2.975,0.609,0.304,1,657,35.4,1.0,Neutral,35.4,36.5,38.0,32.7
2020-09-30,3218.05,7.795,1.48,,32.69,2.87,1.11,0.462,-1.88,34.6,28.28,39.25,-3.22,-6.75,-2.206,2.693,0.761,0.152,2,657,34.4,1.0,Neutral,34.4,35.9,36.9,30.4
2020-10-09,3272.08,7.274,1.31,,50.27,0.0,3.18,0.58,1.52,45.22,22.89,48.35,-1.51,-5.19,-1.351,4.643,3.805,0.152,3,657,40.6,1.0,Neutral,40.6,40.0,41.3,41.7
2020-10-12,3358.47,6.779,1.16,,62.66,0.0,4.44,0.817,4.32,60.29,25.09,58.94,1.11,-2.68,-0.198,6.648,3.044,0.152,4,657,43.4,1.0,Neutral,43.4,44.6,45.9,54.0
2020-10-13,3359.75,6.802,1.16,,66.81,0.0,3.96,0.655,4.42,56.36,24.51,59.08,1.19,-2.65,0.779,5.573,1.216,0.152,5,658,42.9,1.0,Neutral,42.9,43.4,45.5,52.7
2020-10-14,3340.78,7.099,1.25,,59.25,0.0,2.85,0.647,3.61,53.37,23.71,56.16,0.65,-3.2,1.531,4.844,0.608,0.304,6,658,42.0,1.0,Neutral,42.0,41.9,44.8,49.1
2020-10-15,3332.18,7.115,1.26,,58.63,0.32,2.52,0.634,3.55,52.85,24.22,54.83,0.41,-3.45,2.831,4.422,0.608,0.304,7,658,42.1,1.0,Neutral,42.1,41.9,45.8,48.2
2020-10-16,3336.36,6.966,1.21,,48.97,0.32,1.89,0.656,1.96,47.87,24.0,55.38,0.47,-3.32,1.741,3.853,0.912,0.152,8,658,41.4,1.0,Neutral,41.4,41.0,44.5,45.6
2020-10-19,3312.67,7.136,1.26,,35.02,0.32,1.42,0.729,-1.36,36.48,23.05,51.54,-0.29,-4.01,1.015,4.324,0.759,0.303,9,658,40.3,1.0,Neutral,40.3,37.8,41.2,40.1
2020-10-20,3328.1,7.007,1.22,,40.74,0.16,2.52,0.572,-0.94,37.48,22.46,53.79,0.17,-3.56,0.587,3.773,1.366,0.0,10,659,40.5,1.0,Neutral,40.5,38.3,41.5,40.9
2020-10-21,3325.03,7.102,1.25,,39.21,0.79,0.94,0.624,-0.47,39.24,22.66,53.26,0.07,-3.65,0.047,3.805,0.759,0.759,11,659,39.9,1.0,Neutral,39.9,38.5,40.9,40.8
2020-10-22,3312.5,7.201,1.28,,40.3,1.42,1.42,0.589,-0.59,38.66,22.74,51.06,-0.29,-4.02,0.094,3.765,0.455,0.303,12,659,39.7,1.0,Neutral,39.7,38.2,40.8,39.8
2020-10-23,3278.0,7.366,1.33,,34.99,2.04,0.94,0.627,-1.75,34.99,23.1,45.47,-1.31,-5.02,-0.299,3.852,0.454,0.605,13,660,39.0,1.0,Neutral,39.0,37.0,39.6,36.2
2020-10-26,3251.12,7.414,1.34,,39.18,2.04,2.67,0.612,-1.86,34.63,23.04,41.65,-2.15,-5.79,-0.603,3.602,0.906,0.302,14,661,38.8,1.0,Neutral,38.8,37.0,39.5,36.0
2020-10-27,3254.32,7.635,1.41,,34.07,2.04,1.57,0.553,-2.22,33.56,24.09,42.27,-2.07,-5.7,-0.784,3.184,0.604,0.302,15,662,37.2,1.0,Neutral,37.2,35.9,38.4,33.3
2020-10-28,3269.24,7.577,1.39,,39.3,2.99,2.99,0.648,-1.68,35.24,22.81,45.2,-1.65,-5.27,-0.53,4.145,0.604,0.151,1,662,38.0,1.0,Neutral,38.0,36.4,38.2,37.4
2020-10-29,3272.73,7.774,1.45,,39.54,3.92,2.35,0.697,-1.2,37.01,22.72,45.9,-1.53,-5.17,-0.477,4.518,0.453,0.151,1,662,37.9,1.0,Neutral,37.9,36.2,38.0,38.2
2020-10-30,3224.53,8.505,1.68,,38.69,7.22,0.94,0.876,-1.63,35.58,23.73,38.63,-2.95,-6.56,-0.332,4.85,0.151,1.207,1,662,35.4,1.0,Neutral,35.4,33.6,35.5,36.8
2020-11-02,3225.12,8.579,1.7,,38.99,7.37,2.82,0.869,-0.8,39.22,24.59,38.76,-2.89,-6.55,-0.052,4.56,0.905,1.056,2,663,35.7,1.0,Neutral,35.7,34.2,36.7,36.8
2020-11-03,3271.07,8.112,1.55,,46.33,0.31,2.19,0.832,0.51,44.61,24.45,47.86,-1.46,-5.22,0.154,4.608,1.961,0.0,2,663,37.9,1.0,Neutral,37.9,37.0,39.6,42.7
2020-11-04,3277.44,8.155,1.57,,45.05,1.25,3.29,0.737,0.25,42.66,22.85,49.0,-1.22,-5.03,0.218,4.235,0.452,0.0,1,663,37.3,1.0,Neutral,37.3,36.1,38.5,41.1
2020-11-05,3320.13,7.859,1.47,,54.61,0.0,5.32,0.902,1.45,49.55,23.04,55.91,0.1,-3.79,0.424,5.507,2.112,0.0,1,663,39.3,1.0,Neutral,39.3,38.2,40.6,49.8
2020-11-06,3312.16,7.906,1.49,,56.89,0.94,2.35,0.944,2.72,56.11,21.98,54.42,-0.11,-4.03,0.966,5.461,0.603,0.0,2,663,40.6,1.0,Neutral,40.6,40.0,42.6,50.6
2020-11-09,3373.73,7.683,1.41,,64.65,0.0,3.13,1.262,4.61,73.83,23.24,62.66,1.74,-2.24,1.623,7.392,1.357,0.151,3,663,43.1,1.0,Neutral,43.1,44.5,47.0,59.6
2020-11-10,3360.15,7.706,1.42,,53.36,0.16,2.82,1.141,2.72,60.0,23.02,60.08,1.34,-2.64,1.574,6.076,0.452,0.603,1,663,40.8,1.0,Neutral,40.8,41.0,43.5,54.2
2020-11-11,3342.2,7.726,1.43,,51.43,0.47,2.34,1.119,1.98,55.47,22.38,56.76,0.8,-3.16,1.196,5.304,1.053,0.15,1,663,40.5,1.0,Neutral,40.5,40.1,42.7,52.3
2020-11-12,3338.68,7.653,1.4,,43.23,1.09,2.96,0.901,0.56,45.5,21.95,56.1,0.68,-3.26,0.784,4.216,1.654,0.0,2,665,39.3,1.0,Neutral,39.3,37.8,40.8,46.5
2020-11-13,3310.11,7.751,1.43,,46.28,0.78,2.02,0.959,-0.06,43.13,21.15,50.95,-0.18,-4.09,0.728,4.417,0.752,0.902,1,665,39.1,1.0,Neutral,39.1,37.5,39.8,46.4
2020-11-16,3346.97,7.357,1.31,,42.65,0.46,3.72,1.185,-0.79,40.63,21.12,56.5,0.94,-3.02,0.348,4.901,1.654,0.0,1,665,40.0,1.0,Neutral,40.0,37.5,40.0,50.1
2020-11-17,3339.89,7.425,1.33,,43.9,1.24,2.32,1.204,-0.6,41.83,20.91,55.21,0.78,-3.22,0.289,5.244,0.902,0.301,2,665,40.3,1.0,Neutral,40.3,37.8,40.1,50.2
2020-11-18,3347.3,7.376,1.31,,49.53,0.31,2.48,1.234,0.15,46.49,21.55,56.33,1.06,-3.01,0.514,4.976,0.752,0.0,3,665,40.8,1.0,Neutral,40.8,39.1,41.6,53.0
2020-11-19,3363.09,7.351,1.3,,51.19,0.62,1.86,1.094,0.73,48.4,21.79,58.71,1.56,-2.55,0.466,4.412,0.902,0.602,2,665,40.1,1.0,Neutral,40.1,39.4,41.5,53.4
2020-11-20,3377.73,7.25,1.27,,53.08,0.31,3.41,1.141,2.04,56.21,20.83,60.84,1.99,-2.13,0.434,4.5,1.504,0.451,3,665,41.6,1.0,Neutral,41.6,41.6,43.5,55.3
2020-11-23,3414.49,7.052,1.21,,49.71,0.77,4.01,1.642,2.02,64.34,22.14,65.63,3.08,-1.06,0.68,6.503,1.353,0.301,3,665,43.2,1.0,Neutral,43.2,43.8,45.6,59.6
2020-11-24,3402.82,6.977,1.18,,50.62,0.46,3.09,1.314,1.88,58.07,21.35,63.0,2.72,-1.4,0.886,5.353,1.504,0.15,3,665,43.0,1.0,Neutral,43.0,42.8,44.9,57.2
2020-11-25,3362.33,7.22,1.26,,42.8,1.54,1.08,1.402,0.45,49.89,20.83,54.78,1.51,-2.57,0.9,5.463,1.205,0.753,4,664,42.3,1.0,Neutral,42.3,40.7,43.1,51.9
2020-11-26,3369.73,7.12,1.22,,39.04,1.85,0.77,1.11,0.2,45.68,19.96,55.91,1.71,-2.36,0.759,4.251,0.752,0.752,2,665,41.3,1.0,Neutral,41.3,39.8,42.1,49.0
2020-11-27,3408.31,7.12,1.22,,37.51,1.38,1.08,1.221,0.91,50.82,20.77,61.34,2.84,-1.24,0.504,4.271,1.353,0.15,3,665,41.3,1.0,Neutral,41.3,40.6,42.8,51.3
2020-11-30,3391.76,7.216,1.25,,34.8,1.08,0.62,1.67,-0.67,43.76,21.16,58.04,2.35,-1.72,0.206,6.299,0.602,0.451,4,665,41.2,1.0,Neutral,41.2,38.7,40.8,51.9
2020-12-01,3451.94,7.014,1.19,,43.19,0.0,1.84,1.36,1.44,55.95,23.77,65.35,4.14,0.0,0.294,5.748,1.504,0.301,5,665,41.6,1.0,Neutral,41.6,41.8,43.8,56.3
2020-12-02,3449.38,6.839,1.13,,49.25,0.15,2.92,1.346,2.59,63.14,24.14,64.83,4.04,-0.07,0.62,5.87,1.504,0.301,6,664,43.1,1.0,Neutral,43.1,44.4,46.2,58.4
2020-12-03,3442.14,7.007,1.18,,50.54,0.15,1.23,1.279,2.15,59.14,23.96,63.3,3.8,-0.28,0.878,5.217,1.504,0.301,7,665,42.3,1.0,Neutral,42.3,42.9,45.3,57.6
2020-12-04,3444.58,7.024,1.19,,50.96,0.31,0.92,1.095,1.06,50.2,23.05,63.62,3.84,-0.21,1.147,4.649,1.203,0.602,3,665,40.9,1.0,Neutral,40.9,40.5,43.1,56.4
2020-12-07,3416.6,7.118,1.22,,49.31,1.08,2.0,1.087,0.73,48.34,21.76,57.59,2.97,-1.02,1.155,4.772,0.751,0.3,3,665,41.5,1.0,Neutral,41.5,40.3,43.0,53.6
2020-12-08,3410.18,7.265,1.26,,40.76,1.85,1.69,0.967,-1.21,37.68,21.0,56.27,2.71,-1.21,0.757,4.215,1.349,0.6,1,666,39.5,1.0,Neutral,39.5,37.1,39.7,48.4
2020-12-09,3371.96,7.799,1.43,,33.87,3.07,1.23,1.114,-2.24,32.43,19.98,49.08,1.53,-2.32,-0.025,4.674,1.649,0.45,2,667,38.3,1.0,Neutral,38.3,34.2,36.9,44.6
2020-12-10,3373.28,7.696,1.39,,34.84,4.14,2.3,1.057,-2.0,33.8,19.02,49.32,1.51,-2.28,-0.105,4.035,1.349,0.75,2,667,38.6,1.0,Neutral,38.6,35.0,37.4,44.5
2020-12-11,3347.19,8.035,1.5,,29.06,6.44,1.53,1.286,-2.83,28.5,19.64,44.8,0.67,-3.03,-0.354,4.405,1.048,0.449,3,667,37.2,1.0,Neutral,37.2,32.6,35.4,42.4
2020-12-14,3369.12,8.054,1.5,,35.91,3.83,2.45,1.034,-1.39,36.93,18.71,49.03,1.28,-2.4,-0.494,3.951,2.395,0.749,4,668,38.2,1.0,Neutral,38.2,34.6,37.1,43.9
2020-12-15,3367.23,,,,36.86,3.38,0.77,0.972,-1.26,37.45,18.66,48.68,1.17,-2.45,-0.484,3.999,1.644,0.897,5,667,45.5,0.45,Neutral,45.5,39.4,43.2,35.2
2020-12-16,3366.98,8.414,1.61,,38.91,9.51,2.3,0.95,-0.15,42.66,18.7,48.63,1.13,-2.46,-0.114,3.95,1.493,0.746,6,670,38.0,1.0,Neutral,38.0,34.9,37.7,43.2
2020-12-17,3404.87,8.046,1.5,,43.73,3.52,1.84,1.183,0.94,50.56,19.05,55.86,2.21,-1.36,0.112,4.828,2.09,0.149,7,670,40.3,1.0,Neutral,40.3,37.8,40.6,50.3
2020-12-18,3394.9,8.139,1.52,,47.09,6.58,2.91,1.201,1.43,53.61,18.52,53.72,1.84,-1.65,0.529,4.732,2.235,0.0,8,670,41.1,1.0,Neutral,41.1,38.5,41.7,50.8
2020-12-21,3420.57,7.961,1.47,,46.79,2.45,4.59,1.206,1.53,54.27,20.25,58.17,2.57,-0.91,0.746,5.689,1.937,0.149,4,671,40.8,1.0,Neutral,40.8,38.9,41.7,52.5
2020-12-22,3356.78,8.37,1.59,,41.47,10.4,1.99,1.37,-0.31,44.61,19.46,46.27,0.64,-2.76,0.79,6.115,1.637,0.744,3,671,39.4,1.0,Neutral,39.4,35.6,38.8,47.2
2020-12-23,3382.32,8.119,1.51,,46.75,9.17,2.45,1.261,0.46,48.55,19.26,50.62,1.35,-2.02,1.017,5.843,1.189,0.149,3,672,40.6,1.0,Neutral,40.6,37.4,40.6,50.1
2020-12-24,3363.11,8.45,1.62,,36.76,16.34,1.07,1.151,-1.23,38.06,18.54,47.5,0.73,-2.57,0.836,5.218,1.185,1.926,4,673,38.3,1.0,Neutral,38.3,33.6,37.0,44.2
2020-12-25,3396.56,8.178,1.53,,42.28,6.41,3.05,1.223,0.05,45.79,18.16,52.94,1.65,-1.6,0.763,5.168,2.222,0.593,5,675,40.4,1.0,Neutral,40.4,36.4,39.7,49.0
2020-12-28,3397.28,8.297,1.57,,34.65,16.59,2.59,1.305,-0.68,41.87,18.56,53.05,1.58,-1.58,0.55,5.312,2.367,0.74,6,675,39.5,1.0,Neutral,39.5,35.0,38.4,46.8
2020-12-29,3379.04,8.364,1.58,,42.1,3.19,1.22,1.274,0.66,49.95,19.02,49.8,0.95,-2.11,0.068,4.968,2.065,0.885,7,677,39.6,1.0,Neutral,39.6,37.0,39.7,47.8
2020-12-30,3414.45,8.285,1.56,,41.3,4.41,2.58,1.177,0.95,50.56,19.13,55.51,1.91,-1.09,0.046,5.282,2.655,0.0,8,678,40.1,1.0,Neutral,40.1,37.0,40.0,48.9
2020-12-31,3473.07,8.09,1.5,,52.36,1.22,3.81,1.344,3.27,67.48,20.26,63.0,3.53,0.0,-0.035,6.147,1.473,0.147,9,677,41.5,1.0,Neutral,41.5,41.3,43.4,57.1
2021-01-04,3502.96,8.066,1.49,,53.94,1.67,6.23,1.507,3.13,70.06,21.0,66.14,4.3,0.0,1.561,8.443,3.971,0.147,10,680,43.2,1.0,Neutral,43.2,41.7,45.4,60.0
2021-01-05,3528.68,8.132,1.51,,57.05,4.41,4.86,1.594,3.87,77.45,20.84,68.6,4.98,0.0,2.004,8.594,1.912,0.735,11,680,43.5,1.0,Neutral,43.5,43.2,46.6,62.2
2021-01-06,3550.88,8.464,1.61,,52.1,8.98,2.74,1.433,5.09,81.21,22.59,70.59,5.54,0.0,2.814,7.575,2.062,0.442,12,679,42.2,1.0,Neutral,42.2,42.8,47.0,59.9
2021-01-07,3576.2,8.874,1.73,,46.43,21.46,4.87,1.552,4.74,82.79,26.1,72.71,6.17,0.0,2.993,7.994,1.178,1.915,13,679,39.8,1.0,Neutral,39.8,41.6,45.8,58.8
2021-01-08,3570.11,8.922,1.75,,41.1,9.73,2.28,1.306,2.79,63.66,26.08,71.38,5.86,-0.17,2.995,7.157,2.353,0.735,14,680,37.7,1.0,Neutral,37.7,36.4,41.9,54.7
2021-01-11,3531.5,9.424,1.9,,30.87,22.31,1.21,1.357,0.81,51.82,23.44,63.43,4.62,-1.25,1.518,7.749,1.322,2.203,2,680,35.1,1.0,Neutral,35.1,32.4,36.4,48.3
2021-01-12,3608.34,9.47,1.91,,35.0,9.71,3.34,1.198,2.26,58.4,24.97,70.48,6.74,0.0,1.42,7.588,1.76,0.293,2,681,34.8,1.0,Neutral,34.8,33.2,37.3,51.2
2021-01-13,3598.65,9.783,2.01,,34.59,23.82,1.97,1.428,1.35,56.24,24.38,68.68,6.31,-0.27,1.256,8.503,1.613,1.32,2,682,34.0,1.0,Neutral,34.0,31.7,35.8,51.8
2021-01-14,3565.91,9.639,1.96,,42.7,5.91,0.45,1.262,-0.29,44.04,23.94,62.85,5.22,-1.18,0.733,7.312,1.32,1.32,2,682,33.1,1.0,Neutral,33.1,29.6,33.6,51.5
2021-01-15,3566.38,9.417,1.89,,47.54,0.61,1.66,1.166,-0.1,44.46,22.12,62.89,5.1,-1.16,0.663,6.466,1.613,0.587,3,682,34.3,1.0,Neutral,34.3,30.6,34.5,52.8
2021-01-18,3596.22,9.196,1.82,,57.97,0.45,2.57,1.073,1.83,53.98,22.56,65.95,5.81,-0.34,1.024,6.586,3.221,0.0,4,682,36.3,1.0,Neutral,36.3,33.5,37.8,57.0
2021-01-19,3566.38,9.045,1.77,,56.7,0.3,1.21,1.142,-1.16,38.39,22.78,60.58,4.77,-1.16,0.713,6.593,1.171,0.439,5,683,35.0,1.0,Neutral,35.0,30.5,34.7,55.5
2021-01-20,3583.09,9.111,1.79,,60.35,1.06,1.81,0.953,-0.43,41.33,22.5,62.42,5.1,-0.7,0.82,5.745,1.611,0.146,6,683,34.9,1.0,Neutral,34.9,30.8,35.2,55.1
2021-01-21,3621.26,9.2,1.81,,59.09,0.76,2.72,1.138,1.55,53.43,23.29,66.3,6.03,0.0,1.445,7.277,2.199,0.147,7,682,36.4,1.0,Neutral,36.4,33.3,37.9,58.3
2021-01-22,3606.75,9.366,1.86,,49.74,3.17,2.72,1.117,1.13,50.84,22.18,63.61,5.44,-0.4,1.549,7.149,1.76,1.026,2,682,35.6,1.0,Neutral,35.6,32.3,36.6,53.8
2021-01-25,3624.24,9.82,2.0,,40.04,10.59,2.12,1.118,0.78,48.93,22.97,65.43,5.74,0.0,1.425,8.003,1.175,1.028,2,681,33.8,1.0,Neutral,33.8,30.0,34.5,50.3
2021-01-26,3569.43,9.837,2.0,,35.75,8.47,1.51,0.945,0.09,43.72,22.97,55.99,3.97,-1.51,0.791,6.049,1.615,1.322,2,681,32.9,1.0,Neutral,32.9,29.5,33.5,43.4
2021-01-27,3573.34,9.998,2.05,,36.72,6.81,2.12,0.895,-0.27,41.7,22.48,56.47,3.93,-1.4,0.432,5.381,1.76,0.44,2,681,32.2,1.0,Neutral,32.2,28.4,32.5,43.0
2021-01-28,3505.18,10.259,2.13,,30.87,9.82,0.45,0.915,-3.21,28.39,24.34,46.83,1.84,-3.29,-0.366,5.303,1.17,1.608,3,683,29.4,1.0,Pessimistic,29.4,24.7,28.6,37.3
2021-01-29,3483.07,10.637,2.24,,31.5,19.94,0.6,0.988,-3.43,26.86,24.53,44.19,1.11,-3.9,-1.289,5.167,1.901,1.462,3,684,28.2,1.0,Pessimistic,28.2,23.4,27.1,37.0
2021-02-01,3505.28,10.589,2.23,,38.18,13.6,1.21,0.93,-3.28,27.95,25.04,47.4,1.66,-3.28,-1.802,4.795,2.632,2.339,3,684,27.7,1.0,Pessimistic,27.7,23.6,26.9,39.7
2021-02-02,3533.68,10.563,2.21,,41.13,9.82,1.81,0.884,-1.0,38.39,23.19,51.25,2.41,-2.5,-1.412,5.287,2.632,0.877,3,684,30.0,1.0,Neutral,30.0,26.3,29.6,41.6
2021-02-03,3517.31,10.872,2.31,,35.65,23.49,1.96,0.996,-1.57,35.98,22.01,49.02,1.86,-2.95,-1.446,5.786,1.608,1.608,4,684,29.6,1.0,Pessimistic,29.6,25.0,28.3,40.0
2021-02-04,3501.86,11.202,2.4,,35.26,30.53,1.8,1.0,-0.09,43.28,23.04,46.94,1.33,-3.38,-1.745,5.4,1.46,0.584,5,685,29.4,1.0,Pessimistic,29.4,26.2,29.4,38.7
2021-02-05,3496.33,11.406,2.46,,35.21,23.83,0.6,0.97,0.38,45.35,23.53,46.19,1.09,-3.53,-1.459,5.16,1.464,1.611,6,683,29.0,1.0,Pessimistic,29.0,26.3,29.5,37.8
2021-02-08,3532.45,11.225,2.4,,33.45,20.54,1.66,0.832,0.77,45.71,23.93,51.65,2.03,-2.53,-1.558,4.71,1.464,0.439,3,682,28.7,1.0,Pessimistic,28.7,26.6,29.7,37.4
2021-02-09,3603.49,10.949,2.32,,40.59,1.66,2.87,0.844,1.98,50.98,23.54,60.2,3.95,-0.57,-1.398,5.416,1.022,0.146,4,684,30.0,1.0,Neutral,30.0,28.0,31.1,43.6
2021-02-10,3655.09,10.902,2.3,,48.71,2.26,2.86,0.859,3.92,59.65,24.98,65.04,5.28,0.0,-2.491,5.415,2.038,0.291,2,686,29.7,1.0,Pessimistic,29.7,29.9,31.8,48.7
2021-02-18,3675.36,9.948,2.0,,61.62,0.0,3.31,1.135,4.95,72.2,24.56,66.75,5.7,0.0,-0.414,7.846,4.076,0.291,3,687,35.1,1.0,Neutral,35.1,35.6,38.2,58.0
2021-02-19,3696.17,9.327,1.81,,73.29,0.0,2.11,1.2,5.72,74.38,22.44,68.46,6.13,0.0,0.658,6.981,4.512,0.437,4,687,37.9,1.0,Neutral,37.9,38.2,41.3,62.9
2021-02-22,3642.45,9.158,1.76,,76.48,0.0,3.16,1.615,3.11,72.24,24.59,59.91,4.45,-1.45,1.726,8.775,2.62,0.582,5,687,39.2,1.0,Neutral,39.2,39.2,42.8,63.4
2021-02-23,3636.36,9.178,1.76,,65.96,0.15,2.56,1.302,0.91,51.81,23.89,59.01,4.17,-1.62,1.446,5.978,1.89,0.0,4,687,36.1,1.0,Neutral,36.1,33.8,38.2,58.6
2021-02-24,3564.08,9.197,1.77,,63.19,0.15,1.05,1.18,-2.49,30.9,24.84,49.51,2.02,-3.57,2.716,6.378,1.017,0.727,3,688,34.2,1.0,Neutral,34.2,28.8,34.6,53.3
2021-02-25,3585.05,9.238,1.78,,51.91,0.15,0.9,1.19,-2.46,31.06,23.18,51.93,2.51,-3.01,1.043,5.502,1.016,0.29,2,688,33.5,1.0,Neutral,33.5,28.6,33.1,50.6
2021-02-26,3509.08,9.303,1.8,,43.11,0.3,0.45,1.08,-5.06,17.9,24.26,43.76,0.27,-5.06,0.172,4.852,0.435,0.435,2,688,31.1,1.0,Neutral,31.1,25.3,29.5,43.1
2021-03-01,3551.4,9.015,1.71,,48.07,0.0,1.66,1.018,-2.5,31.32,24.34,48.61,1.41,-3.92,-0.409,4.816,3.035,0.0,2,690,33.5,1.0,Neutral,33.5,29.7,33.3,46.3
2021-03-02,3508.59,9.108,1.73,,47.88,0.15,0.9,1.095,-3.51,25.66,23.71,44.43,0.13,-5.07,-0.16,5.162,1.154,0.722,2,692,32.9,1.0,Neutral,32.9,28.2,31.7,45.3
2021-03-03,3576.91,8.609,1.58,,53.55,0.0,1.66,1.123,0.36,46.68,23.33,51.58,2.02,-3.23,-0.214,4.769,2.882,0.0,3,693,36.6,1.0,Neutral,36.6,35.0,37.9,51.1
2021-03-04,3503.49,8.704,1.61,,53.64,0.45,0.6,1.269,-2.27,31.95,25.08,44.9,-0.1,-5.21,-0.32,5.41,1.729,0.576,4,694,34.7,1.0,Neutral,34.7,31.2,34.4,49.1
2021-03-05,3501.99,8.7,1.6,,59.39,0.15,0.45,1.144,-0.2,43.75,26.96,44.77,-0.17,-5.25,-0.267,4.72,2.017,0.144,2,694,35.1,1.0,Neutral,35.1,34.4,37.1,50.1
2021-03-08,3421.41,8.719,1.61,,46.39,0.75,0.0,1.238,-3.66,23.73,27.73,38.44,-2.46,-7.43,-0.598,5.466,1.153,1.297,2,693,33.0,1.0,Neutral,33.0,29.5,32.4,43.2
2021-03-09,3359.29,8.955,1.68,,43.08,1.35,0.15,1.295,-4.26,19.57,27.17,34.41,-4.2,-9.11,-1.268,4.97,1.009,1.153,2,694,31.9,1.0,Neutral,31.9,28.0,30.8,39.8
2021-03-10,3357.74,9.425,1.82,,33.18,1.8,0.45,0.945,-6.13,19.76,26.07,34.31,-4.22,-9.16,-1.7,3.649,1.585,1.009,2,694,29.7,1.0,Pessimistic,29.7,26.4,29.3,32.3
2021-03-11,3436.83,8.901,1.66,,44.7,0.45,0.6,1.011,-1.9,34.33,24.07,43.11,-1.99,-7.02,-1.317,4.497,2.014,0.144,3,694,34.2,1.0,Neutral,34.2,31.6,34.2,41.7
2021-03-12,3453.08,8.64,1.58,,39.55,1.5,0.6,1.121,-1.4,37.05,22.56,44.74,-1.57,-6.58,-1.209,4.382,0.576,0.144,2,694,35.4,1.0,Neutral,35.4,33.2,35.2,42.2
2021-03-15,3419.95,8.543,1.55,,43.19,2.7,1.2,1.145,-0.04,44.64,23.26,42.08,-2.55,-7.47,-0.876,4.6,2.302,0.576,3,695,36.9,1.0,Neutral,36.9,35.7,37.8,42.5
2021-03-16,3446.73,8.138,1.42,,54.72,0.9,0.9,0.982,2.6,56.29,22.47,44.93,-1.82,-6.75,-0.455,3.9,1.727,0.288,4,695,39.1,1.0,Neutral,39.1,40.1,41.7,46.4
2021-03-17,3445.55,8.254,1.46,,60.79,0.3,0.45,0.865,2.62,54.12,22.71,44.83,-1.89,-6.78,0.051,3.876,1.439,0.0,3,695,38.7,1.0,Neutral,38.7,39.1,41.3,46.7
2021-03-18,3463.07,8.395,1.5,,51.87,0.9,1.2,0.876,0.76,46.15,22.26,46.81,-1.44,-6.31,-0.211,3.964,1.868,0.0,1,695,37.3,1.0,Neutral,37.3,36.4,38.7,44.4
2021-03-19,3404.66,8.438,1.51,,51.12,0.75,0.6,0.949,-1.4,36.72,22.77,41.47,-3.1,-7.89,-0.021,4.027,1.293,0.575,2,696,36.2,1.0,Neutral,36.2,34.1,36.8,42.8
2021-03-22,3443.44,8.035,1.39,,59.42,0.0,1.19,0.958,0.69,46.7,22.03,45.88,-2.02,-6.84,0.074,4.136,2.009,0.0,3,697,39.1,1.0,Neutral,39.1,38.0,40.4,47.9
2021-03-23,3411.51,8.505,1.53,,50.92,0.15,0.3,0.999,-1.02,38.69,21.24,43.0,-2.92,-7.7,0.099,4.015,1.148,1.435,4,697,36.8,1.0,Neutral,36.8,34.4,37.1,43.7
2021-03-24,3367.06,8.43,1.5,,45.87,1.04,0.75,0.969,-2.28,32.54,21.65,39.31,-4.19,-8.9,0.064,3.974,1.862,0.43,5,696,36.7,1.0,Neutral,36.7,33.3,36.5,39.9
2021-03-25,3363.59,8.613,1.56,,44.81,1.19,0.59,0.827,-2.87,30.32,21.36,39.03,-4.28,-9.0,-0.095,3.233,1.567,0.57,4,700,35.1,1.0,Neutral,35.1,32.1,35.2,37.2
2021-03-26,3418.33,8.345,1.47,,51.8,0.3,0.59,0.84,0.4,44.21,20.19,45.65,-2.75,-7.52,-0.13,3.896,2.418,0.0,5,702,38.5,1.0,Neutral,38.5,36.2,39.1,42.8
2021-03-29,3435.3,8.247,1.44,,44.46,1.04,1.33,0.871,-0.24,41.7,20.29,47.55,-2.28,-7.06,-0.36,4.003,1.849,0.284,4,703,38.0,1.0,Neutral,38.0,35.7,38.2,41.6
2021-03-30,3456.68,8.526,1.53,,44.93,2.07,1.03,0.873,1.32,48.59,20.23,49.93,-1.7,-6.48,-0.253,3.863,1.42,0.71,5,703,37.7,1.0,Neutral,37.7,36.3,38.7,42.4
2021-03-31,3441.91,8.357,1.47,,49.88,1.03,1.33,0.868,2.22,52.45,19.89,48.3,-2.15,-6.88,-0.138,3.559,2.695,0.426,5,704,38.8,1.0,Neutral,38.8,38.1,40.5,43.6
2021-04-01,3466.33,8.237,1.44,,52.01,0.59,1.18,0.845,3.05,55.61,19.14,51.14,-1.48,-6.22,-0.041,3.626,2.27,0.567,6,705,39.6,1.0,Neutral,39.6,39.0,41.3,45.3
2021-04-02,3484.39,8.324,1.46,,47.31,0.15,1.03,0.807,1.93,50.2,19.27,53.19,-0.97,-5.73,-0.098,4.053,2.131,0.0,7,704,39.1,1.0,Neutral,39.1,37.0,39.8,43.8
2021-04-06,3482.97,8.204,1.42,,51.45,0.0,1.47,0.724,1.39,46.81,19.59,53.0,-1.01,-5.77,0.237,3.968,1.844,0.0,8,705,39.1,1.0,Neutral,39.1,36.6,39.8,44.0
2021-04-07,3479.63,7.988,1.36,,57.57,0.15,1.62,0.919,0.66,46.17,18.93,52.53,-1.08,-5.86,0.593,4.07,2.408,0.283,9,706,40.1,1.0,Neutral,40.1,37.2,40.6,49.1
2021-04-08,3482.55,8.239,1.43,,52.24,0.44,1.32,1.037,1.18,50.07,18.59,52.92,-0.96,-5.78,0.488,4.12,1.558,0.708,7,706,39.7,1.0,Neutral,39.7,37.4,40.3,48.7
2021-04-09,3450.68,7.971,1.35,,51.08,0.59,1.33,0.877,-0.45,40.79,18.52,48.22,-1.81,-6.64,0.504,3.622,2.263,0.283,8,705,39.7,1.0,Neutral,39.7,36.4,39.7,44.9
2021-04-12,3412.95,7.944,1.34,,45.57,1.62,1.03,0.976,-2.05,33.63,19.31,43.32,-2.81,-7.66,0.656,3.983,1.549,1.549,4,708,38.8,1.0,Neutral,38.8,35.0,38.1,42.4
2021-04-13,3396.47,8.155,1.4,,38.74,2.05,0.59,0.855,-2.48,31.88,19.43,41.35,-3.22,-8.11,-0.146,3.269,1.264,1.826,5,710,36.9,1.0,Neutral,36.9,33.8,36.5,37.3
2021-04-14,3416.72,8.124,1.39,,41.13,0.44,0.88,0.74,-1.81,34.8,19.17,44.69,-2.55,-7.56,-0.432,3.474,1.828,0.422,2,711,37.5,1.0,Neutral,37.5,34.6,37.0,37.7
2021-04-15,3398.99,7.934,1.33,,43.46,2.21,0.74,0.746,-2.4,32.52,19.38,42.41,-2.97,-8.04,-0.413,3.391,1.545,1.264,3,710,37.6,1.0,Neutral,37.6,34.7,37.0,38.0
2021-04-16,3426.62,7.46,1.19,,50.18,0.29,0.44,0.831,-0.7,39.49,18.91,46.95,-2.11,-7.29,-0.415,3.508,2.244,0.281,4,713,40.2,1.0,Neutral,40.2,38.0,40.1,44.0
2021-04-19,3477.55,7.406,1.17,,60.11,0.0,1.02,0.978,1.89,52.77,19.54,54.12,-0.62,-5.91,-0.039,4.913,2.241,0.28,2,714,42.0,1.0,Neutral,42.0,40.9,42.5,52.1
2021-04-20,3472.94,7.491,1.2,,59.54,0.59,1.02,0.923,2.25,53.54,19.51,53.42,-0.69,-6.04,0.473,4.708,1.401,0.28,3,714,42.0,1.0,Neutral,42.0,40.9,42.9,50.8
2021-04-21,3472.93,7.7,1.26,,52.06,1.46,1.02,0.821,1.65,49.23,19.68,53.41,-0.65,-6.04,0.47,3.976,0.698,0.698,2,714,40.0,1.0,Neutral,40.0,39.0,41.1,46.6
2021-04-22,3465.11,7.653,1.24,,53.38,1.02,1.46,0.816,1.95,50.4,19.61,52.08,-0.81,-6.25,0.612,4.067,1.397,0.0,2,716,40.9,1.0,Neutral,40.9,39.6,42.1,46.6
2021-04-23,3474.17,7.788,1.28,,43.51,2.21,1.91,0.811,1.39,48.01,19.69,53.53,-0.48,-6.01,0.492,4.292,1.262,0.561,2,713,40.0,1.0,Neutral,40.0,38.3,40.7,43.4
2021-04-26,3441.17,7.829,1.3,,35.7,2.49,1.46,0.905,-1.05,38.26,20.6,47.86,-1.35,-6.9,0.379,5.332,2.374,0.559,3,716,39.9,1.0,Neutral,39.9,36.3,39.1,40.1
2021-04-27,3442.61,7.964,1.33,,36.81,3.38,1.47,0.829,-0.87,38.73,20.01,48.12,-1.22,-6.86,0.057,4.08,1.821,1.12,2,713,38.5,1.0,Neutral,38.5,35.9,38.3,39.3
2021-04-28,3457.07,7.888,1.31,,40.15,3.36,1.9,0.813,-0.46,40.4,19.54,50.75,-0.76,-6.47,0.074,4.537,2.371,0.558,3,717,39.4,1.0,Neutral,39.4,36.3,38.9,41.2
2021-04-29,3474.9,7.649,1.24,,39.18,3.51,1.32,0.911,0.28,44.35,19.61,53.87,-0.2,-5.99,-0.296,4.663,0.979,0.839,4,715,40.0,1.0,Neutral,40.0,37.8,39.7,43.7
2021-04-30,3446.86,8.019,1.35,,41.01,6.31,1.47,1.029,-0.79,39.99,19.5,48.66,-0.98,-6.75,-0.886,4.782,0.842,1.122,5,713,38.9,1.0,Neutral,38.9,36.0,37.9,43.6
2021-05-06,3441.28,7.805,1.28,,45.1,3.66,2.78,1.019,0.0,43.92,19.24,47.67,-1.12,-6.9,-0.522,5.256,1.676,1.257,2,715,40.4,1.0,Neutral,40.4,37.8,39.5,44.9
2021-05-07,3418.87,7.549,1.2,,46.36,5.26,2.34,1.161,-0.69,41.11,19.07,43.82,-1.72,-7.5,-0.459,5.152,1.947,1.252,3,718,41.1,1.0,Neutral,41.1,38.1,39.9,45.9
2021-05-10,3427.99,7.474,1.18,,46.39,4.96,3.5,1.223,-0.84,40.52,18.98,45.74,-1.41,-7.26,-0.209,4.964,3.06,0.834,4,719,41.5,1.0,Neutral,41.5,38.2,40.4,47.1
2021-05-11,3441.84,7.374,1.15,,49.58,1.46,2.05,1.14,-0.95,39.56,19.19,48.61,-0.97,-6.88,0.077,4.806,1.114,0.557,5,718,41.3,1.0,Neutral,41.3,38.1,40.4,48.8
2021-05-12,3462.75,7.369,1.15,,55.77,1.32,2.92,1.009,0.46,46.12,19.42,52.69,-0.35,-6.32,1.183,4.323,3.056,0.278,6,718,42.0,1.0,Neutral,42.0,39.4,42.7,50.7
2021-05-13,3429.54,7.624,1.22,,51.38,2.04,1.9,1.033,-0.34,42.27,19.44,46.4,-1.28,-7.21,0.724,4.463,1.664,0.693,4,721,40.9,1.0,Neutral,40.9,38.1,40.9,47.1
2021-05-14,3490.38,7.296,1.12,,57.96,0.87,1.9,1.089,2.09,55.6,19.62,56.61,0.49,-5.57,0.861,5.468,2.639,0.278,5,720,43.3,1.0,Neutral,43.3,41.7,44.3,54.1
2021-05-17,3517.62,7.569,1.2,,54.21,1.9,1.02,1.036,2.61,57.38,20.41,60.27,1.32,-4.83,0.816,5.506,0.972,1.667,6,719,41.7,1.0,Neutral,41.7,40.8,43.1,53.2
2021-05-18,3529.01,7.498,1.18,,54.3,1.02,2.92,0.869,2.53,53.84,20.04,61.72,1.71,-4.52,1.058,4.759,2.225,0.695,7,719,41.5,1.0,Neutral,41.5,39.9,43.0,51.7
2021-05-19,3510.97,7.61,1.22,,48.04,1.31,2.48,0.891,1.39,49.14,19.52,58.1,1.27,-5.01,1.207,5.08,1.526,0.416,8,720,41.5,1.0,Neutral,41.5,38.7,42.1,48.6
2021-05-20,3506.94,7.862,1.29,,48.34,2.04,1.75,1.047,2.26,55.75,19.39,57.29,1.25,-5.12,1.164,4.904,1.247,1.385,9,722,41.4,1.0,Neutral,41.4,39.7,42.7,50.1
2021-05-21,3486.56,7.698,1.24,,42.84,2.47,2.47,0.914,-0.11,42.57,19.18,53.26,0.73,-5.67,1.08,4.479,2.213,0.692,10,722,40.9,1.0,Neutral,40.9,37.3,40.9,45.3
2021-05-24,3497.28,7.598,1.21,,48.2,1.89,1.45,0.942,-0.58,40.58,19.3,55.05,1.11,-5.38,1.151,4.806,1.66,0.415,11,723,41.0,1.0,Neutral,41.0,36.9,40.7,48.4
2021-05-25,3581.34,7.548,1.19,,49.43,0.29,2.61,1.117,1.48,52.76,20.61,66.05,3.53,-3.11,0.751,5.931,1.934,0.414,3,723,40.9,1.0,Neutral,40.9,39.0,41.7,55.3
2021-05-26,3593.36,7.477,1.17,,54.25,0.0,2.17,1.121,2.35,57.54,20.75,67.28,3.88,-2.78,0.719,5.878,1.519,0.276,4,724,41.5,1.0,Neutral,41.5,40.4,42.9,57.5
2021-05-27,3608.85,7.422,1.15,,58.74,0.43,2.31,1.016,2.91,58.46,21.0,68.85,4.27,-2.36,1.085,5.509,2.21,0.552,4,724,41.5,1.0,Neutral,41.5,40.6,43.4,58.5
2021-05-28,3600.78,7.42,1.15,,55.39,1.44,2.31,1.148,3.28,63.21,22.48,67.05,4.02,-2.58,1.319,6.053,1.105,0.552,5,724,42.0,1.0,Neutral,42.0,42.1,44.8,58.2
2021-05-31,3615.48,7.466,1.16,,56.46,0.43,3.88,1.088,3.38,62.44,22.95,68.66,4.39,-2.18,1.597,6.095,2.207,0.276,3,725,41.6,1.0,Neutral,41.6,41.5,44.5,58.6
2021-06-01,3624.71,7.371,1.13,,55.68,0.14,2.73,1.158,1.21,51.8,22.71,69.66,4.63,-1.93,2.154,6.075,2.345,0.276,4,725,41.0,1.0,Neutral,41.0,39.0,42.9,59.5
2021-06-02,3597.14,7.483,1.17,,51.0,0.72,1.72,1.144,0.11,45.46,21.37,63.16,3.79,-2.68,1.884,5.575,1.517,1.103,3,725,40.4,1.0,Neutral,40.4,37.6,41.3,55.6
2021-06-03,3584.21,7.413,1.15,,47.84,1.01,2.16,1.165,-0.68,41.17,20.53,60.31,3.37,-3.03,1.51,5.306,2.49,0.553,4,723,40.8,1.0,Neutral,40.8,37.1,40.8,53.8
2021-06-04,3591.84,7.453,1.16,,50.08,0.86,2.01,1.088,-0.25,43.12,20.74,61.42,3.51,-2.82,1.154,5.166,1.105,0.414,3,724,40.2,1.0,Neutral,40.2,37.3,40.5,54.3
2021-06-07,3599.54,7.38,1.13,,48.45,1.73,3.45,1.002,-0.44,41.58,21.28,62.55,3.61,-2.61,0.989,5.38,1.798,0.415,3,723,40.1,1.0,Neutral,40.1,37.0,40.2,53.1
2021-06-08,3580.11,7.238,1.09,,44.27,1.15,2.16,1.01,-1.23,37.68,21.77,57.93,2.94,-3.14,0.52,5.433,1.66,1.66,2,722,39.8,1.0,Neutral,39.8,37.0,39.5,50.3
2021-06-09,3591.4,7.191,1.07,,46.75,1.58,2.44,0.99,-0.16,42.89,20.95,59.79,3.19,-2.83,0.481,4.613,1.517,0.276,3,725,40.5,1.0,Neutral,40.5,38.4,40.9,51.6
2021-06-10,3610.86,7.256,1.09,,47.87,2.3,1.58,1.057,0.74,48.06,20.15,62.84,3.67,-2.31,0.701,5.546,1.381,0.829,4,724,41.5,1.0,Neutral,41.5,39.1,41.7,53.9
2021-06-11,3589.75,7.205,1.08,,46.54,2.59,3.3,1.2,-0.06,44.98,20.31,57.72,2.98,-2.88,0.619,5.969,2.069,0.966,5,724,42.0,1.0,Neutral,42.0,39.1,41.7,53.1
2021-06-15,3556.56,7.338,1.12,,41.38,4.45,2.59,1.163,-1.19,38.27,19.89,50.74,1.97,-3.78,0.587,5.372,1.517,1.241,2,725,40.8,1.0,Neutral,40.8,37.3,39.9,48.5
2021-06-16,3518.33,7.54,1.18,,39.31,4.45,1.29,1.039,-1.73,35.22,20.78,44.11,0.84,-4.81,0.227,4.613,1.243,0.829,2,724,39.1,1.0,Neutral,39.1,36.0,38.5,43.9
2021-06-17,3525.6,7.464,1.15,,40.27,3.74,2.01,0.92,-1.83,34.69,19.76,45.57,1.02,-4.61,0.361,4.863,2.345,0.69,2,724,40.0,1.0,Neutral,40.0,36.1,38.9,43.3
2021-06-18,3525.1,7.394,1.13,,42.87,2.87,2.16,0.985,-2.38,32.03,19.75,45.48,0.95,-4.63,0.242,5.619,2.069,0.138,2,725,40.4,1.0,Neutral,40.4,35.7,38.5,45.1
2021-06-21,3529.18,7.39,1.13,,48.17,2.15,3.3,0.933,-1.69,35.36,20.09,46.39,1.02,-4.52,0.932,5.553,2.479,0.275,2,726,40.9,1.0,Neutral,40.9,36.6,39.8,46.6
2021-06-22,3557.41,7.248,1.08,,52.31,1.0,2.43,1.024,0.02,44.06,19.64,52.3,1.76,-3.75,0.861,5.421,1.651,0.138,3,727,42.3,1.0,Neutral,42.3,39.2,42.0,51.3
2021-06-23,3566.22,7.177,1.06,,56.02,1.0,3.7,1.035,1.36,50.97,18.28,54.01,1.92,-3.52,1.405,6.004,1.923,0.412,4,727,44.3,1.0,Neutral,44.3,41.3,44.2,53.3
2021-06-24,3566.65,7.149,1.05,,52.45,1.71,2.7,1.118,1.16,51.03,19.3,54.09,1.83,-3.5,1.297,5.25,2.473,0.962,5,728,43.6,1.0,Neutral,43.6,41.3,44.2,53.1
2021-06-25,3607.56,6.984,1.0,,50.58,1.28,2.99,1.149,2.34,58.0,19.02,61.49,2.91,-2.4,1.059,5.822,1.923,0.137,5,728,44.5,1.0,Neutral,44.5,42.9,45.4,55.4
2021-06-28,3606.37,7.189,1.06,,48.65,1.42,3.69,1.063,2.19,55.66,18.47,61.18,2.79,-2.43,1.177,5.96,2.473,0.549,6,728,44.0,1.0,Neutral,44.0,41.6,44.5,53.5
2021-06-29,3573.18,7.249,1.08,,42.82,2.55,2.55,1.01,0.44,46.05,18.35,53.16,1.79,-3.33,1.031,5.3,1.786,0.275,4,728,43.1,1.0,Neutral,43.1,39.7,42.6,48.1
2021-06-30,3591.2,7.247,1.08,,44.78,2.13,2.7,0.884,0.7,45.96,18.93,56.49,2.23,-2.84,1.022,5.512,1.509,0.412,5,728,42.6,1.0,Neutral,42.6,39.4,42.3,48.2
2021-07-01,3588.78,7.383,1.12,,42.49,2.7,1.99,0.963,0.62,46.44,18.37,55.92,2.1,-2.91,0.323,5.738,1.372,1.097,2,729,42.0,1.0,Neutral,42.0,39.1,41.1,48.1
2021-07-02,3518.76,7.402,1.12,,38.86,5.67,1.7,0.963,-2.46,31.67,19.64,42.44,0.09,-4.8,0.262,5.177,1.097,0.274,2,729,40.2,1.0,Neutral,40.2,35.8,38.4,42.2
2021-07-05,3534.32,7.26,1.08,,42.76,2.7,2.13,0.948,-2.0,33.9,18.69,45.58,0.51,-4.38,0.097,5.269,2.06,0.687,3,728,41.3,1.0,Neutral,41.3,36.7,39.2,44.7
2021-07-06,3530.26,7.208,1.06,,47.73,2.12,1.13,1.031,-1.2,37.89,18.38,44.89,0.37,-4.49,-0.152,5.875,1.507,0.822,4,730,42.2,1.0,Neutral,42.2,38.0,40.1,47.3
2021-07-07,3553.72,7.159,1.05,,46.55,2.12,3.39,1.045,-1.04,38.73,17.66,49.62,1.0,-3.85,0.062,5.875,2.192,0.822,3,730,42.7,1.0,Neutral,42.7,38.3,40.5,48.7
2021-07-08,3525.5,7.245,1.07,,47.56,5.63,3.1,1.151,-1.76,35.05,18.45,44.66,0.16,-4.62,0.961,6.674,1.507,0.274,2,730,42.4,1.0,Neutral,42.4,37.2,40.2,48.3
2021-07-09,3524.09,7.198,1.06,,52.94,2.39,3.37,1.144,0.15,45.72,18.39,44.42,0.07,-4.66,1.208,6.117,2.055,0.685,3,730,43.7,1.0,Neutral,43.7,40.2,43.0,50.1
2021-07-12,3547.84,7.195,1.06,,51.75,0.84,5.48,1.316,0.38,48.64,19.02,49.34,0.67,-4.01,1.367,7.542,2.192,0.274,2,730,44.3,1.0,Neutral,44.3,40.9,43.7,52.5
2021-07-13,3566.52,7.127,1.04,,53.34,0.7,4.2,1.174,1.03,50.96,18.63,52.88,1.13,-3.51,1.7,6.84,1.507,0.548,3,730,44.6,1.0,Neutral,44.6,41.5,44.5,53.2
2021-07-14,3528.5,7.169,1.05,,47.97,3.08,1.82,1.197,-0.71,41.17,18.62,45.86,-0.01,-4.54,1.311,6.474,1.096,0.822,2,730,43.2,1.0,Neutral,43.2,39.1,42.0,49.1
2021-07-15,3564.59,7.211,1.06,,48.25,8.4,2.66,1.16,1.11,51.25,18.45,52.33,0.95,-3.56,1.006,6.259,1.778,0.274,2,730,44.0,1.0,Neutral,44.0,41.4,43.8,51.1
2021-07-16,3539.3,7.209,1.06,,44.1,7.14,2.38,1.162,0.43,47.45,18.32,48.0,0.21,-4.24,0.696,6.615,1.503,0.273,1,731,43.6,1.0,Neutral,43.6,40.6,42.7,48.1
2021-07-19,3539.12,7.295,1.08,,39.04,9.78,2.09,1.065,-0.25,42.98,18.56,47.97,0.17,-4.25,0.246,5.903,1.093,0.956,2,732,42.3,1.0,Neutral,42.3,39.1,41.0,45.2
2021-07-20,3536.79,7.409,1.12,,37.34,5.73,2.09,0.927,-0.83,39.32,18.91,47.55,0.07,-4.31,0.039,4.966,0.546,0.273,1,732,40.8,1.0,Neutral,40.8,37.7,39.6,42.6
2021-07-21,3562.66,7.198,1.05,,45.52,3.91,4.61,1.067,0.97,49.35,18.31,52.52,0.76,-3.61,0.516,6.997,2.049,0.137,2,732,44.1,1.0,Neutral,44.1,40.9,43.1,49.2
2021-07-22,3574.73,7.015,1.0,,49.71,3.35,3.77,1.194,0.28,46.92,18.27,54.68,1.05,-3.29,0.985,7.245,0.954,0.817,2,732,44.1,1.0,Neutral,44.1,40.6,42.9,52.8
2021-07-23,3550.4,7.216,1.06,,47.53,9.9,3.63,1.39,0.31,48.87,18.14,49.77,0.31,-3.94,1.096,7.557,1.224,0.408,1,734,44.3,1.0,Neutral,44.3,40.9,43.2,51.5
2021-07-26,3467.44,7.645,1.18,,44.31,15.06,3.07,1.367,-2.03,33.39,21.36,37.43,-2.04,-6.19,1.172,7.54,1.361,1.497,2,735,40.5,1.0,Neutral,40.5,35.8,39.0,45.0
2021-07-27,3381.18,7.891,1.26,,39.19,15.36,1.4,1.433,-4.4,17.13,23.46,29.3,-4.45,-8.52,0.579,8.077,0.545,1.362,3,734,37.6,1.0,Neutral,37.6,31.1,34.6,39.4
2021-07-28,3361.59,8.294,1.38,,30.34,16.74,1.12,1.196,-5.64,16.3,21.96,27.82,-4.95,-9.05,-0.883,5.664,0.679,1.495,1,735,35.3,1.0,Neutral,35.3,29.6,32.0,33.5
2021-07-29,3411.72,8.084,1.31,,36.91,3.35,2.65,1.035,-4.56,20.76,21.22,36.63,-3.52,-7.7,-1.083,6.533,2.721,0.0,2,735,37.5,1.0,Neutral,37.5,31.2,34.1,37.8
2021-07-30,3397.36,8.103,1.32,,43.24,5.29,2.92,1.144,-4.31,20.86,20.72,35.3,-3.9,-8.08,-1.058,6.984,2.585,1.224,3,735,37.6,1.0,Neutral,37.6,31.3,33.9,40.5
2021-08-02,3464.28,7.875,1.25,,54.83,0.7,2.93,1.294,-0.09,45.48,20.67,45.27,-2.03,-6.27,-0.542,8.484,3.406,0.0,4,734,41.9,1.0,Neutral,41.9,38.2,40.4,49.8
2021-08-03,3447.99,7.802,1.22,,58.84,0.56,1.67,1.193,1.98,56.68,19.67,43.51,-2.5,-6.71,-0.143,7.291,1.907,0.545,3,734,43.0,1.0,Neutral,43.0,41.5,43.0,49.8
2021-08-04,3477.22,7.727,1.2,,66.43,1.25,4.17,1.037,3.44,61.61,19.83,47.45,-1.69,-5.92,1.307,7.031,2.446,0.136,4,735,44.2,1.0,Neutral,44.2,42.8,45.6,52.0
2021-08-05,3466.55,7.883,1.25,,55.34,1.8,3.61,1.036,1.61,52.23,19.64,46.19,-1.99,-6.21,1.324,6.897,1.084,0.271,4,737,42.7,1.0,Neutral,42.7,40.0,42.9,48.0
2021-08-06,3458.23,7.816,1.23,,51.39,4.02,3.47,1.0,1.79,52.61,19.15,45.17,-2.24,-6.44,1.415,6.589,1.626,0.136,1,738,42.8,1.0,Neutral,42.8,40.3,43.1,45.9
2021-08-09,3494.64,7.678,1.18,,49.09,0.0,2.64,1.037,0.88,48.52,19.14,50.31,-1.21,-5.45,1.093,6.712,3.528,0.0,2,737,42.8,1.0,Neutral,42.8,39.2,42.4,47.7
2021-08-10,3529.93,7.448,1.11,,54.16,0.0,3.05,1.023,2.38,55.92,19.55,54.74,-0.22,-4.5,1.259,6.9,2.442,0.0,3,737,43.8,1.0,Neutral,43.8,41.5,44.4,51.2
2021-08-11,3532.62,7.33,1.08,,51.9,0.28,4.57,1.136,1.59,53.63,19.36,55.06,-0.15,-4.42,1.192,6.642,2.168,0.271,3,737,43.6,1.0,Neutral,43.6,41.2,43.9,52.0
2021-08-12,3524.74,7.235,1.05,,55.69,0.42,4.43,1.122,1.68,53.89,19.34,53.83,-0.38,-4.64,1.344,6.774,2.033,0.407,2,738,44.0,1.0,Neutral,44.0,41.8,44.4,52.8
2021-08-13,3516.3,7.207,1.04,,55.74,0.69,4.01,1.108,1.68,53.68,19.29,52.48,-0.62,-4.87,1.143,6.537,1.894,0.0,3,738,44.3,1.0,Neutral,44.3,42.0,44.7,52.3
2021-08-16,3517.34,7.117,1.01,,52.56,0.41,3.18,1.142,0.65,48.48,19.76,52.64,-0.6,-4.84,0.848,6.119,2.3,0.406,3,739,43.4,1.0,Neutral,43.4,40.9,43.4,51.7
2021-08-17,3446.98,7.358,1.08,,41.57,1.93,1.52,1.229,-2.35,31.59,20.81,42.36,-2.57,-6.74,0.245,6.133,1.353,1.218,4,739,40.8,1.0,Neutral,40.8,36.5,39.0,44.4
2021-08-18,3485.29,7.175,1.03,,45.49,1.24,1.8,1.124,-1.34,37.37,19.7,48.28,-1.44,-5.71,-0.108,5.982,2.973,0.135,3,739,42.2,1.0,Neutral,42.2,38.3,40.6,47.4
2021-08-19,3465.55,7.331,1.07,,43.46,1.66,1.8,1.102,-1.68,35.5,20.5,45.68,-1.94,-6.24,-0.621,5.948,0.811,0.676,4,740,40.9,1.0,Neutral,40.9,37.4,39.2,45.3
2021-08-20,3427.33,7.35,1.08,,41.43,3.86,1.24,1.125,-2.53,30.84,22.51,41.06,-2.94,-7.27,-0.61,5.91,0.809,0.674,5,741,39.9,1.0,Neutral,39.9,36.3,38.4,43.0
2021-08-23,3477.13,7.165,1.02,,46.91,0.69,3.18,1.102,-1.14,38.38,21.38,48.38,-1.47,-5.93,0.122,6.943,3.104,0.27,6,741,42.3,1.0,Neutral,42.3,38.6,41.2,47.7
2021-08-24,3514.47,7.075,0.99,,55.39,0.97,3.45,1.23,1.96,57.18,20.13,53.09,-0.37,-4.92,0.924,7.372,2.153,0.269,2,742,44.7,1.0,Neutral,44.7,43.3,45.4,53.5
2021-08-25,3540.38,6.962,0.96,,53.5,0.83,4.56,1.281,1.58,55.68,20.12,56.08,0.41,-4.21,1.081,6.552,2.156,0.0,3,742,44.6,1.0,Neutral,44.6,43.0,45.5,54.6
2021-08-26,3501.66,6.825,0.92,,52.5,2.34,3.59,1.425,1.04,54.13,20.82,50.86,-0.65,-5.26,1.412,6.965,1.344,0.269,4,743,45.3,1.0,Neutral,45.3,43.7,46.2,53.6
2021-08-27,3522.16,6.87,0.93,,53.98,3.72,4.14,1.28,2.77,62.98,20.43,53.33,-0.03,-4.71,1.307,6.592,2.282,0.537,2,744,45.7,1.0,Neutral,45.7,45.6,47.5,54.0
2021-08-30,3528.15,7.026,0.98,,46.54,5.52,6.34,1.435,1.47,57.17,21.24,54.06,0.17,-4.55,0.897,8.233,2.148,0.268,3,745,44.8,1.0,Neutral,44.8,43.4,45.5,52.6
2021-08-31,3543.94,6.843,0.92,,44.52,5.24,4.97,1.455,0.84,53.1,21.18,56.01,0.64,-4.12,0.501,7.472,2.151,0.538,3,744,44.2,1.0,Neutral,44.2,42.8,44.6,53.1
2021-09-01,3567.1,6.776,0.9,5.235,42.36,0.69,1.38,1.833,0.75,56.34,21.11,58.78,1.3,-3.49,0.349,8.857,2.151,2.151,2,744,54.9,1.0,Neutral,44.7,55.9,55.0,55.1
2021-09-02,3597.04,6.462,0.8,5.228,48.0,2.07,4.14,1.548,2.72,67.94,21.6,62.09,2.15,-2.68,0.285,7.336,2.419,0.0,2,744,56.1,1.0,Neutral,46.3,59.1,58.2,57.8
2021-09-03,3581.73,6.413,0.79,5.225,50.55,0.41,2.07,1.64,1.69,61.8,21.39,59.46,1.73,-3.1,0.171,7.951,1.075,0.806,2,744,55.6,1.0,Neutral,45.9,58.0,56.7,58.2
2021-09-06,3621.86,6.253,0.74,5.223,55.81,0.14,2.75,1.375,2.66,64.11,21.08,63.79,2.86,-2.01,0.266,7.357,2.011,0.134,2,744,55.9,1.0,Neutral,46.4,58.4,57.4,60.5
2021-09-07,3676.59,6.026,0.67,5.198,59.4,0.0,5.23,1.433,3.74,72.65,21.37,68.71,4.35,-0.53,0.788,7.51,2.54,0.0,2,746,57.2,1.0,Neutral,47.9,60.7,59.9,64.6
2021-09-08,3675.19,5.797,0.6,5.188,61.73,0.14,5.78,1.521,3.03,69.63,21.48,68.45,4.23,-0.57,1.336,7.891,2.406,0.0,2,748,57.6,1.0,Neutral,48.6,60.4,60.1,66.2
2021-09-09,3693.13,5.728,0.58,5.185,58.24,0.0,5.09,1.55,2.67,67.61,21.27,69.99,4.66,-0.08,1.693,7.537,2.005,0.0,3,748,57.5,1.0,Neutral,48.6,59.9,60.0,65.9
2021-09-10,3703.11,5.813,0.6,5.192,54.84,0.55,3.16,1.606,3.39,74.11,20.91,70.85,4.85,0.0,2.182,8.244,0.802,0.0,4,748,58.5,1.0,Neutral,49.5,61.3,61.4,65.1
2021-09-13,3715.37,5.585,0.54,5.167,51.62,0.27,5.91,1.389,2.58,63.91,21.26,71.9,5.11,0.0,2.318,7.711,2.403,0.401,5,749,57.6,1.0,Neutral,48.9,59.1,59.8,63.4
2021-09-14,3662.6,5.964,0.65,5.172,44.39,0.96,4.39,1.392,-0.38,44.29,20.77,61.55,3.56,-1.42,1.989,7.586,1.202,0.801,6,749,55.7,1.0,Neutral,46.4,54.3,55.5,57.0
2021-09-15,3656.22,5.759,0.59,5.157,43.48,1.79,5.91,1.158,-0.52,42.08,21.1,60.42,3.34,-1.59,1.59,6.454,2.804,0.134,7,748,55.7,1.0,Neutral,46.6,54.4,55.6,54.8
2021-09-16,3607.09,5.936,0.64,5.17,39.49,2.61,2.34,1.324,-2.33,31.49,21.85,52.42,1.93,-2.91,0.472,6.705,1.736,0.935,8,749,53.9,1.0,Neutral,44.6,51.9,52.4,51.5
2021-09-17,3613.97,6.023,0.67,5.18,41.19,2.2,3.3,1.241,-2.41,31.21,20.08,53.35,2.12,-2.73,-0.688,6.112,1.736,0.267,9,749,53.8,1.0,Neutral,44.4,51.5,51.4,51.7
2021-09-22,3628.49,5.776,0.59,5.194,40.01,2.89,4.68,1.127,-2.34,31.89,21.88,55.34,2.52,-2.34,-0.925,5.666,2.674,0.267,10,747,53.3,1.0,Neutral,44.4,51.9,51.8,51.5
2021-09-23,3642.22,5.662,0.56,5.202,47.74,0.69,3.99,1.269,-0.56,42.45,21.0,57.2,2.88,-1.97,-0.736,6.211,1.874,0.937,11,747,54.8,1.0,Neutral,46.2,54.7,54.0,56.2
2021-09-24,3613.07,5.928,0.63,5.186,40.76,2.75,0.69,1.192,-1.18,38.43,19.86,52.23,2.04,-2.75,-1.502,5.603,0.801,2.937,1,749,53.1,1.0,Neutral,43.9,53.6,51.3,51.0
2021-09-27,3582.83,6.572,0.83,5.176,39.79,5.22,0.55,1.189,-0.67,41.35,20.22,47.62,1.19,-3.57,-1.628,5.976,0.533,6.8,2,749,52.5,1.0,Neutral,42.3,53.5,51.1,48.1
2021-09-28,3602.22,6.411,0.78,5.181,42.02,4.4,1.1,1.025,-0.33,42.3,20.76,50.63,1.7,-3.05,-0.776,4.33,2.0,0.4,3,750,52.8,1.0,Neutral,42.9,53.8,52.8,48.6
2021-09-29,3536.29,6.809,0.9,5.193,34.27,8.64,0.14,1.039,-2.54,31.05,21.49,41.82,-0.16,-4.82,-1.791,4.509,0.532,3.324,1,751,49.9,1.0,Neutral,39.4,50.5,48.4,42.2
2021-09-30,3568.17,6.587,0.83,5.053,38.23,0.96,1.23,0.902,-2.03,33.78,21.63,46.65,0.72,-3.96,-3.221,3.86,1.594,0.0,2,753,51.2,1.0,Neutral,40.2,52.4,50.2,43.8
2021-10-08,3592.17,6.318,0.75,5.017,49.47,0.14,1.1,0.926,-0.58,40.49,19.83,50.02,1.38,-3.32,-2.069,5.013,1.726,0.398,3,753,54.2,1.0,Neutral,43.4,54.8,52.8,49.8
2021-10-11,3591.71,6.385,0.77,4.972,54.76,0.0,0.96,0.894,0.25,44.03,19.45,49.95,1.33,-3.33,-1.153,4.383,1.594,1.062,3,753,54.6,1.0,Neutral,43.5,55.9,54.2,51.0
2021-10-12,3546.94,6.65,0.85,4.965,47.44,1.78,0.55,0.917,-1.53,36.05,19.3,43.96,0.06,-4.53,-1.195,4.155,1.195,0.0,4,753,53.8,1.0,Neutral,42.2,53.6,52.6,46.2
2021-10-13,3561.76,6.76,0.88,4.972,57.61,0.27,0.55,0.734,0.72,44.41,19.46,46.26,0.47,-4.13,-0.745,3.961,1.326,0.796,5,753,54.2,1.0,Neutral,42.5,55.5,54.3,47.6
2021-10-14,3558.28,6.824,0.9,4.972,50.42,0.14,0.82,0.668,-0.28,40.18,19.21,45.78,0.38,-4.23,0.539,3.898,2.387,0.265,6,754,54.5,1.0,Neutral,42.6,54.3,54.5,44.0
2021-10-15,3572.37,6.997,0.95,4.962,41.21,1.92,0.68,0.727,-0.55,39.54,18.86,48.11,0.75,-3.85,-0.404,4.149,0.664,0.93,7,753,53.8,1.0,Neutral,41.7,53.8,53.1,42.1
2021-10-18,3568.14,6.726,0.87,4.888,43.63,3.01,1.37,0.776,-0.66,39.38,19.8,47.45,0.63,-3.96,-0.175,4.537,1.589,0.662,8,753,54.9,1.0,Neutral,42.8,54.8,54.3,43.8
2021-10-19,3593.15,6.766,0.88,4.92,50.58,0.82,1.92,0.761,1.3,46.99,18.81,51.66,1.31,-3.29,0.247,4.352,1.192,0.132,9,755,56.0,1.0,Neutral,43.9,56.3,56.1,47.5
2021-10-20,3587.0,6.739,0.87,4.932,45.33,2.46,1.37,0.785,0.71,44.92,18.79,50.58,1.12,-3.46,0.706,4.714,1.192,0.132,10,755,56.2,1.0,Neutral,44.3,55.8,56.1,45.6
2021-10-21,3594.78,6.871,0.91,4.96,41.5,5.06,2.05,0.803,1.03,46.41,19.12,51.94,1.31,-3.25,0.61,4.435,0.927,0.132,11,755,55.6,1.0,Neutral,43.6,55.7,55.9,44.8
2021-10-22,3582.6,7.089,0.97,4.935,41.12,4.77,1.09,0.803,0.29,43.39,19.09,49.64,0.96,-3.57,0.557,4.315,0.927,0.132,1,755,54.3,1.0,Neutral,41.8,54.8,54.3,43.6
2021-10-25,3609.86,7.151,0.99,4.942,41.0,5.73,2.05,0.73,1.17,46.07,19.56,54.5,1.71,-2.84,0.526,4.711,1.325,0.0,2,754,54.6,1.0,Neutral,42.1,55.0,54.8,44.0
2021-10-26,3597.64,7.408,1.07,4.952,38.03,5.32,0.82,0.768,0.12,42.43,19.37,52.07,1.34,-3.17,0.507,4.883,0.926,0.397,3,755,54.0,1.0,Neutral,41.1,53.8,53.6,42.4
2021-10-27,3562.3,7.67,1.15,4.952,35.45,12.67,2.04,0.802,-0.69,39.38,19.15,45.74,0.3,-4.12,0.289,4.779,1.057,0.925,4,757,53.4,1.0,Neutral,40.2,52.7,52.6,39.5
2021-10-28,3518.42,8.022,1.25,4.962,34.02,14.13,0.82,0.868,-2.12,33.41,19.74,39.33,-1.0,-5.3,-0.247,4.614,0.66,1.319,5,758,51.8,1.0,Neutral,38.1,50.7,50.4,37.1
2021-10-29,3547.34,7.798,1.18,4.919,43.42,2.04,1.36,0.826,-0.98,38.26,19.5,44.82,-0.27,-4.52,-0.11,4.878,1.319,0.396,1,758,52.9,1.0,Neutral,39.3,52.6,51.9,41.9
2021-11-01,3544.48,7.75,1.17,4.949,45.79,2.45,2.04,0.882,-1.81,34.78,19.83,44.39,-0.41,-4.6,-0.25,5.29,3.026,0.395,2,758,52.9,1.0,Neutral,39.6,51.5,51.3,43.5
2021-11-02,3505.63,8.19,1.3,4.967,43.08,6.25,1.49,0.962,-2.56,31.21,20.81,38.95,-1.56,-5.65,-0.742,5.38,1.579,0.921,3,760,51.4,1.0,Neutral,37.5,49.9,49.5,40.9
2021-11-03,3498.54,7.991,1.24,4.954,51.76,1.09,0.54,0.705,-1.79,34.86,21.08,38.04,-1.77,-5.84,-0.984,4.087,0.923,0.132,2,758,51.2,1.0,Neutral,37.5,51.4,50.6,40.1
2021-11-04,3526.87,7.903,1.21,4.967,61.08,0.95,2.04,0.738,0.24,42.62,19.95,43.73,-1.01,-5.07,-0.194,4.853,1.976,0.132,3,759,53.3,1.0,Neutral,39.9,53.3,52.9,45.8
2021-11-05,3491.57,8.102,1.27,5.002,53.39,1.49,1.63,0.822,-1.57,35.78,19.46,38.93,-2.01,-6.02,-0.56,4.825,1.054,1.318,4,759,52.0,1.0,Neutral,38.4,51.1,50.6,42.4
2021-11-08,3498.63,8.102,1.27,4.991,50.74,1.63,1.76,0.691,-1.29,36.66,20.12,40.34,-1.83,-5.83,-0.501,4.449,0.659,0.132,1,759,51.5,1.0,Neutral,37.9,51.4,50.7,40.0
2021-11-09,3507.0,8.008,1.24,4.994,60.02,0.0,2.58,0.667,0.04,41.29,20.14,42.05,-1.61,-5.61,0.011,4.499,1.318,0.132,2,759,52.6,1.0,Neutral,39.1,52.7,52.4,43.5
2021-11-10,3492.46,8.049,1.25,4.979,58.84,0.54,1.63,0.714,-0.17,40.87,18.71,39.91,-2.02,-6.0,0.306,4.841,0.922,0.0,2,759,53.6,1.0,Neutral,40.0,52.8,52.7,42.9
2021-11-11,3532.79,7.647,1.13,4.956,58.68,0.0,1.63,0.751,0.17,42.45,19.53,47.83,-0.89,-4.91,0.112,5.012,1.318,0.0,2,759,54.0,1.0,Neutral,40.8,53.8,53.4,46.6
2021-11-12,3539.1,7.731,1.15,4.954,62.82,0.41,3.66,0.72,1.36,46.66,19.27,48.97,-0.72,-4.74,0.635,4.879,2.108,0.0,1,759,54.4,1.0,Neutral,41.1,54.7,54.5,47.7
2021-11-15,3533.3,7.616,1.12,4.966,65.01,0.14,1.62,0.732,0.99,45.42,19.48,47.94,-0.88,-4.9,0.432,4.929,1.054,1.054,2,759,54.1,1.0,Neutral,41.0,54.6,54.0,48.2
2021-11-16,3521.79,7.657,1.13,4.968,56.57,0.27,1.49,0.728,0.42,43.22,19.33,45.87,-1.21,-5.21,0.042,4.557,0.922,0.132,1,759,53.5,1.0,Neutral,40.4,54.0,53.2,44.9
2021-11-17,3537.37,7.41,1.05,4.963,59.16,0.27,1.89,0.651,1.29,45.45,19.21,49.07,-0.78,-4.79,0.157,4.426,2.105,0.0,2,760,54.4,1.0,Neutral,41.7,54.9,54.5,46.0
2021-11-18,3520.71,7.452,1.07,4.978,50.8,0.54,1.75,0.738,-0.34,40.4,19.11,45.94,-1.28,-5.24,0.168,4.774,1.053,0.263,2,760,53.9,1.0,Neutral,41.1,53.5,53.1,43.3
2021-11-19,3560.37,7.337,1.03,4.962,53.81,0.13,1.48,0.755,0.6,44.17,18.84,53.53,-0.2,-4.17,0.136,4.819,1.842,0.132,2,760,54.3,1.0,Neutral,41.6,54.2,53.7,47.3
2021-11-22,3582.08,7.381,1.04,5.005,51.38,0.13,2.96,0.785,1.38,47.63,18.5,57.08,0.35,-3.59,0.659,5.9,2.365,0.0,3,760,55.1,1.0,Neutral,42.7,54.3,54.5,48.1
2021-11-23,3589.09,7.358,1.04,5.005,56.39,0.13,2.29,0.858,1.91,50.94,18.35,58.19,0.47,-3.4,1.073,5.462,1.447,0.0,3,760,55.4,1.0,Neutral,43.0,55.1,55.4,51.2
2021-11-24,3592.7,7.292,1.01,5.033,51.68,0.0,1.35,0.804,1.56,48.64,17.91,58.78,0.52,-3.3,1.06,5.404,1.053,0.132,4,760,55.1,1.0,Neutral,43.0,54.3,54.7,49.1
2021-11-25,3584.18,7.309,1.02,5.038,54.74,0.27,1.21,0.733,1.8,48.51,18.36,56.74,0.25,-3.53,1.133,4.858,0.658,0.132,2,760,54.6,1.0,Neutral,42.4,54.5,54.7,48.4
2021-11-26,3564.09,7.505,1.08,5.073,47.13,0.54,1.88,0.724,0.1,41.98,18.44,52.14,-0.33,-4.07,1.026,4.691,0.92,0.0,2,760,53.7,1.0,Neutral,41.4,52.7,53.2,43.9
2021-11-29,3562.7,7.613,1.11,5.068,43.59,1.21,2.15,0.807,-0.54,40.01,18.73,51.83,-0.39,-4.11,0.542,5.015,1.575,0.0,2,762,53.4,1.0,Neutral,40.9,52.0,52.4,43.6
2021-11-30,3563.89,7.39,1.04,5.338,45.55,0.54,2.55,0.85,-0.7,39.56,18.52,52.1,-0.38,-4.08,0.53,5.151,1.704,0.131,3,762,52.1,1.0,Neutral,41.7,50.1,50.8,45.3
2021-12-01,3576.89,7.126,0.96,5.323,49.79,0.13,2.68,0.807,-0.44,40.43,18.26,55.01,-0.04,-3.73,0.481,4.731,3.534,0.0,4,763,52.6,1.0,Neutral,42.5,50.7,51.6,47.5
2021-12-02,3573.84,7.014,0.93,5.303,45.95,0.27,2.01,0.872,-0.29,41.48,17.71,54.18,-0.14,-3.81,0.216,4.688,2.225,0.0,5,764,53.2,1.0,Neutral,43.1,51.5,52.0,47.0
2021-12-03,3607.43,6.922,0.9,5.293,49.7,0.13,1.88,0.937,1.22,48.94,17.12,61.15,0.78,-2.91,0.311,4.779,1.44,0.131,6,764,53.9,1.0,Neutral,43.8,52.9,53.1,51.6
2021-12-06,3589.31,7.027,0.93,5.346,46.73,0.27,0.94,1.051,0.75,48.01,17.34,56.18,0.28,-3.39,0.12,5.222,1.44,0.262,7,764,53.7,1.0,Neutral,44.0,52.5,52.6,50.3
2021-12-07,3595.09,6.807,0.86,5.318,41.9,0.4,1.61,1.021,0.88,48.32,17.46,57.37,0.43,-3.24,-0.251,4.955,1.699,0.392,8,764,53.9,1.0,Neutral,44.2,53.1,53.0,48.9
2021-12-08,3637.57,6.827,0.87,5.308,42.1,0.13,1.6,0.921,1.7,50.95,18.66,64.91,1.61,-2.09,-0.273,4.807,1.438,0.261,9,765,53.0,1.0,Neutral,43.2,53.1,53.0,50.3
2021-12-09,3673.04,6.713,0.83,5.311,48.74,0.0,1.34,1.109,2.78,59.65,19.67,69.72,2.61,-1.14,-0.143,5.612,2.222,0.261,7,765,53.6,1.0,Neutral,44.0,55.0,54.6,56.9
2021-12-10,3666.35,6.713,0.83,5.321,48.07,0.0,2.4,1.084,1.63,53.08,18.8,67.83,2.42,-1.32,0.05,4.944,1.958,0.131,8,765,53.2,1.0,Neutral,43.6,53.3,53.5,55.9
2021-12-13,3681.08,6.69,0.82,5.308,53.75,0.13,1.2,1.102,2.56,58.33,19.26,69.77,2.84,-0.92,0.363,5.69,2.219,0.261,9,766,54.0,1.0,Neutral,44.4,54.7,54.9,58.8
2021-12-14,3661.53,6.64,0.81,5.316,57.1,0.0,2.14,0.949,1.85,52.09,18.62,64.23,2.31,-1.45,0.66,4.779,2.089,0.0,10,766,54.0,1.0,Neutral,44.5,53.7,54.4,56.4
2021-12-15,3647.63,6.441,0.75,5.313,51.83,0.27,2.4,1.001,0.28,45.13,18.03,60.55,1.96,-1.82,0.613,4.818,1.565,0.0,11,766,54.2,1.0,Neutral,45.0,52.7,53.5,54.4
2021-12-16,3675.02,6.352,0.72,5.306,53.47,0.0,1.73,1.019,0.05,44.17,18.01,64.83,2.72,-1.09,0.598,4.771,1.825,0.13,12,767,53.9,1.0,Neutral,44.8,52.2,53.1,56.9
2021-12-17,3632.36,6.219,0.68,5.312,48.63,0.53,2.27,1.101,-0.93,39.55,17.82,54.85,1.54,-2.23,0.122,4.652,1.958,0.131,13,766,54.3,1.0,Neutral,45.4,52.3,52.8,53.3
2021-12-20,3593.6,6.328,0.71,5.31,44.99,0.4,2.27,1.145,-2.38,31.63,18.59,47.66,0.46,-3.28,-0.287,4.65,2.344,0.651,14,767,53.1,1.0,Neutral,44.1,50.5,51.0,49.7
2021-12-21,3625.12,5.843,0.56,5.312,49.7,0.27,2.53,1.109,-0.99,39.21,17.85,53.05,1.33,-2.43,-0.516,3.981,2.995,0.0,15,768,54.6,1.0,Neutral,46.4,53.1,53.4,53.7
2021-12-22,3622.62,6.035,0.62,5.333,50.29,0.13,1.6,1.078,-0.69,40.74,17.66,52.59,1.27,-2.5,-0.55,4.314,1.562,0.391,5,767,53.8,1.0,Neutral,45.5,53.0,52.4,53.1
2021-12-23,3643.34,6.03,0.62,5.349,43.26,0.53,1.73,1.049,-0.86,39.69,15.2,56.01,1.85,-1.94,-0.515,4.545,1.429,1.169,5,768,54.4,1.0,Neutral,46.2,52.1,51.6,51.4
2021-12-24,3618.05,6.181,0.66,5.343,42.16,0.8,0.93,1.077,-0.39,42.27,16.02,51.16,1.14,-2.62,-0.643,4.881,0.911,1.432,6,768,54.6,1.0,Neutral,46.1,53.0,52.2,49.6
2021-12-27,3615.97,6.045,0.62,5.35,47.11,0.27,1.73,0.914,0.62,45.92,16.5,50.77,1.06,-2.68,-0.314,4.265,1.43,0.52,2,769,54.5,1.0,Neutral,46.3,54.1,53.3,49.3
2021-12-28,3630.11,6.219,0.67,5.363,43.63,0.0,1.6,0.885,0.14,43.46,16.44,53.37,1.45,-2.29,-0.045,4.114,1.948,0.13,3,769,54.0,1.0,Neutral,45.7,52.9,52.6,48.3
2021-12-29,3597.0,6.193,0.67,5.378,42.11,0.27,1.46,0.859,-0.71,39.58,18.13,47.1,0.49,-3.19,-0.122,3.964,1.688,0.26,16,770,53.3,1.0,Neutral,45.2,52.0,52.5,45.3
2021-12-30,3619.19,6.105,0.64,5.398,48.88,0.0,2.39,0.873,-0.66,39.84,17.32,51.23,1.09,-2.59,-0.15,4.254,2.461,0.259,5,771,53.3,1.0,Neutral,45.6,51.8,51.9,49.4
2021-12-31,3639.78,6.083,0.63,4.704,56.28,0.13,1.46,0.938,0.6,46.08,17.6,54.76,1.64,-2.03,-0.172,4.325,1.556,0.519,6,771,58.2,1.0,Neutral,45.9,58.7,57.5,54.1
2022-01-04,3632.33,5.799,0.55,4.694,59.58,0.27,3.99,1.157,0.45,47.52,18.11,53.26,1.41,-2.24,0.035,5.475,3.109,0.389,7,772,59.7,1.0,Neutral,47.9,59.8,58.8,57.5
2022-01-05,3595.18,5.798,0.54,4.675,52.02,0.4,1.59,1.21,-0.96,39.76,18.51,46.42,0.35,-3.24,-0.286,5.148,1.425,0.777,8,772,58.6,1.0,Neutral,46.6,58.2,57.1,53.1
2022-01-06,3586.08,5.687,0.51,4.659,56.69,0.27,3.72,1.06,-0.3,42.64,18.76,44.9,0.09,-3.48,-0.188,4.507,2.073,0.389,6,772,58.7,1.0,Neutral,46.8,59.3,58.0,53.0
2022-01-07,3579.54,5.817,0.55,4.661,47.97,0.66,2.26,1.242,-1.1,39.08,18.01,43.78,-0.1,-3.66,-1.083,4.569,1.166,0.907,3,772,57.8,1.0,Neutral,45.7,58.2,56.1,51.0
2022-01-10,3593.52,5.705,0.51,4.674,49.43,0.53,2.65,1.007,-1.27,37.48,18.11,46.81,0.28,-3.28,-0.437,4.133,2.72,0.389,3,772,57.8,1.0,Neutral,46.0,57.8,56.5,50.4
2022-01-11,3567.44,5.681,0.51,4.684,41.99,0.66,2.25,1.016,-1.79,34.91,18.05,42.24,-0.45,-3.98,-0.898,4.111,1.684,0.259,3,772,57.4,1.0,Neutral,45.7,57.3,55.6,46.3
2022-01-12,3597.43,5.636,0.49,4.684,51.94,0.13,2.12,0.968,0.06,43.8,17.45,48.47,0.38,-3.17,-0.614,4.277,1.943,0.13,4,772,59.0,1.0,Neutral,47.3,59.5,57.9,51.3
2022-01-13,3555.26,5.592,0.48,4.694,44.48,0.53,1.99,1.041,-0.86,39.67,18.87,41.66,-0.78,-4.31,-0.738,4.377,2.202,0.259,5,772,58.2,1.0,Neutral,46.6,58.7,57.2,47.3
2022-01-14,3521.26,6.021,0.61,4.686,46.84,0.79,1.85,1.061,-1.63,35.74,19.34,37.13,-1.69,-5.22,-0.104,4.361,1.425,0.648,4,772,57.0,1.0,Neutral,44.7,57.1,56.0,45.9
2022-01-17,3541.67,5.889,0.57,4.693,48.23,0.13,3.44,0.88,-1.44,36.42,18.67,41.26,-1.11,-4.68,0.047,4.675,1.427,0.259,3,771,57.7,1.0,Neutral,45.7,57.3,56.3,45.8
2022-01-18,3569.91,5.975,0.59,4.738,46.92,0.66,1.59,1.063,0.07,44.6,17.92,46.5,-0.3,-3.92,-0.093,4.674,1.038,1.686,2,771,57.9,1.0,Neutral,46.1,58.8,57.0,49.4
2022-01-19,3558.18,5.693,0.51,4.748,42.03,1.19,2.51,0.937,-1.09,38.15,18.15,44.72,-0.61,-4.23,-0.412,4.052,1.556,0.389,2,771,57.3,1.0,Neutral,45.9,57.6,56.1,45.8
2022-01-20,3555.06,5.951,0.58,4.752,40.09,2.64,1.85,1.067,-0.01,44.24,18.05,44.23,-0.69,-4.31,-0.984,4.267,1.036,0.907,2,772,57.4,1.0,Neutral,45.7,58.8,56.5,46.2
2022-01-21,3522.57,6.08,0.62,4.769,39.73,3.04,1.19,0.917,0.04,43.27,18.34,39.43,-1.6,-5.19,-1.436,3.664,1.684,1.684,2,772,56.3,1.0,Neutral,44.5,58.4,55.8,42.2
2022-01-24,3524.11,6.099,0.63,4.804,33.7,2.5,0.66,0.789,-0.5,40.1,19.22,39.76,-1.55,-5.15,-1.838,3.288,1.166,1.036,2,772,54.8,1.0,Neutral,43.1,57.2,54.7,38.4
2022-01-25,3433.06,6.831,0.85,4.782,28.54,8.56,0.4,0.925,-3.83,25.43,21.42,29.43,-4.04,-7.6,-2.184,3.566,0.518,3.109,1,772,51.4,1.0,Neutral,38.5,52.7,50.0,33.0
2022-01-26,3455.67,6.719,0.81,4.765,32.12,3.03,0.4,0.779,-2.88,30.51,20.51,34.01,-3.39,-6.99,-2.428,2.772,1.294,1.294,2,772,52.3,1.0,Neutral,39.4,54.2,51.8,33.9
2022-01-27,3394.25,7.189,0.96,4.745,29.97,11.59,0.13,0.8,-4.52,23.7,21.11,28.58,-5.06,-8.64,-2.373,2.974,0.517,1.809,1,773,50.8,1.0,Neutral,37.0,52.0,49.6,30.2
2022-01-28,3361.44,6.973,0.89,5.336,37.79,2.9,0.26,0.83,-4.57,23.13,25.19,26.18,-5.9,-9.53,-3.355,2.665,1.55,0.258,2,774,46.3,1.0,Neutral,36.6,48.1,46.4,32.6
2022-02-07,3429.58,6.628,0.79,5.313,44.95,1.05,0.66,0.916,-2.68,30.79,19.67,37.87,-3.97,-7.69,-2.999,3.294,3.484,0.645,2,775,50.2,1.0,Neutral,40.8,50.6,48.8,41.2
2022-02-08,3452.63,6.087,0.62,5.316,60.0,0.66,1.45,1.048,0.57,47.07,18.72,41.26,-3.3,-7.07,-2.545,3.497,2.194,0.258,3,775,53.5,1.0,Neutral,44.9,55.8,53.4,50.2
2022-02-09,3479.95,5.955,0.58,5.306,61.96,0.13,1.18,1.0,0.7,47.22,17.99,45.08,-2.52,-6.34,-1.955,3.853,2.323,0.129,3,775,54.6,1.0,Neutral,46.1,56.0,54.0,51.9
2022-02-10,3485.91,5.89,0.56,5.306,68.38,0.92,1.71,1.012,2.7,57.35,17.52,45.91,-2.35,-6.18,-1.47,3.68,0.903,0.129,4,775,55.9,1.0,Neutral,47.5,58.8,56.5,54.0
2022-02-11,3462.95,6.084,0.62,5.249,57.11,2.63,1.05,1.026,3.02,59.24,17.19,43.21,-2.97,-6.79,-0.142,3.795,1.161,0.774,3,775,56.8,1.0,Neutral,47.8,59.5,57.8,49.7
2022-02-14,3428.88,6.212,0.66,5.237,50.9,2.37,0.92,0.893,-0.02,42.83,18.05,39.5,-3.87,-7.71,-0.174,3.534,2.196,0.517,3,774,54.5,1.0,Neutral,45.2,55.2,54.4,44.2
2022-02-15,3446.09,6.144,0.63,5.242,45.34,0.92,0.79,0.781,-0.19,41.28,17.99,42.2,-3.35,-7.25,-0.047,3.236,1.55,0.517,4,774,54.1,1.0,Neutral,44.9,54.7,54.1,41.6
2022-02-16,3465.83,6.036,0.6,5.249,45.56,0.13,1.98,0.78,-0.41,40.41,17.08,45.22,-2.77,-6.72,-0.114,3.215,2.067,0.0,5,773,54.7,1.0,Neutral,45.8,54.5,54.2,42.9
2022-02-17,3468.03,6.119,0.63,5.259,45.29,0.4,0.53,0.845,-0.51,40.34,17.03,45.56,-2.68,-6.66,-0.032,3.75,1.292,0.388,4,774,54.7,1.0,Neutral,45.7,54.2,53.7,43.8
2022-02-18,3490.76,5.903,0.56,5.241,55.3,0.92,1.98,0.838,0.8,45.9,16.67,49.09,-2.03,-6.05,0.119,3.267,2.194,0.129,5,775,55.5,1.0,Neutral,46.7,55.8,55.4,48.7
2022-02-21,3490.61,5.814,0.53,5.209,60.55,0.53,3.43,0.857,1.8,50.43,16.62,49.07,-2.0,-6.05,0.361,4.02,3.618,0.0,6,774,57.5,1.0,Neutral,48.6,57.4,57.2,50.9
2022-02-22,3457.15,6.093,0.62,5.219,54.69,2.11,2.11,0.928,0.32,44.68,17.75,44.18,-2.88,-6.95,0.491,4.286,1.682,0.0,5,773,56.2,1.0,Neutral,47.0,55.8,55.7,47.8
2022-02-23,3489.15,6.028,0.6,5.249,54.14,0.0,1.58,0.926,0.67,46.29,16.77,49.38,-1.94,-6.09,0.798,4.741,2.458,0.129,5,773,56.8,1.0,Neutral,47.8,55.6,55.8,49.5
2022-02-24,3429.96,6.437,0.72,5.251,49.67,3.43,0.66,1.392,-1.1,39.52,18.8,41.65,-3.53,-7.68,0.482,5.862,0.646,1.68,6,774,54.9,1.0,Neutral,45.3,53.7,53.5,49.0
2022-02-25,3451.41,6.434,0.72,5.264,51.65,0.92,1.05,1.068,-1.13,38.37,17.81,45.01,-2.86,-7.1,0.596,4.32,1.811,0.388,7,773,54.7,1.0,Neutral,45.2,53.1,53.6,48.3
2022-02-28,3462.31,6.327,0.69,5.18,45.71,2.24,0.92,0.975,-0.81,39.63,18.15,46.69,-2.51,-6.81,0.264,3.972,1.421,0.388,5,773,54.6,1.0,Neutral,44.8,54.1,53.9,45.8
2022-03-01,3488.84,6.241,0.66,5.153,54.71,1.05,1.45,0.917,0.92,47.31,16.93,50.64,-1.73,-6.1,0.183,4.2,1.29,0.129,6,775,56.3,1.0,Neutral,46.4,56.0,55.6,49.7
2022-03-02,3484.19,6.025,0.59,5.138,50.83,1.45,1.45,0.927,-0.14,42.52,16.88,49.94,-1.82,-6.22,-0.097,3.817,1.677,0.0,7,775,56.0,1.0,Neutral,46.3,55.3,55.0,48.6
2022-03-03,3481.11,5.789,0.52,5.125,56.4,2.1,1.97,1.162,1.49,53.45,17.46,49.45,-1.86,-6.31,0.121,4.301,1.677,0.258,8,775,57.8,1.0,Neutral,48.5,58.8,58.0,53.3
2022-03-04,3447.65,6.023,0.59,5.143,46.29,3.67,0.79,1.104,-0.11,43.98,17.37,44.39,-2.75,-7.21,-0.087,4.028,0.902,0.129,9,776,56.5,1.0,Neutral,46.9,56.3,55.7,47.3
2022-03-07,3372.86,6.0,0.58,5.143,41.54,8.41,1.58,1.103,-2.58,30.62,21.12,35.62,-4.75,-9.22,0.015,4.286,1.548,0.258,4,775,53.8,1.0,Neutral,44.3,53.2,52.9,41.9
2022-03-08,3293.53,6.536,0.75,5.128,30.43,15.11,0.79,1.164,-5.6,16.74,22.71,29.06,-6.86,-11.35,-0.199,4.649,0.388,1.294,1,773,50.7,1.0,Neutral,40.3,49.0,48.6,34.7
2022-03-09,3256.39,6.965,0.88,5.113,24.12,18.53,1.58,1.305,-6.54,14.8,24.85,26.59,-7.77,-12.35,-0.798,4.578,0.906,0.517,2,773,49.6,1.0,Neutral,38.4,48.0,47.8,32.2
2022-03-10,3296.09,6.833,0.83,5.105,30.92,3.94,1.97,1.056,-5.31,18.23,21.5,33.13,-6.49,-11.29,-0.855,4.29,3.359,0.517,10,774,51.7,1.0,Neutral,40.7,49.0,49.4,34.7
2022-03-11,3309.75,6.701,0.79,5.165,39.02,1.31,1.18,1.071,-4.0,23.28,22.67,35.27,-5.94,-10.92,-0.906,4.261,1.68,0.388,11,774,51.5,1.0,Neutral,41.0,50.0,50.1,38.7
2022-03-14,3223.53,7.083,0.91,5.188,36.85,12.17,0.92,0.945,-4.43,22.46,26.35,28.97,-8.2,-13.24,-1.017,3.962,1.031,1.16,12,775,49.5,1.0,Neutral,38.6,49.4,49.3,32.8
2022-03-15,3063.97,8.519,1.35,5.138,35.79,29.58,0.26,1.305,-6.97,14.81,29.42,21.37,-12.49,-17.53,-1.66,4.399,0.515,5.412,13,776,46.4,1.0,Neutral,33.0,46.0,45.6,30.0
2022-03-16,3170.71,7.722,1.1,5.16,49.02,1.31,1.18,1.245,-2.63,29.86,25.49,33.87,-9.23,-14.66,-1.453,4.975,3.351,0.258,14,776,51.1,1.0,Neutral,39.0,50.6,50.6,40.0
2022-03-17,3215.05,7.417,1.01,5.168,49.6,0.26,1.44,1.174,-2.46,31.09,23.18,38.26,-7.77,-13.47,-1.585,5.384,2.706,0.0,15,776,52.1,1.0,Neutral,40.6,50.9,50.8,42.2
2022-03-18,3251.07,6.86,0.84,5.163,52.19,0.26,0.92,1.039,-1.77,34.98,22.89,41.65,-6.55,-12.5,-1.651,4.07,2.71,0.129,4,775,51.6,1.0,Neutral,40.9,52.5,51.5,44.1
2022-03-21,3253.69,6.874,0.84,5.143,64.22,0.26,1.83,0.987,0.94,48.22,22.35,41.9,-6.3,-12.43,-1.443,4.447,2.964,0.0,5,776,53.9,1.0,Neutral,43.0,56.1,54.8,47.4
2022-03-22,3259.86,6.699,0.79,5.125,71.12,0.78,1.69,1.009,6.39,68.75,21.09,42.53,-5.97,-12.26,-0.666,3.933,2.185,0.514,5,777,56.5,1.0,Neutral,45.7,62.0,59.9,49.9
2022-03-23,3271.03,6.719,0.79,5.125,62.61,0.39,1.56,0.98,3.16,58.98,19.55,43.7,-5.49,-11.96,-0.394,4.006,1.414,0.386,4,778,55.8,1.0,Neutral,45.1,59.2,57.6,48.0
2022-03-24,3250.26,6.866,0.84,5.15,51.11,1.95,1.56,0.924,1.1,48.22,19.08,41.98,-5.92,-12.52,-0.16,3.864,1.671,0.129,5,778,54.8,1.0,Neutral,43.9,56.1,55.4,42.6
2022-03-25,3212.24,6.843,0.83,5.158,43.2,2.85,1.56,0.958,-1.19,37.73,21.14,38.95,-6.83,-13.54,0.029,3.77,1.926,0.642,16,779,53.5,1.0,Neutral,42.8,53.6,53.9,38.9
2022-03-28,3214.5,6.818,0.82,5.165,35.99,5.06,1.04,0.974,-1.2,37.72,22.92,39.23,-6.58,-13.48,-0.347,3.414,2.314,0.514,17,778,52.4,1.0,Neutral,41.8,53.6,53.7,36.8
2022-03-29,3203.94,6.987,0.87,5.17,32.43,8.3,0.91,0.895,-1.72,35.21,23.26,38.34,-6.7,-13.77,-0.495,3.433,1.542,0.643,18,778,51.8,1.0,Neutral,40.9,52.7,52.8,34.0
2022-03-30,3266.6,6.687,0.78,5.185,39.35,0.52,1.43,1.038,-0.14,43.35,21.33,46.13,-4.71,-12.08,-0.334,4.288,1.414,0.0,19,778,54.0,1.0,Neutral,43.7,54.4,54.5,41.7
2022-03-31,3252.2,6.429,0.7,5.745,44.28,1.94,1.94,1.125,0.06,45.05,21.13,44.73,-4.97,-12.47,-0.666,4.156,1.412,0.257,5,778,48.8,1.0,Neutral,43.9,49.4,49.4,44.3
2022-04-01,3282.72,6.342,0.67,5.758,45.32,2.98,1.17,1.063,2.19,55.7,20.68,48.31,-3.92,-11.64,-1.082,3.753,1.157,0.129,6,778,49.4,1.0,Neutral,44.7,51.9,51.3,45.6
2022-04-06,3283.43,5.784,0.5,5.772,52.35,2.47,3.25,1.204,2.14,57.84,20.29,48.39,-3.73,-11.63,-0.607,4.312,2.706,0.129,7,776,51.5,1.0,Neutral,47.7,53.4,53.1,50.2
2022-04-07,3236.7,6.295,0.66,5.793,50.27,8.84,0.91,1.123,1.02,50.31,21.15,43.41,-4.92,-12.88,-0.721,3.738,0.644,0.515,2,776,48.6,1.0,Neutral,44.2,50.9,50.2,46.3
2022-04-08,3251.85,6.081,0.59,5.78,40.55,12.89,1.56,1.154,-0.45,42.42,20.54,45.37,-4.31,-12.48,-1.253,3.793,1.418,0.258,3,776,48.3,1.0,Neutral,44.1,49.1,48.5,44.1
2022-04-11,3167.13,6.482,0.71,5.764,33.77,21.51,1.43,1.184,-2.62,30.16,23.29,37.53,-6.61,-14.76,-1.379,3.847,1.677,1.161,4,775,46.2,1.0,Neutral,41.3,46.0,45.9,38.1
2022-04-12,3213.33,6.159,0.62,5.762,41.23,3.65,1.43,1.165,-2.11,33.07,22.09,43.29,-5.08,-13.51,-0.857,3.734,3.097,0.129,2,775,47.2,1.0,Neutral,42.8,46.8,47.1,43.3
2022-04-13,3186.82,6.436,0.7,5.769,31.13,15.62,1.43,1.09,-2.94,28.75,21.99,40.96,-5.67,-14.23,-1.577,3.456,1.802,1.158,3,776,45.7,1.0,Neutral,40.9,45.4,45.1,38.0
2022-04-14,3225.64,6.265,0.65,5.767,42.95,3.9,1.56,1.033,-0.34,42.27,21.0,45.58,-4.36,-13.18,-1.411,3.925,2.828,0.129,4,778,48.3,1.0,Neutral,43.8,48.8,48.5,43.4
2022-04-15,3211.24,6.606,0.75,5.775,40.5,17.06,0.91,1.134,-1.25,37.89,21.08,44.2,-4.61,-13.57,-1.605,3.858,1.542,1.542,5,777,46.8,1.0,Neutral,41.8,47.0,46.6,42.6
2022-04-18,3195.52,6.769,0.8,5.722,50.31,5.34,1.04,0.963,0.9,47.75,21.75,42.68,-4.91,-13.99,-1.146,3.392,1.799,1.285,3,778,47.5,1.0,Neutral,41.9,49.9,49.2,43.4
2022-04-19,3194.03,6.488,0.71,5.712,45.5,4.94,1.3,0.943,-0.6,40.48,21.68,42.53,-4.8,-14.03,-1.06,3.168,1.667,0.513,4,779,47.2,1.0,Neutral,42.0,48.6,48.3,41.8
2022-04-20,3151.05,6.994,0.87,5.699,47.71,9.87,1.17,1.006,-1.12,38.21,23.08,38.35,-5.89,-15.19,-0.757,3.356,2.433,0.768,5,781,46.5,1.0,Neutral,40.5,47.5,47.8,40.9
2022-04-21,3079.81,7.795,1.11,5.707,34.8,28.83,0.52,1.087,-4.52,20.36,25.01,32.64,-7.8,-17.11,-1.328,3.167,1.024,3.329,5,781,42.1,1.0,Neutral,35.0,41.7,42.0,33.5
2022-04-22,3086.92,7.709,1.08,5.692,37.23,25.71,0.26,0.948,-3.87,25.05,23.98,33.7,-7.37,-16.91,-1.584,2.551,1.023,3.197,4,781,42.4,1.0,Neutral,35.2,43.2,43.0,33.2
2022-04-25,2928.51,9.745,1.7,5.716,25.76,50.45,0.13,1.201,-8.36,16.23,31.18,24.45,-11.84,-21.18,-3.087,3.402,0.382,18.599,5,785,37.1,1.0,Neutral,27.1,37.9,37.4,24.6
2022-04-26,2886.43,10.807,2.02,5.706,17.91,52.59,0.0,1.11,-9.63,17.49,27.93,22.67,-12.83,-22.31,-4.843,2.998,1.02,7.143,1,784,36.0,1.0,Neutral,24.7,37.0,35.5,20.2
2022-04-27,2958.28,10.059,1.79,5.691,28.7,7.12,0.13,1.165,-6.12,16.73,25.56,31.8,-10.41,-20.38,-5.564,3.634,3.827,1.148,2,784,38.6,1.0,Neutral,28.0,37.4,36.6,27.3
2022-04-28,2975.49,10.479,1.92,5.684,32.17,25.87,0.65,1.027,-3.39,26.8,22.84,33.82,-9.68,-19.91,-5.568,3.333,1.531,1.148,3,784,39.5,1.0,Neutral,28.4,39.5,38.1,27.6
2022-04-29,3047.06,8.931,1.45,6.082,44.54,0.91,0.91,1.157,-1.29,37.71,22.08,41.55,-7.31,-17.99,-5.486,4.178,4.47,0.128,4,783,41.4,1.0,Neutral,34.6,41.1,40.2,38.7
2022-05-05,3067.76,8.484,1.31,6.092,59.19,0.65,1.3,1.039,4.75,68.38,23.39,43.6,-6.53,-17.43,-3.594,4.312,3.329,0.768,5,781,45.1,1.0,Neutral,39.0,49.8,48.1,44.0
2022-05-06,3001.56,9.268,1.55,6.093,60.93,4.01,0.65,0.926,3.99,61.65,24.91,38.9,-8.38,-19.21,-1.821,3.562,1.403,0.383,6,784,42.9,1.0,Neutral,35.7,47.1,46.8,39.8
2022-05-09,3004.14,8.505,1.31,6.105,59.92,1.42,1.16,0.786,1.55,48.33,25.28,39.17,-8.1,-19.14,-0.904,2.988,3.448,0.255,7,783,42.5,1.0,Neutral,36.4,44.8,45.8,38.7
2022-05-10,3035.84,8.25,1.23,6.112,71.2,0.26,1.29,0.999,2.03,53.78,25.13,42.6,-6.93,-18.29,-0.146,3.637,3.316,0.255,8,784,44.0,1.0,Neutral,38.4,46.3,47.5,46.4
2022-05-11,3058.7,8.438,1.29,6.097,61.2,0.9,1.03,1.143,0.38,46.99,24.06,45.0,-6.03,-17.67,0.895,5.278,2.168,0.638,9,784,44.6,1.0,Neutral,38.6,44.0,46.3,46.3
2022-05-12,3054.99,8.268,1.24,6.115,59.88,0.78,1.29,0.925,-0.42,41.24,24.54,44.68,-5.94,-17.77,0.426,3.533,1.916,0.511,10,783,42.5,1.0,Neutral,36.9,42.6,44.8,43.5
2022-05-13,3084.28,7.971,1.15,6.107,66.42,0.39,1.16,0.892,2.76,55.26,23.81,47.9,-4.85,-16.99,0.343,3.417,2.296,0.765,11,784,44.4,1.0,Neutral,39.1,46.6,48.1,46.6
2022-05-16,3073.75,7.948,1.14,6.099,59.97,0.52,0.9,0.91,2.32,53.62,24.1,46.84,-5.0,-17.27,0.313,3.566,1.148,0.638,7,784,44.1,1.0,Neutral,38.8,46.3,47.5,44.8
2022-05-17,3093.7,8.18,1.21,6.103,52.31,0.65,0.13,0.888,1.91,51.39,22.96,49.13,-4.21,-16.73,0.183,3.679,1.658,0.893,2,784,43.3,1.0,Neutral,37.8,45.0,46.0,42.6
2022-05-18,3085.98,8.074,1.18,6.141,54.94,0.65,0.65,0.845,0.89,46.36,22.25,48.26,-4.26,-16.94,-0.012,3.604,1.658,0.383,2,784,43.0,1.0,Neutral,37.8,43.8,44.9,42.7
2022-05-19,3096.97,7.92,1.13,6.143,52.35,0.91,0.65,0.901,1.37,49.19,22.2,49.62,-3.74,-16.64,0.058,3.728,1.279,0.256,3,782,43.6,1.0,Neutral,38.7,44.6,45.7,43.5
2022-05-20,3146.57,7.518,1.0,6.131,56.25,0.13,0.52,0.995,2.02,53.67,22.06,55.33,-2.02,-15.31,-0.001,4.514,2.296,0.255,4,784,45.2,1.0,Neutral,40.8,46.0,47.1,48.9
2022-05-23,3146.86,7.347,0.95,6.153,61.97,0.26,0.65,0.941,2.38,54.46,21.46,55.36,-1.84,-15.3,0.282,4.444,3.316,0.765,2,784,45.5,1.0,Neutral,41.5,46.4,47.4,50.4
2022-05-24,3070.93,8.303,1.24,6.156,54.83,1.94,0.39,1.106,-0.74,40.6,21.53,46.1,-4.01,-17.35,0.155,4.607,0.893,2.806,2,784,42.8,1.0,Neutral,37.4,42.0,43.0,45.3
2022-05-25,3107.46,7.707,1.06,6.163,60.18,0.52,0.65,0.906,0.7,46.18,21.29,50.4,-2.68,-16.36,0.164,3.425,2.296,0.255,3,784,43.6,1.0,Neutral,39.1,43.9,45.4,47.2
2022-05-26,3123.11,7.494,0.99,6.211,60.26,0.77,0.52,0.979,0.84,47.69,20.91,52.16,-2.03,-15.94,0.136,3.881,1.783,0.764,2,784,44.0,1.0,Neutral,40.1,44.2,45.3,49.2
2022-05-27,3130.24,7.472,0.99,6.223,52.67,1.68,1.16,0.956,-0.52,40.93,20.32,52.98,-1.64,-15.75,0.005,3.655,2.038,0.764,3,785,43.1,1.0,Neutral,39.3,42.1,43.6,46.8
2022-05-30,3149.06,7.43,0.97,6.198,50.2,1.42,1.16,0.93,0.07,43.53,20.64,55.16,-0.89,-15.24,-0.309,3.713,2.548,0.764,4,785,43.5,1.0,Neutral,39.6,43.0,44.3,46.6
2022-05-31,3186.43,7.324,0.94,6.091,63.35,0.9,0.77,0.996,3.76,62.28,21.1,59.21,0.45,-14.24,-0.185,4.408,2.038,1.019,2,785,46.4,1.0,Neutral,42.1,48.8,48.9,53.6
2022-06-01,3182.16,7.197,0.9,6.079,58.15,0.77,0.77,0.971,2.4,55.12,20.82,58.56,0.47,-14.35,-0.312,4.199,2.42,0.382,3,785,46.0,1.0,Neutral,41.8,47.2,47.7,51.7
2022-06-02,3195.46,7.19,0.9,6.074,58.78,1.42,0.64,0.959,2.32,54.48,20.71,60.03,1.05,-13.99,-0.552,4.264,1.274,1.146,4,785,45.8,1.0,Neutral,41.5,47.1,47.3,52.4
2022-06-06,3236.37,7.19,0.9,6.056,67.18,0.52,1.03,1.121,3.39,63.25,21.28,64.25,2.45,-12.89,0.423,6.049,1.272,0.636,5,785,48.1,1.0,Neutral,43.7,49.4,50.1,58.5
2022-06-07,3241.76,7.057,0.86,6.076,61.27,0.39,0.77,1.067,2.94,59.7,21.63,64.77,2.7,-12.75,0.578,5.202,1.145,0.509,6,786,47.4,1.0,Neutral,43.4,48.5,49.6,56.9
2022-06-08,3263.79,7.057,0.86,6.068,53.33,0.9,1.16,1.151,2.43,58.54,21.97,66.92,3.41,-12.15,0.802,5.778,1.398,0.254,7,786,47.6,1.0,Neutral,43.5,48.2,49.6,55.9
2022-06-09,3238.95,7.078,0.86,6.076,44.67,2.19,0.9,1.12,1.78,54.45,21.37,62.31,2.63,-12.82,0.957,4.982,1.145,0.509,8,786,47.1,1.0,Neutral,43.0,47.1,48.8,51.1
2022-06-10,3284.83,6.909,0.81,6.081,49.31,0.77,1.8,1.168,2.8,60.93,21.04,66.85,4.09,-11.59,1.131,5.097,1.906,0.254,9,787,48.4,1.0,Neutral,44.5,49.0,50.7,55.3
2022-06-13,3255.55,7.076,0.86,6.069,43.16,1.29,1.29,1.161,0.59,48.36,21.47,61.74,3.19,-12.38,1.147,5.787,2.29,0.636,10,786,47.0,1.0,Neutral,42.9,45.5,47.9,51.0
2022-06-14,3288.91,7.016,0.84,6.064,44.95,1.68,1.55,1.19,1.45,53.62,21.58,65.02,4.21,-11.48,1.179,5.79,1.527,0.127,11,785,47.7,1.0,Neutral,43.6,46.9,49.1,53.4
2022-06-15,3305.41,6.847,0.79,6.051,47.15,0.77,0.64,1.447,1.28,56.01,22.75,66.55,4.6,-11.03,1.324,7.473,1.525,0.762,4,787,48.0,1.0,Neutral,44.1,47.9,49.5,56.9
2022-06-16,3285.39,7.013,0.84,6.061,56.12,0.64,0.39,1.134,1.43,52.73,21.65,62.95,3.91,-11.57,1.436,5.781,1.779,1.017,4,787,47.1,1.0,Neutral,43.0,46.7,48.6,56.2
2022-06-17,3316.79,7.143,0.88,6.059,49.25,0.52,1.16,1.036,0.97,48.99,22.35,66.05,4.84,-10.73,1.368,5.594,1.399,0.127,5,786,46.3,1.0,Neutral,42.0,45.4,47.7,53.9
2022-06-20,3315.43,7.016,0.84,6.049,52.59,0.0,1.16,1.084,1.84,54.18,22.24,65.79,4.77,-10.76,1.133,6.032,2.033,0.508,6,787,47.3,1.0,Neutral,43.1,47.1,48.9,55.7
2022-06-21,3306.72,6.846,0.79,6.049,51.25,0.39,0.77,1.033,0.54,46.76,21.72,64.08,4.46,-11.0,0.71,5.264,1.906,1.271,7,787,46.4,1.0,Neutral,42.5,45.5,47.2,54.3
2022-06-22,3267.2,7.19,0.89,6.057,46.91,1.55,0.26,0.982,-1.16,37.98,20.58,56.83,3.21,-12.06,0.652,4.973,2.411,0.0,8,786,45.7,1.0,Neutral,41.3,42.7,45.2,49.2
2022-06-23,3320.15,7.064,0.85,6.054,51.06,0.51,1.16,1.046,1.06,49.56,20.28,62.89,4.86,-10.64,0.608,5.537,2.155,0.253,9,789,47.2,1.0,Neutral,43.0,45.7,47.6,54.0
2022-06-24,3349.75,7.022,0.84,6.036,53.54,0.39,0.77,1.019,0.99,48.89,20.03,65.78,5.73,-9.84,0.671,5.857,2.919,0.127,10,788,47.6,1.0,Neutral,43.3,45.5,47.7,55.8
2022-06-27,3379.18,6.901,0.8,6.001,51.78,0.52,1.68,1.076,1.92,54.5,22.0,68.41,6.57,-9.05,0.874,6.802,1.777,0.127,5,788,47.8,1.0,Neutral,43.5,47.3,49.0,57.2
2022-06-28,3409.21,6.606,0.71,5.993,59.89,0.13,1.55,1.068,3.1,60.52,21.82,70.87,7.41,-8.24,1.604,6.77,2.411,0.127,6,788,49.3,1.0,Neutral,45.4,49.4,51.4,61.2
2022-06-29,3361.52,6.881,0.79,6.005,58.76,0.51,0.9,1.138,2.89,60.84,21.99,62.53,5.82,-9.52,1.359,6.719,1.141,1.014,7,789,48.6,1.0,Neutral,44.4,49.1,50.7,58.3
2022-06-30,3398.62,6.821,0.77,5.303,54.11,0.51,1.29,0.98,2.36,55.08,23.33,65.9,6.91,-8.53,1.461,6.395,1.772,0.759,6,788,53.1,1.0,Neutral,43.3,54.5,55.3,56.5
2022-07-01,3387.64,6.799,0.77,5.298,49.48,0.51,0.9,0.9,1.13,48.08,22.87,64.06,6.49,-8.82,1.369,5.559,1.138,1.011,1,791,51.7,1.0,Neutral,41.8,52.8,53.1,53.3
2022-07-04,3405.43,6.737,0.75,5.279,48.47,0.39,1.67,0.921,0.78,46.71,23.11,65.73,6.98,-8.34,1.288,5.957,1.266,0.759,2,790,52.0,1.0,Neutral,42.1,52.6,53.2,53.9
2022-07-05,3404.03,6.819,0.77,5.29,38.8,1.28,1.41,1.06,-0.15,43.43,23.03,65.47,6.87,-8.38,0.934,6.151,1.01,0.758,3,791,51.4,1.0,Neutral,41.5,51.5,52.0,52.0
2022-07-06,3355.35,7.028,0.83,5.288,40.55,1.54,1.15,0.991,-0.18,42.78,22.76,57.12,5.28,-9.69,1.192,5.479,0.757,0.504,4,793,51.4,1.0,Neutral,41.1,51.3,52.2,48.6
2022-07-07,3364.4,6.878,0.79,5.288,39.19,0.77,1.28,0.863,-1.01,38.29,22.29,58.19,5.5,-9.45,1.188,5.317,1.385,0.252,2,793,51.2,1.0,Neutral,41.1,50.4,51.4,47.0
2022-07-08,3356.08,6.771,0.76,5.285,41.98,0.38,0.51,0.836,-0.93,38.52,21.59,56.78,5.13,-9.67,1.077,4.898,1.259,0.756,3,794,51.3,1.0,Neutral,41.4,50.7,51.5,47.2
2022-07-11,3313.58,6.748,0.75,5.297,37.6,1.41,0.9,0.891,-2.7,30.82,21.97,50.15,3.75,-10.81,0.602,4.758,1.135,0.504,4,793,50.4,1.0,Neutral,40.6,48.9,49.7,44.1
2022-07-12,3281.47,6.768,0.75,5.312,36.96,3.08,0.64,0.873,-3.6,26.91,21.35,45.79,2.69,-11.68,0.235,4.365,1.009,0.252,2,793,49.6,1.0,Neutral,39.9,47.9,48.4,41.9
2022-07-13,3284.29,6.685,0.73,5.317,45.56,1.66,1.28,0.868,-2.12,33.44,21.02,46.23,2.75,-11.6,0.096,4.363,1.513,0.126,3,793,50.7,1.0,Neutral,41.2,49.7,50.1,45.2
2022-07-14,3281.74,6.85,0.78,5.333,46.03,1.28,1.28,0.932,-2.46,31.78,20.67,45.87,2.63,-11.67,-0.083,4.801,1.259,0.252,2,794,50.3,1.0,Neutral,40.7,48.8,49.0,45.8
2022-07-15,3228.06,7.4,0.94,5.338,39.38,4.47,1.28,0.998,-3.81,24.89,21.18,38.92,0.93,-13.12,-0.145,4.879,0.63,1.763,2,794,48.4,1.0,Neutral,38.0,46.3,46.5,40.8
2022-07-18,3278.1,6.956,0.81,5.34,50.3,0.26,1.66,0.913,-1.07,38.17,21.2,46.98,2.45,-11.77,0.122,4.694,2.771,0.0,3,794,51.0,1.0,Neutral,41.3,50.2,50.7,47.1
2022-07-19,3279.43,6.809,0.76,5.338,59.46,0.13,1.79,0.827,-0.06,42.14,20.94,47.18,2.43,-11.73,0.459,4.407,2.267,0.0,4,794,51.7,1.0,Neutral,42.3,51.6,52.2,49.2
2022-07-20,3304.72,6.682,0.72,5.352,58.69,0.26,1.53,0.792,0.62,44.64,20.15,50.96,3.1,-11.05,0.423,4.398,2.015,0.126,2,794,51.9,1.0,Neutral,42.8,52.1,52.3,49.9
2022-07-21,3272.0,6.743,0.74,5.36,54.16,0.51,0.89,0.876,-0.3,41.47,20.36,46.34,1.98,-11.93,0.277,4.747,1.511,0.126,3,794,51.7,1.0,Neutral,42.6,51.4,51.6,47.8
2022-07-22,3269.97,6.654,0.71,5.336,58.09,0.89,0.89,0.793,1.3,47.4,19.92,46.06,1.73,-11.99,0.416,4.135,1.008,0.504,4,794,52.5,1.0,Neutral,43.3,53.4,53.3,47.8
2022-07-25,3250.39,6.779,0.75,5.344,47.31,0.89,0.51,0.72,-0.85,38.4,20.41,43.35,0.93,-12.52,0.044,3.553,1.261,0.504,1,793,50.2,1.0,Neutral,40.8,50.9,50.6,41.8
2022-07-26,3277.44,6.715,0.73,5.353,48.32,0.77,0.51,0.692,-0.06,41.13,19.38,47.91,1.61,-11.79,-0.147,3.622,0.882,0.252,2,794,50.9,1.0,Neutral,41.7,51.5,51.1,43.3
2022-07-27,3275.76,6.713,0.73,5.353,46.97,0.51,1.66,0.67,-0.88,38.08,19.65,47.65,1.4,-11.83,-0.008,3.839,1.132,0.252,3,795,50.9,1.0,Neutral,41.7,50.7,50.7,42.4
2022-07-28,3282.58,6.688,0.72,5.338,51.99,0.51,2.04,0.779,0.32,43.31,19.7,48.85,1.48,-11.65,0.039,4.486,1.258,0.126,3,795,52.3,1.0,Neutral,43.0,52.3,52.2,46.1
2022-07-29,3253.24,6.771,0.75,5.985,49.47,1.02,1.27,0.836,-0.51,40.3,21.31,44.17,0.48,-12.44,0.012,4.279,0.881,0.252,2,795,45.8,1.0,Neutral,41.6,45.2,46.0,44.3
2022-08-01,3259.96,6.768,0.74,6.012,53.88,0.76,2.04,0.797,0.29,43.37,21.57,45.46,0.56,-12.26,0.229,4.299,2.516,0.126,2,795,46.2,1.0,Neutral,42.2,45.8,47.0,45.6
2022-08-02,3186.27,7.611,1.0,6.01,40.38,5.48,0.76,1.078,-2.78,29.65,25.36,35.72,-1.81,-14.24,-0.561,4.748,1.006,2.516,2,795,42.0,1.0,Neutral,36.8,41.2,41.9,39.6
2022-08-03,3163.67,7.82,1.06,6.019,36.1,4.84,0.76,0.885,-3.42,27.61,23.47,33.36,-2.57,-14.85,-1.017,4.786,0.629,0.377,1,795,42.1,1.0,Neutral,36.6,40.4,41.1,34.2
2022-08-04,3189.04,7.602,0.99,6.022,41.06,0.76,0.64,0.712,-2.85,30.93,21.33,38.29,-1.85,-14.17,-0.882,3.739,1.132,0.0,1,795,42.9,1.0,Neutral,37.7,41.5,42.3,35.5
2022-08-05,3227.03,7.302,0.9,6.007,50.06,0.13,1.02,0.755,-0.81,38.7,19.56,44.87,-0.77,-13.14,-0.859,4.519,1.382,0.126,1,795,45.3,1.0,Neutral,40.5,44.0,44.4,42.1
2022-08-08,3236.93,7.153,0.86,6.0,53.97,0.13,1.78,0.701,-0.71,38.83,19.71,46.47,-0.55,-12.88,-0.777,4.273,1.38,0.0,2,796,45.6,1.0,Neutral,41.0,44.2,44.9,43.3
2022-08-09,3247.43,7.108,0.84,6.001,61.82,0.13,1.66,0.718,1.92,48.72,19.45,48.19,-0.31,-12.59,0.311,4.302,1.38,0.125,2,797,47.1,1.0,Neutral,42.6,46.9,47.8,46.8
2022-08-10,3230.02,7.21,0.87,6.005,64.06,0.38,1.66,0.715,2.1,49.33,19.92,45.57,-0.92,-13.06,0.723,4.355,1.129,0.0,2,797,47.2,1.0,Neutral,42.6,47.0,48.2,46.2
2022-08-11,3281.66,6.766,0.74,6.01,62.98,0.13,1.28,0.838,2.9,54.83,20.01,53.61,0.57,-11.67,0.665,5.126,1.128,0.125,3,796,48.4,1.0,Neutral,44.5,48.6,49.6,51.2
2022-08-12,3276.89,6.744,0.73,6.007,56.79,0.0,0.51,0.836,1.55,49.03,19.17,52.83,0.33,-11.8,0.511,4.36,1.502,0.125,4,798,47.8,1.0,Neutral,43.9,47.2,48.4,48.9
2022-08-15,3276.09,6.741,0.73,6.083,51.57,0.0,1.53,0.802,1.21,47.16,19.43,52.7,0.24,-11.82,0.603,4.526,2.13,0.251,4,798,47.3,1.0,Neutral,43.7,46.2,47.7,46.6
2022-08-16,3277.89,6.612,0.69,6.107,53.95,0.13,1.79,0.852,0.94,46.63,19.17,52.99,0.23,-11.78,0.479,4.533,1.752,0.0,2,799,47.2,1.0,Neutral,44.0,46.1,47.4,48.4
2022-08-17,3292.53,6.415,0.63,6.129,54.65,0.13,1.66,0.917,1.94,51.99,18.92,55.44,0.56,-11.38,0.441,4.914,0.375,0.25,3,799,47.9,1.0,Neutral,45.1,47.5,48.3,50.6
2022-08-18,3277.54,6.662,0.7,6.161,47.77,0.38,2.42,0.852,-0.13,42.05,19.49,52.43,0.02,-11.78,0.552,4.756,1.875,0.0,1,800,46.3,1.0,Neutral,43.3,44.5,46.0,46.0
2022-08-19,3258.08,6.619,0.69,6.154,44.85,0.64,1.27,0.943,-0.57,40.61,18.76,48.73,-0.65,-12.31,0.554,4.821,0.75,0.0,2,800,47.0,1.0,Neutral,44.0,44.7,46.2,45.0
2022-08-22,3277.79,6.555,0.67,6.149,47.68,0.38,1.78,0.891,0.05,43.13,18.35,52.4,-0.12,-11.78,0.275,4.444,1.625,0.125,2,800,46.9,1.0,Neutral,44.0,45.1,46.3,46.6
2022-08-23,3276.22,6.555,0.67,6.134,45.54,0.76,2.04,0.899,-0.05,42.73,18.03,52.08,-0.23,-11.82,0.288,4.465,1.125,0.125,3,800,47.2,1.0,Neutral,44.2,45.1,46.4,45.8
2022-08-24,3215.2,6.823,0.75,6.131,37.18,2.81,0.38,1.041,-2.35,32.03,18.92,41.49,-2.1,-13.46,-0.243,4.763,0.751,0.876,4,799,45.6,1.0,Neutral,42.2,42.5,43.6,40.7
2022-08-25,3246.25,6.548,0.67,6.102,37.63,1.78,1.15,0.957,-0.95,38.86,17.85,47.35,-1.19,-12.63,-0.65,4.096,1.5,0.5,5,800,47.0,1.0,Neutral,43.8,44.9,45.6,42.1
2022-08-26,3236.22,6.817,0.75,6.098,39.34,1.91,0.89,0.883,-0.67,39.85,17.02,45.76,-1.52,-12.9,-0.657,3.72,1.496,0.998,6,801,46.7,1.0,Neutral,43.1,44.7,45.4,40.7
2022-08-29,3240.73,6.692,0.71,6.119,39.29,1.52,1.02,0.848,-1.13,37.71,17.69,46.63,-1.38,-12.78,-0.648,3.306,1.372,0.249,3,802,45.7,1.0,Neutral,42.4,44.2,44.9,40.7
2022-08-30,3227.22,6.58,0.67,6.128,38.77,1.27,1.14,0.846,-1.5,36.14,17.42,44.33,-1.79,-13.14,-0.9,3.247,0.998,0.374,4,802,45.7,1.0,Neutral,42.7,44.0,44.6,39.8
2022-08-31,3202.14,6.915,0.77,6.452,39.76,3.17,0.13,0.995,-0.41,41.71,17.57,40.36,-2.52,-13.81,-1.217,3.745,0.249,1.37,1,802,42.5,1.0,Neutral,42.0,41.4,41.5,40.3
2022-09-01,3184.98,6.889,0.77,6.462,38.28,3.3,0.13,0.797,-1.89,34.47,17.85,37.86,-3.01,-14.28,-1.275,2.881,0.374,0.249,1,803,41.1,1.0,Neutral,40.6,39.5,40.2,36.1
2022-09-02,3186.48,6.679,0.7,6.452,45.96,0.63,0.89,0.732,-1.54,35.82,18.29,38.22,-2.92,-14.24,-1.129,2.804,1.741,0.0,2,803,41.9,1.0,Neutral,41.7,40.3,41.5,38.3
2022-09-05,3199.91,6.554,0.66,6.456,43.58,2.03,1.01,0.828,-1.26,37.11,19.14,41.49,-2.48,-13.87,-1.155,3.015,0.745,0.124,2,805,41.7,1.0,Neutral,41.7,40.8,41.6,40.2
2022-09-06,3243.45,6.429,0.62,6.46,49.73,0.25,1.27,0.948,0.5,45.72,18.1,50.62,-1.13,-12.7,-1.082,3.671,1.118,0.0,3,805,43.7,1.0,Neutral,43.9,42.6,43.4,47.3
2022-09-07,3246.29,6.446,0.63,6.453,56.6,0.63,1.39,0.9,1.38,49.21,17.95,51.15,-1.02,-12.63,-0.268,3.653,1.242,0.124,4,805,44.4,1.0,Neutral,44.6,43.6,44.8,49.1
2022-09-08,3235.59,6.501,0.65,6.449,53.33,3.04,1.14,0.853,1.59,49.46,17.49,49.0,-1.32,-12.91,-0.103,3.162,0.994,0.497,5,805,44.3,1.0,Neutral,44.4,43.9,45.1,46.5
2022-09-09,3262.05,6.311,0.59,6.439,49.29,0.38,0.89,0.866,2.37,53.08,16.96,54.14,-0.48,-12.2,-0.423,3.109,0.62,0.124,1,805,44.3,1.0,Neutral,44.6,44.7,45.1,47.4
2022-09-13,3263.8,6.331,0.59,6.432,49.97,0.13,0.76,0.848,2.0,51.13,17.17,54.47,-0.4,-12.15,-0.337,3.243,0.868,0.124,2,806,44.4,1.0,Neutral,44.5,44.2,45.0,47.4
2022-09-14,3237.54,6.433,0.62,6.412,39.31,1.39,0.63,0.789,-0.18,41.37,17.24,48.84,-1.17,-12.86,-0.37,3.016,0.124,0.124,1,806,43.2,1.0,Neutral,43.0,42.3,43.0,40.8
2022-09-15,3199.92,6.683,0.7,6.412,32.3,4.17,0.0,1.013,-1.43,36.7,17.59,42.12,-2.29,-13.87,-0.878,3.745,0.743,0.62,2,807,43.3,1.0,Neutral,42.7,40.9,41.8,38.9
2022-09-16,3126.4,7.508,0.95,6.401,30.33,8.46,0.13,0.988,-3.37,27.13,19.0,32.67,-4.44,-15.85,-1.154,3.082,0.371,0.866,2,808,40.0,1.0,Neutral,38.0,37.5,38.7,32.8
2022-09-19,3115.6,7.652,0.99,6.399,24.08,12.39,0.0,0.781,-4.49,24.05,18.97,31.55,-4.65,-16.14,-0.812,2.431,0.495,0.248,3,807,39.3,1.0,Neutral,37.1,36.5,38.3,27.3
2022-09-20,3122.41,7.48,0.94,6.41,29.57,3.54,0.38,0.695,-4.33,25.62,18.49,33.1,-4.32,-15.96,-0.906,2.635,1.733,0.248,4,808,40.2,1.0,Neutral,38.3,37.0,38.9,28.6
2022-09-21,3117.18,7.27,0.87,6.429,37.71,2.53,0.13,0.744,-3.72,27.45,19.42,32.49,-4.34,-16.1,-0.842,2.49,0.99,0.248,2,808,39.7,1.0,Neutral,38.4,37.7,39.2,32.1
2022-09-22,3108.91,7.435,0.92,6.424,41.17,5.93,0.25,0.713,-2.84,30.95,19.63,31.5,-4.47,-16.32,-0.599,2.546,0.619,0.0,3,808,40.1,1.0,Neutral,38.5,38.4,40.1,32.2
2022-09-23,3088.37,7.699,1.0,6.394,41.56,10.72,0.13,0.793,-1.22,37.2,19.2,29.12,-4.95,-16.88,-0.725,2.517,0.248,0.495,1,808,40.4,1.0,Neutral,38.0,40.1,40.9,32.3
2022-09-26,3051.23,8.359,1.2,6.359,41.11,19.67,0.0,0.863,-2.07,33.67,20.11,25.39,-5.93,-17.88,-0.833,2.47,1.361,0.743,2,808,39.5,1.0,Neutral,35.9,38.6,40.0,30.9
2022-09-27,3093.86,8.045,1.11,6.369,43.04,0.76,0.5,0.768,-0.91,38.33,18.88,35.59,-4.46,-16.73,-0.98,2.572,2.351,0.248,3,808,40.9,1.0,Neutral,37.8,39.9,41.3,34.1
2022-09-28,3045.07,8.454,1.23,6.334,32.23,10.08,0.25,0.765,-2.31,32.81,19.56,30.46,-5.79,-17.28,-1.506,2.305,1.114,0.619,4,808,39.5,1.0,Neutral,35.4,38.5,39.6,27.5
2022-09-29,3041.2,8.677,1.3,6.324,32.51,13.6,0.5,0.772,-2.18,33.33,20.39,30.09,-5.76,-17.38,-1.658,2.318,0.496,0.62,5,807,39.0,1.0,Neutral,34.5,38.4,39.4,27.3
2022-09-30,3024.39,8.654,1.29,6.791,35.3,14.21,0.25,0.691,-2.07,33.84,19.13,28.47,-6.12,-17.84,-2.269,1.806,0.619,0.495,3,808,33.7,1.0,Neutral,34.7,32.0,33.5,26.5
2022-10-10,2974.14,8.94,1.37,6.811,34.39,22.77,0.38,0.831,-2.53,31.77,20.53,24.26,-7.49,-19.2,-1.926,2.486,0.248,1.361,2,808,32.5,1.0,Neutral,33.4,30.9,32.6,26.3
2022-10-11,2979.79,8.792,1.33,6.808,29.03,11.59,0.38,0.715,-3.69,27.8,20.01,25.59,-7.16,-19.05,-1.887,2.111,0.743,0.124,1,807,32.4,1.0,Neutral,33.5,30.1,32.1,23.4
2022-10-12,3025.51,8.251,1.16,6.816,45.84,0.63,0.63,0.857,-0.64,39.85,20.82,35.48,-5.61,-17.81,-1.311,3.087,2.23,0.0,2,807,35.2,1.0,Neutral,37.2,33.8,36.0,35.4
2022-10-13,3016.36,8.209,1.15,6.826,52.22,1.26,0.63,0.867,-0.82,39.13,21.07,34.49,-5.76,-18.06,-0.967,3.032,1.489,0.124,2,806,35.0,1.0,Neutral,37.2,33.6,35.9,37.5
2022-10-14,3071.99,7.961,1.07,6.853,65.12,0.0,0.76,0.967,1.57,51.06,19.36,44.58,-3.92,-16.55,0.026,3.913,1.489,0.0,1,806,37.4,1.0,Neutral,40.3,36.1,38.5,47.0
2022-10-17,3084.94,7.772,1.01,6.851,78.19,0.25,0.76,0.92,3.73,60.29,19.19,46.65,-3.44,-16.19,0.143,3.619,1.615,0.0,2,805,38.6,1.0,Neutral,41.7,38.7,41.0,50.5
2022-10-18,3080.96,7.786,1.02,6.851,74.15,0.38,1.39,0.867,3.4,57.56,19.92,46.08,-3.47,-16.3,0.347,3.509,1.366,0.0,3,805,38.1,1.0,Neutral,41.2,38.0,40.6,48.7
2022-10-19,3044.38,8.034,1.09,6.846,59.41,1.64,0.38,0.82,0.62,44.94,19.06,41.13,-4.5,-17.3,0.382,3.253,0.743,0.248,1,806,36.4,1.0,Neutral,39.1,34.8,37.5,42.0
2022-10-20,3035.05,8.075,1.1,6.834,54.34,1.64,0.38,0.873,0.62,45.49,19.98,39.95,-4.65,-17.55,0.356,3.452,0.991,0.372,2,807,36.6,1.0,Neutral,39.1,35.1,37.9,40.7
2022-10-21,3038.93,8.096,1.11,6.823,45.37,2.52,1.51,0.878,-1.08,38.04,20.38,40.71,-4.42,-17.44,0.192,2.898,0.991,0.248,3,807,35.3,1.0,Neutral,37.6,33.2,36.3,37.9
2022-10-24,2977.55,8.627,1.27,6.836,33.4,5.67,0.38,1.073,-3.48,26.0,24.64,33.48,-6.2,-19.11,0.229,4.241,0.743,0.619,1,808,32.7,1.0,Neutral,34.4,29.2,32.7,32.4
2022-10-25,2976.28,8.703,1.29,6.823,32.63,4.91,0.76,0.92,-3.4,27.48,22.9,33.35,-6.11,-19.15,0.075,3.422,1.483,0.865,2,808,32.9,1.0,Neutral,34.3,29.7,33.2,30.1
2022-10-26,2999.5,8.538,1.24,6.849,45.47,0.88,2.02,0.968,-1.47,36.41,21.11,38.15,-5.24,-18.52,0.219,4.336,1.358,0.37,3,809,35.3,1.0,Neutral,37.3,31.8,35.2,37.3
2022-10-27,2982.9,8.454,1.21,6.856,46.69,2.52,0.75,0.956,-1.72,35.23,21.07,36.14,-5.62,-18.97,0.113,4.183,1.233,0.123,4,811,35.3,1.0,Neutral,37.5,31.5,35.1,36.9
2022-10-28,2915.93,9.19,1.44,6.886,39.07,12.33,0.25,1.052,-4.05,23.21,24.03,29.43,-7.56,-20.79,-0.383,3.728,0.493,3.329,1,811,30.2,1.0,Neutral,31.7,27.0,29.9,31.3
2022-10-31,2893.48,9.164,1.43,7.763,47.94,7.55,0.88,1.086,-2.82,29.4,26.78,27.58,-8.09,-21.4,-0.472,3.923,0.862,0.985,1,811,26.7,1.0,Pessimistic,32.4,23.8,27.6,34.2
2022-11-01,2969.2,8.793,1.31,7.743,57.9,0.25,0.5,1.15,-0.24,43.59,23.33,41.04,-5.54,-19.34,-0.213,4.626,2.214,0.0,2,813,30.5,1.0,Neutral,36.7,27.6,31.5,43.8
2022-11-02,3003.37,8.752,1.3,7.72,56.08,0.13,0.88,1.167,0.13,45.79,22.09,45.93,-4.36,-18.41,-0.4,5.239,1.726,0.0,2,811,31.2,1.0,Neutral,37.4,27.8,31.6,45.2
2022-11-03,2997.81,8.773,1.31,7.728,57.19,0.5,1.26,0.935,0.5,45.58,22.24,45.27,-4.46,-18.56,-0.029,4.372,0.74,0.123,3,811,30.5,1.0,Neutral,36.7,27.7,31.6,42.8
2022-11-04,3070.8,8.357,1.18,7.704,72.36,0.0,1.13,1.194,5.31,74.2,22.24,54.48,-2.07,-16.58,0.83,5.805,1.847,0.0,3,812,35.0,1.0,Neutral,41.7,35.3,38.8,53.9
2022-11-07,3077.82,8.088,1.1,7.706,72.1,0.0,0.75,1.156,6.37,73.08,23.01,55.26,-1.77,-16.39,1.11,5.274,1.108,0.0,3,812,34.8,1.0,Neutral,41.9,35.5,39.1,54.2
2022-11-08,3064.49,7.982,1.06,7.721,62.25,0.0,0.63,0.922,3.21,57.96,22.35,53.39,-2.1,-16.75,1.16,4.097,1.355,0.246,3,812,32.7,1.0,Neutral,39.9,31.6,35.8,48.6
2022-11-09,3048.17,8.063,1.09,7.711,54.9,0.0,1.13,0.847,1.49,48.96,22.18,51.11,-2.52,-17.19,1.247,3.839,0.862,0.123,4,811,31.7,1.0,Neutral,38.8,29.3,34.1,44.2
2022-11-10,3036.13,7.937,1.05,7.703,52.23,0.0,1.0,0.973,1.28,49.72,22.33,49.43,-2.8,-17.52,0.976,3.946,1.474,0.0,3,814,32.2,1.0,Neutral,39.4,30.0,34.5,44.6
2022-11-11,3087.29,7.504,0.92,7.67,46.84,0.12,1.12,1.474,0.54,51.21,21.81,56.04,-1.06,-16.13,0.465,6.061,1.597,0.0,4,814,34.0,1.0,Neutral,41.7,30.8,34.9,50.3
2022-11-14,3083.4,7.463,0.9,7.57,42.24,0.25,1.12,1.293,0.18,47.17,22.93,55.44,-1.09,-16.24,0.11,5.072,1.476,0.0,3,813,33.0,1.0,Neutral,40.4,30.4,34.1,47.2
2022-11-15,3134.08,7.313,0.86,7.59,51.36,0.0,1.0,1.18,2.27,58.17,23.16,61.2,0.62,-14.86,0.032,5.537,1.722,0.123,3,813,34.3,1.0,Neutral,42.0,33.3,36.5,52.1
2022-11-16,3119.98,7.293,0.85,7.573,51.12,0.25,1.37,1.078,2.36,56.81,22.91,58.92,0.25,-15.24,-0.013,4.728,0.861,0.123,4,813,33.9,1.0,Neutral,41.5,33.1,36.2,50.4
2022-11-17,3115.43,7.247,0.83,7.603,55.05,0.12,1.62,1.019,2.61,57.05,22.37,58.17,0.2,-15.37,0.14,4.659,1.597,0.0,5,814,34.3,1.0,Neutral,42.1,33.1,36.6,50.8
2022-11-18,3097.24,7.389,0.88,7.581,49.43,0.0,0.75,1.068,0.32,45.97,21.78,55.13,-0.29,-15.86,0.352,4.848,0.98,0.368,2,814,32.9,1.0,Neutral,40.4,30.1,33.7,48.3
2022-11-21,3085.04,7.448,0.89,7.588,51.01,0.0,1.0,0.912,0.05,43.3,22.0,53.13,-0.59,-16.19,0.733,4.162,0.979,0.245,1,816,32.0,1.0,Neutral,39.5,29.3,33.3,46.1
2022-11-22,3088.94,7.448,0.89,7.578,38.84,0.12,0.5,1.172,-1.44,36.9,21.99,53.71,-0.36,-16.09,0.51,4.296,0.734,0.367,2,817,31.5,1.0,Neutral,38.9,27.6,31.8,45.0
2022-11-23,3096.91,7.448,0.89,7.608,38.51,0.37,0.37,1.166,-0.74,40.86,22.08,54.93,-0.01,-15.87,0.414,3.961,0.979,0.612,3,817,31.5,1.0,Neutral,39.1,28.5,32.5,45.3
2022-11-24,3089.31,7.323,0.85,7.611,37.9,0.0,0.75,0.955,-0.84,39.41,21.89,53.48,-0.19,-16.08,0.221,3.484,1.224,0.122,4,817,31.4,1.0,Neutral,39.1,28.4,32.6,42.5
2022-11-25,3101.69,7.138,0.8,7.576,38.62,0.25,0.37,1.119,0.14,45.46,21.25,55.54,0.29,-15.74,-0.038,3.273,0.734,0.122,2,817,32.0,1.0,Neutral,39.9,30.5,33.8,45.7
2022-11-28,3078.55,7.179,0.81,7.546,35.08,0.5,0.62,1.1,-0.21,43.4,22.91,50.99,-0.37,-16.37,-0.472,3.521,1.591,0.245,3,817,31.8,1.0,Neutral,39.5,30.3,33.5,42.9
2022-11-29,3149.75,6.787,0.69,7.526,47.07,0.0,0.37,1.409,1.97,60.16,24.04,61.46,1.98,-14.43,-0.346,4.965,1.591,0.0,4,817,35.0,1.0,Neutral,43.1,35.1,37.8,53.8
2022-11-30,3151.34,6.827,0.7,6.576,47.64,0.12,0.5,1.334,1.76,57.59,23.55,61.65,2.07,-14.39,-0.495,4.376,0.857,0.0,5,817,41.6,1.0,Neutral,42.4,43.1,44.3,53.5
2022-12-01,3165.47,6.907,0.73,6.601,49.6,0.12,0.5,1.379,2.47,62.94,23.8,63.44,2.55,-14.01,-0.412,5.298,0.978,0.122,6,817,42.3,1.0,Neutral,43.3,44.0,45.1,55.1
2022-12-02,3156.14,6.885,0.72,6.593,55.46,0.12,0.62,1.094,1.76,53.88,21.55,61.41,2.26,-14.26,-0.045,4.136,1.467,0.244,1,818,41.1,1.0,Neutral,42.0,41.8,43.0,54.3
2022-12-05,3211.81,6.475,0.59,6.571,62.91,0.12,1.25,1.587,4.33,80.71,22.2,68.01,4.05,-12.75,0.446,5.668,1.471,0.123,2,816,45.8,1.0,Neutral,47.2,49.7,50.2,63.3
2022-12-06,3212.53,6.68,0.65,6.546,53.03,0.0,0.5,1.31,1.99,58.7,21.8,68.08,4.07,-12.73,0.374,5.051,1.225,0.0,3,816,43.3,1.0,Neutral,44.1,43.7,45.4,58.0
2022-12-07,3199.62,6.738,0.67,6.591,53.75,0.12,0.75,1.235,1.53,54.72,21.78,65.09,3.68,-13.08,0.677,4.915,1.471,0.245,3,816,42.3,1.0,Neutral,43.5,42.1,44.2,56.7
2022-12-08,3197.35,6.694,0.66,6.575,48.45,0.12,1.12,1.117,1.01,50.16,21.36,64.56,3.63,-13.14,0.589,4.199,0.735,0.0,3,816,41.7,1.0,Neutral,42.7,41.2,43.4,53.9
2022-12-09,3206.95,6.609,0.63,6.57,43.92,0.0,0.62,1.298,1.61,56.11,20.96,65.84,3.96,-12.88,0.528,4.616,1.103,0.368,3,816,42.8,1.0,Neutral,43.9,42.9,44.6,54.3
2022-12-12,3179.04,6.875,0.71,6.571,38.4,0.0,0.25,1.153,-1.02,39.22,21.49,59.14,3.1,-13.64,0.415,4.541,1.102,0.367,4,817,40.4,1.0,Neutral,41.1,38.1,40.6,48.7
2022-12-13,3176.33,6.834,0.7,6.566,39.49,0.25,0.99,0.985,-1.13,38.13,21.03,58.52,3.06,-13.71,0.355,3.864,1.224,0.0,5,817,40.3,1.0,Neutral,41.0,37.9,40.7,47.1
2022-12-14,3176.53,6.975,0.74,6.595,39.11,0.25,0.5,0.915,-0.72,39.78,20.68,58.56,3.1,-13.71,0.028,3.879,1.958,0.734,6,817,39.9,1.0,Neutral,40.7,37.8,40.2,45.9
2022-12-15,3168.65,7.054,0.76,6.578,42.6,0.12,0.12,0.837,-0.9,38.66,19.8,56.55,2.86,-13.92,0.202,3.682,0.612,0.122,2,817,39.7,1.0,Neutral,40.2,37.6,39.9,45.3
2022-12-16,3167.86,6.972,0.74,6.575,40.22,0.99,0.5,0.899,-1.22,37.46,19.44,56.34,2.81,-13.94,-0.002,3.415,0.857,0.122,1,817,39.3,1.0,Neutral,40.0,37.4,39.4,45.4
2022-12-19,3107.11,7.544,0.91,6.598,34.13,1.98,0.12,0.967,-2.26,32.62,19.95,43.17,0.85,-15.59,-0.482,3.586,0.49,1.103,2,816,37.9,1.0,Neutral,37.9,35.3,37.3,39.1
2022-12-20,3073.77,7.666,0.95,6.588,35.02,0.87,0.12,0.758,-3.23,29.24,20.25,37.93,-0.21,-16.5,-0.462,2.813,0.856,0.733,3,818,37.0,1.0,Neutral,36.7,34.5,36.8,34.3
2022-12-21,3068.41,7.807,0.99,6.6,31.91,2.72,0.0,0.655,-3.4,29.27,19.82,37.15,-0.36,-16.64,-0.572,2.365,0.857,0.0,2,817,36.6,1.0,Neutral,36.2,34.2,36.7,31.3
2022-12-22,3054.43,8.131,1.09,6.61,24.4,4.46,0.37,0.777,-3.6,27.63,18.95,35.12,-0.78,-17.02,-1.045,2.865,0.734,0.0,3,817,36.6,1.0,Neutral,35.9,33.1,35.5,29.4
2022-12-23,3045.87,8.066,1.07,6.636,27.45,3.34,0.25,0.667,-3.85,27.62,19.56,33.9,-1.04,-17.26,-1.043,2.452,1.1,0.489,3,818,35.6,1.0,Neutral,35.4,32.9,35.1,28.3
2022-12-26,3065.56,7.961,1.03,6.623,40.38,0.25,0.49,0.719,-1.34,36.56,19.51,39.15,-0.41,-16.58,-0.773,2.92,1.345,0.0,4,818,37.6,1.0,Neutral,37.4,35.5,37.8,35.4
2022-12-27,3095.57,7.711,0.96,6.595,43.58,0.37,0.49,0.777,0.71,44.83,18.85,46.16,0.57,-15.77,-0.93,3.033,0.978,0.244,5,818,39.3,1.0,Neutral,39.0,38.4,40.0,40.1
2022-12-28,3087.4,7.854,1.0,6.61,42.28,1.49,0.5,0.785,0.62,44.56,18.26,44.65,0.28,-15.99,-0.904,2.67,1.102,0.122,6,817,39.1,1.0,Neutral,38.8,37.9,39.8,39.0
2022-12-29,3073.7,8.155,1.09,6.623,45.04,2.22,0.37,0.754,0.63,44.28,17.94,42.16,-0.18,-15.64,-0.636,2.591,1.1,0.244,7,818,38.7,1.0,Neutral,38.1,37.1,39.3,38.4
2022-12-30,3089.26,7.91,1.02,6.608,49.6,0.87,0.37,0.762,1.42,47.48,17.2,45.85,0.29,-15.21,-0.802,2.291,0.611,0.122,8,817,39.6,1.0,Neutral,39.2,38.6,40.4,41.6
2023-01-03,3116.51,7.645,0.93,6.62,51.78,0.0,0.87,0.984,1.66,51.74,17.23,51.67,1.09,-14.46,-0.608,3.746,1.834,0.122,2,818,41.3,1.0,Neutral,41.4,39.8,41.3,47.7
2023-01-04,3123.52,7.503,0.89,6.633,51.0,0.0,0.62,0.954,0.9,47.68,17.17,53.06,1.24,-14.27,-0.397,3.471,1.1,0.244,3,818,40.5,1.0,Neutral,41.0,38.6,40.4,47.7
2023-01-05,3155.22,7.46,0.88,6.612,59.89,0.0,0.5,0.894,2.2,52.79,17.73,58.85,2.2,-13.4,-0.053,4.062,0.733,0.367,4,818,41.5,1.0,Neutral,41.8,40.1,41.8,51.9
2023-01-06,3157.64,7.603,0.92,6.61,61.37,0.0,0.37,0.895,2.73,55.21,17.94,59.27,2.2,-13.25,-0.227,3.918,0.367,0.49,5,817,41.3,1.0,Neutral,41.4,40.5,42.1,52.3
2023-01-09,3176.09,7.399,0.86,6.6,60.31,0.0,0.74,0.897,2.81,55.61,19.43,62.37,2.74,-12.74,0.481,3.926,1.348,0.0,3,816,41.5,1.0,Neutral,41.8,41.1,43.3,53.4
2023-01-10,3169.51,7.603,0.92,6.583,50.41,0.0,0.74,0.81,1.7,49.3,19.3,60.6,2.48,-12.92,0.117,3.607,0.49,0.0,4,817,40.2,1.0,Neutral,40.0,39.2,41.4,47.9
2023-01-11,3161.84,7.664,0.94,6.583,43.33,0.0,0.5,0.828,1.23,47.58,19.41,58.51,2.19,-13.13,-0.058,3.502,0.734,0.122,5,817,39.8,1.0,Neutral,39.5,38.7,40.9,44.9
2023-01-12,3163.45,7.786,0.97,6.565,39.73,0.0,0.62,0.755,0.26,42.86,18.98,58.83,2.17,-13.09,-0.316,3.175,1.103,0.368,6,816,39.1,1.0,Neutral,38.4,37.5,39.7,42.4
2023-01-13,3195.31,7.644,0.93,6.542,44.13,0.0,0.87,0.768,1.19,46.65,17.71,64.65,3.11,-12.21,-0.42,3.293,0.858,0.49,2,816,40.2,1.0,Neutral,39.5,38.9,40.5,46.3
2023-01-16,3227.59,7.46,0.87,6.526,47.69,0.0,0.62,1.072,1.62,52.84,19.28,69.37,4.05,-11.14,-0.559,4.777,0.734,0.245,2,817,41.7,1.0,Neutral,41.0,40.9,42.1,53.7
2023-01-17,3224.24,7.52,0.89,6.541,47.88,0.12,0.37,0.789,1.73,49.08,18.7,68.35,3.8,-10.37,-0.639,3.408,0.734,0.245,1,817,39.9,1.0,Neutral,39.3,39.6,40.7,49.6
2023-01-18,3224.41,7.395,0.85,6.521,55.35,0.12,0.25,0.742,1.98,49.32,19.47,68.38,3.67,-10.37,-0.76,3.05,0.367,0.367,2,817,39.7,1.0,Neutral,39.1,40.1,41.2,51.6
2023-01-19,3240.28,7.313,0.83,6.528,60.19,0.0,0.62,0.794,2.43,52.0,20.46,70.74,4.05,-9.93,-0.778,3.56,0.855,0.366,3,818,40.3,1.0,Neutral,39.9,40.8,41.9,54.9
2023-01-20,3264.81,7.108,0.76,6.51,63.33,0.0,0.62,0.96,2.18,53.83,20.63,73.98,4.68,-9.25,-1.683,3.843,0.488,0.244,1,820,40.5,1.0,Neutral,40.2,41.8,41.8,59.5
2023-01-30,3269.32,7.045,0.74,6.53,63.1,0.0,0.98,1.241,1.29,53.37,19.37,74.54,4.62,-9.12,-0.287,6.437,0.731,0.0,1,820,42.9,1.0,Neutral,42.9,41.5,42.7,62.5
2023-01-31,3255.67,6.963,0.72,5.983,67.18,0.0,0.49,1.05,0.97,49.18,19.28,69.67,3.99,-9.5,0.217,4.766,0.73,0.243,2,821,46.7,1.0,Neutral,42.2,46.1,47.0,60.6
2023-02-01,3284.92,6.739,0.65,5.971,73.07,0.0,0.98,1.188,1.88,56.03,19.73,73.64,4.74,-7.98,1.003,5.595,1.944,0.0,3,822,48.7,1.0,Neutral,44.5,48.3,49.7,65.1
2023-02-02,3285.67,6.82,0.68,5.984,69.08,0.0,1.11,1.166,1.4,52.98,19.93,73.74,4.61,-7.96,1.486,5.53,1.823,0.0,3,823,48.2,1.0,Neutral,44.0,47.2,49.2,63.8
2023-02-03,3263.41,6.779,0.66,5.987,60.98,0.0,1.11,1.025,-0.04,43.73,20.04,66.12,3.76,-8.59,2.773,4.783,0.851,0.122,3,823,47.2,1.0,Neutral,43.1,44.9,48.2,58.1
2023-02-06,3238.7,6.84,0.68,5.979,52.59,0.0,1.23,0.931,-0.94,38.85,20.96,58.85,2.88,-9.28,1.734,4.596,0.851,0.243,3,823,45.9,1.0,Neutral,41.6,43.8,46.4,51.7
2023-02-07,3248.09,6.573,0.6,5.985,54.36,0.0,0.86,0.878,-0.23,41.77,20.61,60.62,3.09,-8.71,1.689,4.406,0.729,0.0,4,823,46.6,1.0,Neutral,42.8,44.8,47.4,52.6
2023-02-08,3232.11,6.753,0.65,5.984,41.94,0.0,0.86,0.824,-1.61,35.64,20.08,56.19,2.49,-9.08,1.227,4.058,0.486,0.0,5,823,45.9,1.0,Neutral,41.8,43.4,45.8,45.8
2023-02-09,3270.38,6.572,0.6,5.99,49.38,0.0,1.35,0.896,-0.47,40.85,19.58,63.14,3.58,-7.2,1.036,4.741,0.851,0.0,6,823,46.7,1.0,Neutral,42.9,44.3,46.6,52.3
2023-02-10,3260.67,6.489,0.57,5.981,50.57,0.0,1.6,0.916,-0.08,42.71,18.89,60.52,3.15,-7.48,0.864,4.614,0.365,0.486,1,823,46.7,1.0,Neutral,43.0,45.3,46.5,52.3
2023-02-13,3284.16,6.305,0.52,5.987,57.67,0.0,2.09,1.045,1.4,51.33,19.02,64.37,3.78,-5.92,0.872,5.114,1.337,0.0,2,823,48.4,1.0,Neutral,44.9,47.4,48.8,58.1
2023-02-14,3293.28,6.244,0.5,5.99,53.8,0.0,1.84,0.959,1.39,50.08,18.92,65.77,3.96,-5.66,0.759,4.724,0.972,0.0,1,823,47.7,1.0,Neutral,44.5,47.2,48.2,56.2
2023-02-15,3280.49,6.382,0.54,5.989,56.87,0.0,2.83,0.961,1.5,50.6,18.38,62.09,3.47,-6.02,0.875,5.122,1.094,0.0,2,823,48.6,1.0,Neutral,45.1,47.3,48.7,55.9
2023-02-16,3249.03,6.584,0.6,5.99,41.87,0.12,1.23,1.361,-0.65,42.32,18.46,54.08,2.41,-6.92,0.563,6.43,0.364,0.485,1,823,48.0,1.0,Neutral,44.2,45.6,46.5,51.5
2023-02-17,3224.02,6.562,0.59,5.989,41.06,0.37,0.98,0.99,-1.12,38.16,18.68,48.7,1.57,-7.64,0.412,4.372,0.606,0.121,1,824,46.7,1.0,Neutral,42.9,44.8,45.8,46.1
2023-02-20,3290.34,6.399,0.54,5.964,42.96,0.12,1.72,1.156,0.19,46.03,19.35,60.05,3.55,-5.74,0.356,5.035,0.728,0.243,2,824,47.5,1.0,Neutral,43.9,46.5,47.4,52.8
2023-02-21,3306.52,6.214,0.49,5.962,44.96,0.0,0.86,1.152,0.4,47.2,19.52,62.24,3.94,-5.28,0.264,4.88,0.243,0.121,2,824,47.5,1.0,Neutral,44.1,46.9,47.6,54.6
2023-02-22,3291.15,6.255,0.5,5.963,45.92,0.0,1.96,0.904,0.32,44.47,18.92,58.93,3.35,-5.72,0.263,4.032,0.243,0.0,1,824,47.0,1.0,Neutral,43.5,46.5,47.1,50.8
2023-02-23,3287.48,6.275,0.5,5.959,51.22,0.0,0.98,0.932,1.18,48.73,18.75,58.14,3.13,-5.82,0.483,4.103,0.0,0.0,1,823,47.5,1.0,Neutral,44.0,47.7,48.1,52.7
2023-02-24,3267.16,6.234,0.49,5.968,50.99,0.12,0.86,0.835,1.34,48.14,19.2,53.81,2.4,-6.41,0.666,3.702,0.0,0.243,1,823,47.2,1.0,Neutral,43.8,47.9,48.3,49.9
2023-02-27,3258.03,6.376,0.53,5.969,39.22,0.25,0.98,0.868,-0.98,38.42,19.36,51.93,2.03,-6.67,0.354,3.645,0.365,0.122,1,823,46.0,1.0,Neutral,42.4,45.2,46.1,45.3
2023-02-28,3279.61,6.211,0.48,6.051,42.71,0.0,1.23,0.903,-0.81,39.3,18.53,55.84,2.59,-6.05,0.24,3.724,0.608,0.0,1,823,46.3,1.0,Neutral,43.4,45.0,45.9,48.6
2023-03-01,3312.35,6.109,0.45,6.055,47.12,0.0,1.6,1.146,0.64,48.49,18.27,61.02,3.53,-5.11,0.229,5.018,0.607,0.0,1,823,48.0,1.0,Neutral,45.3,47.0,47.6,55.0
2023-03-02,3310.65,5.965,0.41,6.041,46.33,0.12,1.47,1.188,0.71,49.28,18.18,60.63,3.39,-5.16,0.205,4.939,0.364,0.0,2,825,48.6,1.0,Neutral,46.0,47.6,48.2,55.1
2023-03-03,3328.39,5.984,0.42,6.05,48.08,0.12,1.84,1.247,1.87,56.96,17.98,63.32,3.86,-4.65,0.117,4.599,0.121,0.121,1,825,48.5,1.0,Neutral,46.0,49.3,49.1,57.1
2023-03-06,3322.03,6.104,0.45,6.07,53.29,0.12,1.34,1.238,1.96,57.35,17.97,61.69,3.57,-4.79,0.444,5.073,0.363,0.242,1,826,49.0,1.0,Neutral,46.3,49.2,49.4,58.1
2023-03-07,3285.1,6.285,0.51,6.08,39.78,0.37,0.37,1.415,0.17,48.12,18.23,53.15,2.38,-5.85,0.26,4.798,0.0,0.0,1,826,47.8,1.0,Neutral,45.0,47.2,47.5,51.6
2023-03-08,3283.25,6.182,0.47,6.07,40.79,0.12,1.1,0.948,-0.88,39.19,18.3,52.76,2.28,-5.89,0.166,3.63,0.363,0.0,1,826,46.3,1.0,Neutral,43.5,45.1,45.9,47.7
2023-03-09,3276.09,6.14,0.46,6.077,43.67,0.12,1.22,0.968,-1.04,38.48,18.12,51.18,2.02,-6.1,0.3,3.834,0.363,0.121,1,826,46.6,1.0,Neutral,43.9,45.0,45.9,48.5
2023-03-10,3230.08,6.542,0.58,6.09,37.7,0.49,0.37,1.036,-2.95,28.95,18.57,42.39,0.57,-7.42,0.141,3.952,0.0,0.242,1,827,44.6,1.0,Neutral,41.4,41.9,42.9,43.6
2023-03-13,3268.7,6.482,0.56,6.082,37.54,0.61,1.59,1.09,-1.61,35.88,18.03,50.13,1.74,-6.31,-0.118,4.297,0.726,0.0,1,827,46.1,1.0,Neutral,43.0,43.7,44.6,47.0
2023-03-14,3245.31,6.825,0.67,6.087,39.81,0.73,1.59,1.188,-1.21,38.24,18.35,46.09,0.98,-6.86,0.158,4.916,0.0,0.242,1,827,45.9,1.0,Neutral,42.3,43.8,44.4,46.6
2023-03-15,3263.32,6.236,0.49,6.087,39.48,0.49,1.83,1.134,-0.61,41.44,17.38,49.47,1.49,-6.26,0.063,4.251,0.845,0.121,1,827,47.4,1.0,Neutral,44.7,45.6,46.3,48.1
2023-03-16,3226.89,6.538,0.58,6.097,32.38,1.22,1.1,1.215,-1.5,36.6,17.91,43.53,0.33,-6.4,-0.106,4.274,0.604,0.242,2,828,46.4,1.0,Neutral,43.2,44.0,44.9,43.9
2023-03-17,3250.55,6.193,0.47,6.092,41.96,1.22,2.57,1.268,0.63,49.72,17.09,47.9,1.03,-4.65,0.171,5.17,0.726,0.121,3,827,49.6,1.0,Neutral,46.9,48.0,48.6,49.8
2023-03-20,3234.91,6.433,0.55,6.102,39.95,1.47,1.47,1.443,-1.03,40.12,18.0,45.4,0.51,-5.11,0.232,5.457,0.484,0.363,3,827,47.8,1.0,Neutral,44.8,45.0,46.0,49.1
2023-03-21,3255.65,6.294,0.5,6.092,53.08,0.12,1.71,1.1,0.32,46.25,17.35,49.19,1.07,-4.5,0.221,4.486,0.726,0.0,2,827,48.4,1.0,Neutral,45.6,46.8,47.7,52.7
2023-03-22,3265.75,6.173,0.47,6.095,51.05,0.0,3.18,1.059,0.07,44.6,18.0,50.98,1.28,-4.21,0.448,5.115,0.484,0.0,2,827,48.6,1.0,Neutral,46.0,46.6,47.6,52.2
2023-03-23,3286.65,6.254,0.49,6.087,56.15,0.12,1.96,1.109,1.85,54.65,17.38,54.54,1.82,-3.59,0.727,5.735,0.121,0.0,1,827,49.7,1.0,Neutral,46.9,48.9,49.4,55.6
2023-03-24,3265.65,6.313,0.51,6.085,52.81,0.49,2.69,1.168,0.46,47.7,16.43,50.57,1.06,-4.21,0.958,5.977,0.362,0.0,1,828,49.9,1.0,Neutral,47.0,47.2,48.3,53.4
2023-03-27,3251.4,6.454,0.55,6.097,53.45,0.49,2.81,1.209,0.51,48.36,17.07,48.01,0.51,-4.63,1.318,6.407,0.483,0.121,2,828,49.9,1.0,Neutral,46.9,47.2,48.8,52.8
2023-03-28,3245.38,6.45,0.55,6.097,42.7,0.61,1.83,1.049,-0.32,42.5,16.73,46.93,0.23,-4.81,1.294,5.26,0.845,0.0,1,828,49.0,1.0,Neutral,46.0,45.7,47.4,47.2
2023-03-29,3240.06,6.773,0.65,6.099,36.8,1.22,1.96,1.047,-0.79,40.07,16.72,45.95,-0.01,-4.96,0.967,5.234,0.362,0.242,2,828,48.1,1.0,Neutral,44.6,44.5,46.2,44.2
2023-03-30,3261.25,6.933,0.69,6.092,37.27,0.73,1.1,1.053,-0.77,40.16,16.4,50.4,0.56,-4.34,0.772,5.131,0.362,0.0,3,828,48.0,1.0,Neutral,44.2,44.2,45.9,45.7
2023-03-31,3272.86,6.791,0.65,6.02,42.39,0.37,2.56,0.992,0.22,44.77,16.34,52.7,0.81,-4.0,0.377,4.984,0.725,0.0,4,828,48.9,1.0,Neutral,44.9,45.9,47.2,47.6
2023-04-03,3296.4,6.544,0.58,6.013,47.32,0.24,4.4,1.246,1.38,53.99,17.16,57.05,1.43,-3.31,0.496,7.341,1.087,0.0,2,828,50.4,1.0,Neutral,46.8,48.4,49.2,53.7
2023-04-04,3312.56,6.625,0.6,6.015,46.62,1.1,3.66,1.333,2.07,59.57,16.87,59.79,1.82,-2.84,0.49,7.446,0.604,0.0,1,828,50.5,1.0,Neutral,46.8,49.4,49.8,54.9
2023-04-06,3312.63,6.805,0.65,6.013,48.29,1.34,3.3,1.124,2.24,57.0,17.36,59.8,1.73,-2.83,1.105,7.311,0.725,0.121,1,828,49.9,1.0,Neutral,45.8,48.3,49.4,53.7
2023-04-07,3327.65,6.63,0.6,6.027,53.82,0.37,2.44,0.969,2.04,53.31,16.58,62.38,2.1,-2.39,0.905,6.162,0.845,0.0,2,828,49.6,1.0,Neutral,45.9,47.3,48.7,54.8
2023-04-10,3315.36,6.872,0.67,6.028,44.31,1.47,2.08,1.165,1.3,52.39,16.56,59.04,1.64,-2.75,1.264,6.942,0.121,0.483,1,827,49.2,1.0,Neutral,45.2,47.0,48.0,52.2
2023-04-11,3313.57,6.892,0.68,6.053,41.02,1.59,1.96,1.091,0.52,47.24,16.12,58.55,1.51,-2.81,0.685,5.589,0.725,0.0,1,828,48.4,1.0,Neutral,44.5,45.5,46.7,50.2
2023-04-12,3327.18,6.691,0.62,6.057,48.53,1.22,3.67,1.163,0.44,47.52,15.72,61.2,1.85,-2.41,0.986,6.406,1.208,0.121,2,828,49.4,1.0,Neutral,45.8,45.6,47.3,54.7
2023-04-13,3318.36,6.691,0.62,6.045,47.74,2.08,1.47,1.172,0.17,46.08,15.22,58.59,1.5,-2.66,0.447,6.04,0.604,0.242,2,828,49.2,1.0,Neutral,45.6,45.6,46.7,53.6
2023-04-14,3338.15,6.708,0.62,6.045,44.86,1.34,1.71,1.133,0.32,46.53,15.03,62.46,2.01,-2.08,0.515,5.988,0.242,0.242,1,828,48.7,1.0,Neutral,45.0,45.2,46.1,53.5
2023-04-17,3385.61,6.502,0.56,6.03,50.91,0.24,2.08,1.34,2.12,60.0,16.06,69.76,3.36,-0.69,0.646,5.871,0.966,0.121,1,827,49.6,1.0,Neutral,46.1,48.4,49.1,60.2
2023-04-18,3393.33,6.562,0.58,6.041,47.16,0.86,1.47,1.147,2.41,58.34,15.53,70.75,3.51,-0.47,0.631,5.659,0.483,0.121,1,829,49.3,1.0,Neutral,45.8,47.7,48.4,57.6
2023-04-19,3370.13,6.681,0.61,6.04,40.41,2.08,2.08,1.137,1.29,51.97,15.19,63.94,2.73,-1.15,0.387,5.986,0.241,0.121,1,829,49.1,1.0,Neutral,45.4,46.6,47.2,52.9
2023-04-20,3367.03,6.74,0.63,6.04,38.93,4.03,2.44,1.144,1.47,53.04,15.0,63.06,2.56,-1.24,0.602,6.218,0.362,0.121,2,829,49.8,1.0,Neutral,46.0,46.9,47.9,52.0
2023-04-21,3301.26,7.14,0.75,6.047,30.64,7.2,0.49,1.255,-1.11,39.06,15.91,48.05,0.52,-3.17,0.221,6.215,0.121,0.724,1,829,47.6,1.0,Neutral,43.3,43.8,44.5,44.6
2023-04-24,3275.41,7.179,0.76,6.056,27.54,6.94,1.58,1.138,-3.25,26.78,17.12,43.65,-0.27,-3.92,0.166,5.273,0.602,0.482,1,830,45.6,1.0,Neutral,41.2,40.6,42.0,41.1
2023-04-25,3264.87,7.36,0.81,6.057,24.72,12.41,1.34,1.218,-3.79,23.15,17.27,41.97,-0.59,-4.23,-0.393,5.254,0.602,1.084,2,830,44.8,1.0,Neutral,40.2,39.4,40.7,40.0
2023-04-26,3264.1,7.098,0.74,6.067,32.39,1.59,1.22,1.143,-3.15,27.35,16.51,41.84,-0.62,-4.26,-0.86,5.422,1.332,0.363,3,826,46.2,1.0,Neutral,42.0,40.9,42.0,42.2
2023-04-27,3285.88,7.038,0.72,6.088,37.44,2.44,1.71,1.087,-2.41,31.59,15.28,46.76,0.05,-3.62,-1.583,4.825,0.604,1.208,1,828,46.0,1.0,Neutral,42.0,41.8,41.7,45.1
2023-04-28,3323.28,6.495,0.55,5.94,50.56,2.07,2.07,1.278,0.67,50.03,15.01,53.95,1.17,-2.52,-1.802,5.457,2.295,0.362,2,828,50.3,1.0,Neutral,46.4,48.3,47.5,54.5
2023-05-04,3350.46,6.07,0.43,5.957,54.48,2.57,3.79,1.533,2.29,64.52,15.58,58.36,1.95,-1.72,-1.297,6.028,2.184,0.243,3,824,52.2,1.0,Neutral,49.0,52.3,51.3,59.7
2023-05-05,3334.5,6.009,0.41,5.985,57.06,4.5,2.19,1.371,2.13,60.61,15.34,55.03,1.41,-2.19,-1.058,5.211,1.086,0.241,4,829,51.9,1.0,Neutral,49.0,51.5,50.8,58.4
2023-05-08,3395.0,5.908,0.38,5.97,54.67,2.07,2.55,1.662,4.01,80.23,16.16,63.52,3.18,-0.42,-0.374,5.799,0.483,0.241,5,829,53.5,1.0,Neutral,50.7,56.0,55.0,62.6
2023-05-09,3357.67,5.886,0.37,5.98,47.11,5.97,1.22,1.758,2.18,67.62,16.32,56.44,1.98,-1.51,0.243,6.465,0.362,0.604,1,828,52.6,1.0,Neutral,49.8,53.5,52.7,57.9
2023-05-10,3319.15,6.065,0.42,5.997,43.45,1.95,1.34,1.362,-0.12,45.77,16.36,50.22,0.78,-2.64,0.951,4.948,0.844,0.241,2,829,50.3,1.0,Neutral,47.4,47.9,49.0,52.1
2023-05-11,3309.55,5.964,0.39,6.017,44.27,1.09,1.7,1.058,-1.22,37.85,15.91,48.77,0.47,-2.92,0.19,4.224,1.448,0.241,3,829,49.1,1.0,Neutral,46.4,45.9,46.9,49.5
2023-05-12,3272.36,6.104,0.43,6.013,43.74,3.53,1.09,1.032,-1.86,34.52,16.24,43.55,-0.66,-4.01,0.048,3.788,0.843,0.723,2,829,47.9,1.0,Neutral,45.0,45.0,45.8,46.8
2023-05-15,3310.74,6.062,0.42,5.999,46.5,0.49,1.7,1.15,-2.48,31.03,16.14,49.55,0.5,-2.89,-0.186,4.505,1.084,0.12,1,830,48.0,1.0,Neutral,45.0,44.0,44.8,51.2
2023-05-16,3290.99,6.161,0.45,6.005,49.01,2.43,1.82,0.951,-1.99,33.96,16.34,46.8,-0.11,-3.47,-0.375,3.968,0.724,1.327,2,829,47.6,1.0,Neutral,44.5,44.7,45.1,48.7
2023-05-17,3284.23,6.239,0.47,5.997,51.38,1.46,2.06,0.84,-1.05,38.02,16.9,45.86,-0.33,-3.67,-0.336,3.669,0.964,0.482,2,830,47.6,1.0,Neutral,44.3,45.7,46.2,47.5
2023-05-18,3297.32,6.275,0.48,6.0,48.64,2.91,2.06,0.916,-0.37,41.4,16.14,48.03,0.03,-3.28,-0.049,4.416,0.843,0.241,2,830,48.9,1.0,Neutral,45.7,46.4,47.0,48.3
2023-05-19,3283.54,6.493,0.55,6.003,53.57,2.79,1.58,0.842,0.34,43.97,15.86,45.94,-0.38,-3.69,0.061,4.032,0.602,0.481,3,830,48.8,1.0,Neutral,45.3,46.8,47.4,47.9
2023-05-22,3296.47,6.39,0.52,6.005,50.5,1.82,1.33,0.809,-0.43,40.48,15.53,48.22,0.01,-3.31,-0.134,3.648,0.602,0.12,1,831,48.1,1.0,Neutral,44.7,46.0,46.4,47.3
2023-05-23,3246.24,6.728,0.62,6.022,49.28,2.67,0.61,0.815,-1.36,36.66,15.84,40.98,-1.49,-4.78,-0.188,3.41,0.481,0.241,2,831,47.0,1.0,Neutral,43.1,44.5,45.3,43.8
2023-05-24,3204.75,6.988,0.7,6.015,42.65,3.76,0.97,0.854,-2.42,32.15,16.62,36.15,-2.71,-6.0,-0.197,3.838,0.842,0.241,2,831,46.5,1.0,Neutral,42.2,43.1,44.2,39.4
2023-05-25,3201.26,7.007,0.7,6.012,40.52,5.34,0.97,0.838,-2.91,30.1,16.82,35.77,-2.78,-6.1,-0.488,3.972,1.082,0.24,3,831,46.4,1.0,Neutral,42.0,42.6,43.7,38.2
2023-05-26,3212.5,6.947,0.68,5.998,42.2,4.49,1.21,0.772,-2.16,33.39,16.18,38.04,-2.42,-5.77,-0.389,4.042,1.202,0.481,2,832,47.1,1.0,Neutral,42.8,43.6,44.4,38.8
2023-05-29,3221.45,7.026,0.71,6.023,37.16,7.52,0.97,0.876,-2.28,32.73,16.6,39.86,-2.11,-5.51,-0.239,4.321,0.481,0.481,3,832,46.7,1.0,Neutral,42.4,43.0,44.0,39.2
2023-05-30,3224.21,6.947,0.68,6.018,43.89,5.58,1.33,0.892,-0.68,39.86,16.41,40.45,-1.99,-5.43,-0.125,4.475,0.841,0.721,4,832,47.9,1.0,Neutral,43.7,45.1,45.9,42.2
2023-05-31,3204.56,7.026,0.71,6.464,43.53,7.52,1.58,0.866,-0.01,42.68,17.87,37.65,-2.53,-6.0,-0.083,4.293,0.842,0.481,2,831,43.6,1.0,Neutral,43.0,41.3,42.7,40.4
2023-06-01,3204.64,6.983,0.69,6.467,46.21,4.36,1.33,0.92,0.11,43.61,16.58,37.67,-2.47,-6.0,0.028,4.794,0.721,0.361,3,832,44.8,1.0,Neutral,44.3,41.6,43.1,42.2
2023-06-02,3230.07,6.801,0.64,6.454,48.03,0.73,0.97,0.869,0.55,45.13,17.0,43.52,-1.65,-5.25,-0.114,4.303,1.203,0.241,1,831,44.5,1.0,Neutral,44.1,42.3,43.4,44.5
2023-06-05,3232.44,6.659,0.59,6.457,52.2,2.55,1.58,0.822,0.34,43.79,16.63,44.05,-1.55,-5.19,-0.05,4.113,1.203,0.361,1,831,44.5,1.0,Neutral,44.4,42.2,43.3,45.6
2023-06-06,3195.34,7.039,0.71,6.467,43.09,7.03,0.97,0.917,-0.9,38.99,16.96,38.06,-2.64,-6.27,-0.256,4.191,0.841,0.481,2,831,43.4,1.0,Neutral,42.8,40.3,41.7,41.0
2023-06-07,3197.76,6.897,0.66,6.466,46.74,7.39,1.94,0.766,-0.21,41.08,17.25,38.65,-2.52,-6.2,-0.343,3.68,1.202,0.361,2,832,43.3,1.0,Neutral,42.9,41.1,42.4,40.5
2023-06-08,3213.59,6.713,0.61,6.467,43.24,8.62,0.61,0.871,0.28,43.97,17.16,42.48,-2.03,-5.74,-0.542,3.732,0.601,0.361,3,831,43.8,1.0,Neutral,43.7,42.1,43.1,42.4
2023-06-09,3231.41,6.793,0.63,6.479,40.74,4.72,0.85,0.932,0.04,43.41,16.48,46.53,-1.47,-5.22,-0.377,4.241,1.199,0.12,1,834,44.2,1.0,Neutral,44.1,41.5,42.6,43.5
2023-06-12,3228.83,6.733,0.61,6.479,42.43,2.9,1.57,0.93,-0.11,42.68,16.47,46.02,-1.54,-5.29,-0.324,4.447,1.918,0.0,2,834,44.7,1.0,Neutral,44.7,41.4,43.0,44.0
2023-06-13,3233.67,6.792,0.63,6.526,50.05,4.11,1.69,0.832,1.2,47.5,16.07,47.18,-1.38,-5.15,-0.106,4.507,1.679,0.36,3,834,44.9,1.0,Neutral,45.2,42.0,43.5,45.7
2023-06-14,3228.99,6.83,0.64,6.531,47.96,5.8,1.69,0.901,0.98,47.39,16.32,46.15,-1.52,-5.29,-0.193,4.772,0.719,0.24,3,834,44.7,1.0,Neutral,45.1,41.9,43.2,45.6
2023-06-15,3252.97,6.889,0.66,6.501,51.44,2.06,0.73,0.931,1.23,48.91,15.66,51.95,-0.79,-4.58,-0.091,5.273,0.48,0.36,1,834,44.9,1.0,Neutral,44.9,42.0,43.0,48.9
2023-06-16,3273.33,6.768,0.62,6.487,51.96,1.09,1.21,0.971,1.3,49.78,15.36,56.25,-0.19,-3.99,-0.114,5.306,1.08,0.12,1,833,45.3,1.0,Neutral,45.3,42.1,43.3,51.2
2023-06-19,3255.81,6.945,0.67,6.462,47.47,4.84,2.18,0.978,0.84,47.64,16.03,51.94,-0.73,-4.5,0.084,5.736,0.719,0.12,2,834,45.5,1.0,Neutral,45.0,42.0,43.5,48.1
2023-06-20,3240.36,7.283,0.78,6.474,43.08,7.74,1.69,0.889,0.21,43.81,15.45,48.42,-1.18,-4.95,0.304,5.58,1.078,0.0,3,835,45.3,1.0,Neutral,44.4,40.7,42.7,43.8
2023-06-21,3197.9,7.227,0.76,6.479,37.49,11.85,0.97,0.877,-0.96,38.54,15.97,40.32,-2.44,-6.2,-0.226,4.73,0.958,0.838,4,835,43.9,1.0,Neutral,43.2,39.6,41.3,38.9
2023-06-26,3150.62,7.56,0.86,6.481,30.6,15.36,0.6,0.919,-3.15,28.64,17.05,33.58,-3.82,-7.59,-0.299,4.339,0.359,0.359,5,835,41.8,1.0,Neutral,40.6,36.7,38.9,33.8
2023-06-27,3189.44,7.117,0.72,6.482,36.25,1.09,0.85,0.858,-2.56,31.52,16.43,42.13,-2.61,-6.45,-0.17,3.596,1.316,0.0,6,835,42.7,1.0,Neutral,42.1,38.0,40.4,38.7
2023-06-28,3189.38,7.076,0.71,6.484,37.15,2.54,1.09,0.826,-2.04,33.82,15.69,42.12,-2.58,-6.45,-0.878,3.878,1.077,0.12,5,835,43.2,1.0,Neutral,42.7,38.6,40.3,38.6
2023-06-29,3182.38,7.093,0.72,6.497,44.11,2.3,1.57,0.75,-1.79,34.87,15.84,41.02,-2.77,-6.65,-1.018,3.927,0.957,0.239,6,836,43.1,1.0,Neutral,42.7,38.8,40.4,39.5
2023-06-30,3202.06,6.776,0.62,6.481,56.23,0.61,1.45,0.797,0.13,42.69,15.46,45.35,-2.13,-6.08,-0.787,4.182,1.435,0.12,2,836,44.8,1.0,Neutral,44.8,41.5,42.6,46.3
2023-07-03,3243.97,6.615,0.57,6.476,65.71,0.0,0.6,0.939,2.96,57.17,15.09,53.24,-0.84,-4.85,-0.468,4.873,1.314,0.358,2,837,46.6,1.0,Neutral,46.8,44.8,45.4,54.1
2023-07-04,3245.35,6.534,0.55,6.468,60.29,0.24,1.33,0.838,1.75,49.94,14.73,53.47,-0.77,-4.81,-0.261,4.458,1.314,0.239,3,837,46.1,1.0,Neutral,46.3,43.1,44.3,51.4
2023-07-05,3222.95,6.656,0.58,6.476,57.06,0.72,1.09,0.796,1.05,46.44,15.01,49.11,-1.41,-5.46,0.102,4.056,0.358,0.238,4,838,45.5,1.0,Neutral,45.6,42.4,43.8,48.0
2023-07-06,3205.57,6.598,0.56,6.477,52.56,1.21,1.45,0.746,0.73,44.58,15.25,45.97,-1.89,-5.97,0.1,3.879,0.834,0.119,5,839,45.6,1.0,Neutral,45.8,42.3,44.0,44.8
2023-07-07,3196.61,6.595,0.56,6.475,44.38,2.17,1.09,0.779,-0.17,41.34,15.4,44.39,-2.1,-6.24,0.19,3.535,0.715,0.715,2,839,44.5,1.0,Neutral,44.6,41.5,43.0,41.9
2023-07-10,3203.7,6.498,0.53,6.475,41.34,0.84,0.48,0.721,-1.24,36.92,15.36,45.97,-1.82,-6.03,0.035,3.363,0.477,0.358,1,839,43.7,1.0,Neutral,44.0,40.5,41.8,40.6
2023-07-11,3221.37,6.533,0.54,6.48,44.2,0.24,1.45,0.698,-0.74,38.69,14.97,49.79,-1.24,-5.4,-0.096,3.561,1.073,0.119,1,839,44.0,1.0,Neutral,44.3,40.4,41.9,42.6
2023-07-12,3196.13,6.636,0.57,6.478,42.67,1.81,0.84,0.836,-0.83,38.94,15.22,44.91,-1.94,-6.15,-0.346,4.165,0.357,0.476,2,839,44.6,1.0,Neutral,44.7,40.8,42.0,42.3
2023-07-13,3236.48,6.481,0.53,6.474,50.14,1.09,0.6,0.855,0.96,46.79,14.87,52.87,-0.67,-4.96,-0.516,4.236,0.238,0.476,1,840,45.0,1.0,Neutral,45.3,42.4,42.9,48.2
2023-07-14,3237.7,6.438,0.51,6.471,50.9,1.57,0.96,0.848,1.29,48.09,14.8,53.09,-0.58,-4.93,-0.332,4.348,0.832,0.119,1,841,45.6,1.0,Neutral,46.0,42.8,43.7,48.5
2023-07-17,3209.63,6.437,0.51,6.479,49.26,2.65,1.2,0.779,0.19,42.76,15.04,47.57,-1.35,-5.71,-0.228,3.802,1.188,0.238,1,841,45.0,1.0,Neutral,45.4,42.0,43.0,45.1
2023-07-18,3197.82,6.393,0.5,6.492,44.75,2.17,1.2,0.738,-0.73,38.91,14.97,45.43,-1.61,-5.81,-0.244,3.433,0.593,0.0,2,842,44.4,1.0,Neutral,45.0,40.9,42.4,42.3
2023-07-19,3198.84,6.312,0.47,6.492,49.64,2.29,1.08,0.686,0.08,41.6,15.06,45.65,-1.5,-5.78,-0.044,3.081,0.712,0.119,1,843,44.2,1.0,Neutral,45.0,41.8,43.0,43.5
2023-07-20,3169.52,6.331,0.48,6.494,38.29,3.25,0.6,0.76,-2.07,33.78,15.66,40.44,-2.3,-6.64,-0.268,3.38,0.949,0.119,2,843,43.6,1.0,Neutral,44.4,39.8,41.5,38.7
2023-07-21,3167.74,6.269,0.46,6.508,39.15,2.89,0.24,0.721,-2.16,33.48,15.14,40.14,-2.29,-6.69,-0.521,2.898,0.83,0.237,3,843,43.3,1.0,Neutral,44.3,39.7,41.2,38.4
2023-07-24,3164.16,6.206,0.44,6.522,40.32,3.25,0.24,0.699,-1.42,36.22,14.84,39.5,-2.34,-6.8,-0.673,2.77,0.356,0.356,2,843,43.3,1.0,Neutral,44.6,40.4,41.4,38.4
2023-07-25,3231.52,5.825,0.32,6.453,47.4,0.0,1.33,1.133,1.05,50.61,15.31,54.18,-0.25,-4.82,-0.707,4.465,1.423,0.0,3,843,47.1,1.0,Neutral,48.2,44.8,45.5,52.2
2023-07-26,3223.03,5.744,0.3,6.473,47.16,0.24,1.45,1.033,0.76,47.85,15.68,52.45,-0.49,-5.07,-0.81,3.556,0.949,0.0,3,843,45.8,1.0,Neutral,47.3,44.2,44.8,50.5
2023-07-27,3216.67,5.824,0.32,6.476,48.61,1.45,1.08,1.067,1.49,52.07,15.06,51.14,-0.65,-5.25,-0.566,3.472,0.593,0.119,1,843,46.1,1.0,Neutral,47.5,45.2,45.5,50.9
2023-07-28,3275.93,5.606,0.26,6.462,54.0,0.96,1.2,1.342,3.42,68.37,15.2,60.96,1.21,-3.51,-0.428,4.685,0.949,0.0,1,843,48.6,1.0,Neutral,50.2,49.0,48.8,58.8
2023-07-31,3291.04,5.387,0.19,6.143,58.29,0.84,1.69,1.498,4.01,76.1,18.36,63.01,1.7,-3.06,0.051,5.736,1.068,0.0,1,843,51.8,1.0,Neutral,50.7,54.8,54.0,62.6
2023-08-01,3290.95,5.287,0.16,6.142,48.94,1.2,1.69,1.503,1.84,60.77,18.36,62.98,1.72,-3.06,0.202,4.535,0.949,0.0,2,843,49.9,1.0,Neutral,48.9,51.0,51.1,59.6
2023-08-02,3261.69,5.464,0.21,6.15,49.49,0.72,1.33,1.323,1.2,53.88,17.77,56.36,0.89,-3.93,0.494,4.101,1.068,0.0,3,843,49.6,1.0,Neutral,48.4,49.5,50.3,56.1
2023-08-03,3280.46,5.404,0.19,6.159,52.24,0.84,1.81,1.264,1.98,57.89,18.33,59.32,1.51,-3.37,0.703,4.154,0.83,0.119,4,843,49.6,1.0,Neutral,48.6,50.3,51.1,57.7
2023-08-04,3288.08,5.443,0.21,6.156,46.33,0.6,1.93,1.564,0.37,50.89,17.77,60.49,1.76,-3.15,0.951,5.783,0.712,0.119,5,843,50.1,1.0,Neutral,49.0,48.3,49.6,58.1
2023-08-07,3268.83,5.66,0.27,6.157,38.27,2.53,1.32,1.195,-0.67,41.37,18.36,56.1,1.19,-3.72,0.841,4.469,0.949,0.237,2,843,47.8,1.0,Neutral,46.4,45.9,47.3,50.9
2023-08-08,3260.62,5.677,0.28,6.157,38.29,2.89,0.48,1.05,-0.92,39.38,18.78,54.29,0.94,-3.96,0.713,3.844,0.949,0.474,1,843,46.7,1.0,Neutral,45.3,45.5,46.6,49.0
2023-08-09,3244.49,5.735,0.29,6.157,34.54,2.17,0.48,0.901,-0.53,40.59,19.01,50.82,0.47,-4.43,0.367,3.286,0.829,0.237,2,843,46.5,1.0,Neutral,45.0,46.1,47.1,44.6
2023-08-10,3254.56,5.755,0.3,6.155,38.28,0.6,0.6,0.961,-0.79,39.67,19.05,52.85,0.81,-4.14,0.213,3.196,0.592,0.118,3,844,46.2,1.0,Neutral,44.6,45.6,46.6,47.3
2023-08-11,3189.25,5.955,0.36,6.165,32.58,3.97,0.0,1.106,-3.01,28.33,19.03,41.05,-1.17,-6.06,-0.181,3.531,0.592,0.0,4,844,45.4,1.0,Neutral,43.5,42.7,44.1,42.8
2023-08-14,3178.43,5.913,0.35,6.182,38.19,3.97,0.12,1.002,-2.77,30.05,18.73,39.47,-1.44,-6.38,-0.546,3.29,0.948,0.118,1,844,45.0,1.0,Neutral,43.3,43.2,43.9,42.8
2023-08-15,3176.18,5.912,0.34,6.227,36.55,6.25,0.12,0.914,-2.59,31.22,18.25,39.14,-1.46,-6.45,-0.561,3.159,0.829,0.0,2,844,45.1,1.0,Neutral,43.8,43.1,44.0,41.0
2023-08-16,3150.13,5.889,0.34,6.238,35.69,8.77,0.6,0.943,-2.91,29.63,18.92,35.38,-2.19,-7.21,-0.584,3.159,0.474,0.0,3,844,44.7,1.0,Neutral,43.5,42.7,43.7,39.5
2023-08-17,3163.74,5.867,0.33,6.235,39.41,1.68,0.84,0.986,-2.79,30.0,19.11,38.69,-1.73,-6.81,-0.47,3.404,0.948,0.0,2,844,44.9,1.0,Neutral,43.7,42.8,43.9,42.7
2023-08-18,3131.95,6.143,0.41,6.239,40.78,7.08,0.24,0.984,-1.8,34.86,19.72,34.28,-2.68,-7.75,-0.429,3.257,0.711,0.592,1,844,44.3,1.0,Neutral,42.7,43.7,44.2,40.8
2023-08-21,3092.98,6.243,0.44,6.263,34.72,10.08,0.48,0.888,-2.69,30.87,21.02,29.79,-3.84,-8.9,-0.44,2.91,0.592,0.355,2,844,43.1,1.0,Neutral,41.6,42.4,43.3,35.2
2023-08-22,3120.33,6.241,0.44,6.246,37.97,9.6,0.6,1.034,-1.76,35.06,20.32,36.11,-2.94,-8.09,-0.412,3.638,1.3,0.236,1,845,44.5,1.0,Neutral,42.8,43.6,44.3,40.7
2023-08-23,3078.4,6.42,0.5,6.249,36.4,16.57,0.6,0.908,-2.28,32.66,20.54,31.44,-4.17,-9.33,-0.429,2.985,0.708,0.59,2,846,43.5,1.0,Neutral,41.6,42.8,43.7,36.1
2023-08-24,3082.24,6.537,0.53,6.249,29.97,9.12,0.6,1.002,-2.58,30.99,19.77,32.3,-3.98,-9.21,-0.653,3.405,0.708,0.118,1,847,43.6,1.0,Neutral,41.5,42.1,42.9,35.3
2023-08-25,3064.07,6.793,0.61,6.233,29.56,17.89,0.6,0.98,-2.17,33.05,19.8,30.35,-4.48,-9.75,-0.995,2.994,0.354,0.943,1,847,42.9,1.0,Neutral,40.2,42.5,42.7,33.6
2023-08-28,3098.64,6.358,0.48,6.219,38.07,6.48,0.72,1.622,0.18,50.0,20.32,38.02,-3.35,-8.73,-0.567,5.826,1.06,0.118,1,848,47.7,1.0,Neutral,45.6,47.7,47.6,45.1
2023-08-29,3135.89,6.059,0.38,6.233,46.79,0.12,0.6,1.319,0.5,49.4,20.61,45.03,-2.14,-7.63,-0.371,4.944,2.473,0.0,2,849,47.7,1.0,Neutral,46.2,47.7,48.2,49.4
2023-08-30,3137.14,6.257,0.44,6.243,56.18,0.36,0.72,1.143,1.91,55.49,20.2,45.26,-2.05,-7.6,-0.13,4.632,1.06,0.118,2,849,47.7,1.0,Neutral,46.0,48.8,49.0,51.1
2023-08-31,3119.88,,,6.542,54.04,1.32,0.12,1.027,1.22,50.15,18.72,42.67,-2.55,-8.1,-0.126,3.631,0.589,0.236,3,849,42.5,1.0,Neutral,49.0,42.1,43.4,37.6
2023-09-01,3133.25,6.375,0.48,6.514,60.53,0.72,0.48,0.957,2.26,54.18,18.06,45.28,-2.1,-7.71,0.208,3.315,1.294,0.118,4,849,44.7,1.0,Neutral,45.6,44.8,46.2,50.2
2023-09-04,3177.06,5.998,0.37,6.487,62.9,0.12,0.84,1.198,2.53,59.98,17.58,52.85,-0.71,-6.42,0.048,4.12,0.941,0.118,5,850,46.6,1.0,Neutral,47.8,46.7,47.6,56.7
2023-09-05,3154.37,6.214,0.43,6.484,51.05,0.0,0.72,0.958,0.59,46.23,17.22,49.06,-1.38,-7.09,-0.035,3.747,0.706,0.235,5,850,44.8,1.0,Neutral,45.7,43.1,44.5,48.6
2023-09-06,3158.08,6.155,0.41,6.462,50.02,0.12,1.32,0.87,0.67,45.67,17.17,49.7,-1.23,-6.98,0.035,3.634,1.294,0.0,6,850,45.2,1.0,Neutral,46.0,43.3,45.0,47.4
2023-09-07,3122.35,6.432,0.5,6.464,44.88,1.8,1.08,0.88,0.08,43.16,17.61,44.01,-2.29,-8.03,0.058,3.42,0.588,0.353,2,850,43.8,1.0,Neutral,44.1,42.5,43.7,43.3
2023-09-08,3116.72,6.527,0.52,6.462,45.53,1.2,0.84,0.746,-0.53,39.73,17.99,43.18,-2.41,-8.2,0.099,3.128,1.412,0.118,3,850,43.2,1.0,Neutral,43.4,41.5,43.2,41.1
2023-09-11,3142.78,6.151,0.41,6.469,44.24,0.36,0.72,0.954,-1.08,38.26,18.06,48.1,-1.54,-7.43,1.569,5.823,1.175,0.353,4,850,45.8,1.0,Neutral,46.6,41.4,44.3,45.9
2023-09-12,3137.06,6.171,0.42,6.476,46.39,0.36,1.08,0.772,-0.55,39.79,17.17,47.14,-1.65,-7.6,2.021,4.159,0.823,0.0,3,851,45.6,1.0,Neutral,46.5,41.8,45.0,43.7
2023-09-13,3123.07,6.328,0.46,6.484,39.09,1.08,0.96,0.825,-1.11,37.73,17.08,44.77,-2.02,-8.01,2.223,3.886,0.705,0.0,4,851,45.1,1.0,Neutral,45.8,40.9,44.6,40.9
2023-09-14,3126.55,6.406,0.49,6.492,41.58,2.87,1.08,0.876,0.13,43.38,17.61,45.5,-1.85,-7.91,2.483,3.428,0.94,0.0,5,851,45.0,1.0,Neutral,45.7,42.2,45.9,42.7
2023-09-15,3117.74,6.327,0.46,6.459,41.76,1.67,0.96,0.971,0.03,43.68,16.85,43.91,-2.08,-8.17,2.88,3.823,0.94,0.0,6,851,46.5,1.0,Neutral,47.0,42.8,46.8,43.6
2023-09-18,3125.93,6.248,0.44,6.449,40.47,0.84,0.24,0.863,-0.54,40.34,17.15,45.81,-1.81,-7.93,1.352,3.551,0.823,0.353,2,851,44.8,1.0,Neutral,45.3,42.2,44.6,42.4
2023-09-19,3124.96,6.324,0.46,6.437,36.22,2.51,0.36,0.846,-0.39,40.89,16.91,45.61,-1.81,-7.95,0.781,3.034,0.705,0.235,2,851,44.3,1.0,Neutral,44.5,42.3,44.2,40.5
2023-09-20,3108.57,6.402,0.48,6.434,37.11,4.06,0.6,0.762,-0.46,40.07,16.56,42.31,-2.29,-8.44,0.46,2.718,0.47,0.235,3,851,44.0,1.0,Neutral,44.1,42.1,43.9,38.3
2023-09-21,3084.7,6.481,0.51,6.442,36.59,5.49,0.72,0.766,-1.34,36.65,16.89,37.99,-2.99,-9.14,0.389,2.786,0.47,0.118,3,851,43.5,1.0,Neutral,43.5,41.1,43.0,36.5
2023-09-22,3132.43,6.281,0.45,6.422,43.22,0.12,0.6,0.959,0.47,45.68,16.37,49.16,-1.45,-7.73,0.313,4.105,0.823,0.235,4,851,46.1,1.0,Neutral,46.2,43.6,45.1,45.6
2023-09-25,3115.61,6.478,0.5,6.402,36.0,2.39,0.48,0.865,-0.33,41.25,17.17,46.01,-1.91,-8.23,0.325,3.783,0.47,0.235,4,851,45.0,1.0,Neutral,44.6,42.6,44.2,40.5
2023-09-26,3102.27,6.538,0.52,6.404,37.72,4.05,0.36,0.748,-0.73,38.98,16.96,43.63,-2.26,-8.62,0.312,3.383,0.353,0.353,5,851,44.4,1.0,Neutral,44.0,41.9,43.7,38.4
2023-09-27,3107.32,6.535,0.52,6.411,44.41,1.19,0.95,0.811,-0.04,42.1,17.06,44.8,-2.04,-8.47,0.436,3.798,1.059,0.0,6,850,45.4,1.0,Neutral,45.0,42.6,44.7,42.2
2023-09-28,3110.47,6.456,0.5,6.525,54.74,0.72,0.96,0.798,0.84,45.58,16.99,45.55,-1.89,-8.38,-0.729,3.429,0.707,0.236,2,849,43.5,1.0,Neutral,44.4,42.3,43.1,45.9
2023-10-09,3096.92,6.692,0.57,6.529,44.26,2.86,0.72,0.893,-1.13,37.83,16.22,42.83,-2.27,-8.78,0.031,4.436,1.647,0.235,3,850,44.0,1.0,Neutral,44.6,39.8,41.7,42.5
2023-10-10,3075.24,6.888,0.63,6.519,45.02,4.06,0.72,0.862,-1.3,37.03,16.08,38.84,-2.89,-9.42,0.215,4.187,1.412,0.588,3,850,43.7,1.0,Neutral,43.9,39.4,41.5,40.6
2023-10-11,3078.96,7.125,0.7,6.502,48.86,3.69,0.72,0.876,-0.75,39.46,15.63,39.87,-2.7,-9.31,0.58,4.558,1.293,0.118,2,850,44.5,1.0,Neutral,44.1,39.9,42.2,42.2
2023-10-12,3107.9,6.789,0.6,6.509,50.28,0.48,0.6,0.925,0.02,43.25,15.31,47.35,-1.74,-8.46,0.697,4.511,0.705,0.353,3,851,45.1,1.0,Neutral,45.3,41.1,43.2,46.3
2023-10-13,3088.1,7.144,0.7,6.529,41.18,4.76,1.79,0.858,-0.72,39.52,15.61,43.38,-2.29,-9.04,1.724,4.266,0.705,0.235,2,851,44.2,1.0,Neutral,44.1,39.4,42.6,40.3
2023-10-16,3073.81,7.102,0.69,6.522,40.35,8.56,1.55,0.889,-0.75,39.55,16.41,40.72,-2.65,-9.46,1.209,4.283,0.705,0.353,3,851,43.8,1.0,Neutral,43.7,39.6,42.4,39.6
2023-10-17,3083.5,7.181,0.71,6.511,41.44,5.34,0.48,0.873,0.27,43.94,15.8,43.26,-2.28,-9.18,0.825,3.76,0.469,0.352,2,851,43.8,1.0,Neutral,43.4,40.7,42.9,40.5
2023-10-18,3058.71,7.516,0.81,6.494,33.58,14.61,0.59,0.905,-0.66,40.02,15.7,38.69,-3.0,-9.91,0.402,3.947,0.352,0.352,3,852,43.3,1.0,Neutral,42.3,39.5,41.5,36.2
2023-10-19,3005.39,7.694,0.87,6.482,25.35,15.78,0.36,1.023,-3.3,27.28,17.95,31.1,-4.59,-11.48,0.183,4.292,0.586,0.703,4,853,41.2,1.0,Neutral,39.8,36.3,38.8,31.6
2023-10-20,2983.06,7.791,0.9,6.494,25.33,14.0,0.47,0.894,-3.4,27.64,18.94,28.57,-5.21,-12.13,0.087,3.506,0.938,0.117,5,853,40.2,1.0,Neutral,38.8,36.2,38.9,28.8
2023-10-23,2939.29,8.302,1.05,6.495,21.08,27.16,0.24,0.932,-4.38,22.84,19.66,24.38,-6.48,-13.42,-0.225,3.687,0.821,0.703,6,853,38.8,1.0,Neutral,36.6,34.3,37.0,25.7
2023-10-24,2962.24,7.77,0.89,6.482,30.55,3.32,0.47,1.036,-3.93,23.95,18.29,30.16,-5.65,-12.75,-0.143,3.93,1.522,0.0,7,853,41.0,1.0,Neutral,39.4,35.5,38.4,32.3
2023-10-25,2974.11,7.554,0.82,6.494,43.99,2.25,0.83,1.102,-2.77,29.64,16.74,33.01,-5.14,-12.4,-0.011,4.33,1.756,0.351,8,854,42.7,1.0,Neutral,41.6,37.1,39.8,39.2
2023-10-26,2988.3,7.554,0.82,6.484,49.82,2.61,0.95,0.968,-0.57,40.76,16.13,36.36,-4.57,-11.98,-0.034,4.179,0.82,0.468,9,854,44.0,1.0,Neutral,42.8,40.0,42.1,40.9
2023-10-27,3017.78,7.237,0.72,6.486,59.95,1.07,1.19,1.069,1.16,50.4,15.76,42.75,-3.53,-11.11,-0.001,4.931,2.227,0.234,7,853,46.2,1.0,Neutral,45.5,42.9,44.7,48.4
2023-10-30,3021.55,7.177,0.71,6.486,72.06,1.19,1.78,1.198,2.8,61.55,16.55,43.54,-3.28,-11.0,0.665,5.574,1.526,0.117,8,852,47.7,1.0,Neutral,47.1,45.9,47.8,53.0
2023-10-31,3018.77,7.333,0.75,6.705,62.56,1.78,1.19,1.066,1.91,54.25,16.44,43.07,-3.23,-11.08,0.72,4.685,1.171,0.585,9,854,43.5,1.0,Neutral,45.2,40.5,43.2,49.2
2023-11-01,3023.08,7.175,0.7,6.713,58.62,1.42,1.3,0.941,1.65,51.01,16.24,44.07,-2.95,-10.96,0.881,4.046,1.171,0.351,10,854,43.0,1.0,Neutral,45.1,39.8,42.8,47.0
2023-11-02,3009.41,7.292,0.74,6.743,51.76,3.8,0.59,0.912,0.71,46.29,15.95,41.57,-3.26,-11.36,0.729,3.633,0.469,0.117,11,853,41.6,1.0,Neutral,44.0,37.9,41.1,43.4
2023-11-03,3030.8,7.292,0.74,6.737,50.88,0.59,0.71,0.918,0.43,45.09,15.5,46.67,-2.44,-10.73,0.638,4.005,0.937,0.0,8,854,41.9,1.0,Neutral,44.2,37.3,40.6,44.8
2023-11-06,3058.41,7.015,0.65,6.743,54.59,0.0,1.66,1.284,1.22,53.49,16.34,52.43,-1.43,-9.91,0.618,6.114,1.291,0.117,9,852,43.4,1.0,Neutral,46.2,39.3,42.2,52.1
2023-11-07,3057.27,7.034,0.66,6.735,57.33,0.24,2.26,1.131,1.28,51.81,16.08,52.18,-1.35,-9.95,0.81,5.556,1.408,0.0,10,852,43.4,1.0,Neutral,46.0,39.0,42.3,51.8
2023-11-08,3052.37,7.092,0.68,6.752,54.25,0.47,1.42,1.164,0.97,50.51,16.07,51.05,-1.4,-10.09,1.052,5.812,1.055,0.117,5,853,42.9,1.0,Neutral,45.7,38.4,41.6,50.6
2023-11-09,3053.28,7.23,0.72,6.749,56.55,0.24,1.07,1.093,1.46,52.28,16.13,51.26,-1.27,-10.07,1.281,5.088,0.822,0.469,3,852,42.3,1.0,Neutral,44.9,38.7,41.7,50.8
2023-11-10,3038.97,7.11,0.68,6.754,50.36,0.47,1.19,0.987,0.27,44.96,16.33,47.77,-1.62,-10.49,1.495,4.367,0.821,0.586,2,853,41.4,1.0,Neutral,44.1,37.2,40.6,46.4
2023-11-13,3046.53,7.032,0.66,6.753,47.38,0.36,1.54,1.004,-0.39,41.85,16.7,49.72,-1.3,-10.26,1.245,4.623,0.821,0.234,3,853,41.0,1.0,Neutral,43.9,36.3,39.8,46.3
2023-11-14,3056.07,7.091,0.67,6.741,47.35,0.36,1.42,1.021,-0.04,43.72,16.45,52.14,-0.92,-9.98,1.223,4.994,0.469,0.234,2,853,41.3,1.0,Neutral,43.9,36.7,39.9,47.3
2023-11-15,3072.84,6.933,0.63,6.735,51.66,0.12,1.42,1.054,0.67,47.65,16.13,56.15,-0.32,-9.49,1.035,5.705,0.821,0.0,3,853,42.3,1.0,Neutral,45.1,37.6,40.8,50.7
2023-11-16,3050.93,7.029,0.66,6.743,49.45,0.36,1.07,0.937,-0.08,42.9,15.94,50.23,-0.98,-10.13,1.009,4.455,0.821,0.0,1,853,41.2,1.0,Neutral,43.9,36.7,39.7,46.5
2023-11-17,3054.37,7.009,0.65,6.746,55.94,0.47,2.61,0.926,0.51,45.52,15.28,51.1,-0.81,-10.03,1.028,4.15,1.055,0.117,2,853,41.7,1.0,Neutral,44.5,37.3,40.4,48.9
2023-11-20,3068.32,6.871,0.61,6.74,55.76,0.59,3.55,0.997,0.72,47.25,14.23,54.58,-0.32,-9.62,1.179,4.978,1.29,0.0,3,853,43.2,1.0,Neutral,46.1,37.7,41.0,51.1
2023-11-21,3067.93,6.773,0.58,6.73,51.23,0.0,1.89,1.147,0.39,47.06,14.65,54.46,-0.32,-9.63,0.86,5.18,1.29,0.0,4,853,43.4,1.0,Neutral,46.3,38.0,41.2,51.3
2023-11-22,3043.61,6.97,0.64,6.716,42.2,0.35,1.42,0.998,-0.95,39.04,14.97,47.64,-1.07,-10.35,0.629,4.373,1.29,0.469,5,853,42.1,1.0,Neutral,44.6,36.5,39.6,44.1
2023-11-23,3061.86,6.675,0.55,6.696,55.36,0.0,1.77,0.956,0.36,45.12,14.53,52.45,-0.47,-9.81,0.631,4.067,0.82,0.703,3,854,42.8,1.0,Neutral,45.4,38.5,40.9,50.1
2023-11-24,3040.97,6.753,0.57,6.693,44.62,0.59,0.83,0.995,-0.44,41.55,14.88,47.11,-1.13,-10.43,0.333,3.711,0.937,0.703,4,854,42.2,1.0,Neutral,44.7,38.0,40.4,45.1
2023-11-27,3031.7,6.89,0.61,6.688,39.29,2.0,1.88,1.074,-1.19,38.04,15.73,44.93,-1.41,-10.7,-0.092,3.846,0.82,0.585,5,854,41.3,1.0,Neutral,43.5,36.9,39.3,43.3
2023-11-28,3038.55,6.81,0.59,6.709,48.22,1.3,1.88,0.929,-0.96,38.75,15.48,46.89,-1.16,-10.5,-0.088,3.617,1.054,0.351,4,854,41.1,1.0,Neutral,43.7,36.9,39.2,45.4
2023-11-29,3021.69,6.928,0.62,6.716,49.91,2.59,1.65,0.973,-0.72,40.06,15.8,42.84,-1.64,-11.0,-0.014,3.764,0.82,0.351,5,854,41.1,1.0,Neutral,43.7,37.0,39.4,45.1
2023-11-30,3029.67,6.985,0.64,6.874,39.13,2.47,1.06,0.997,-1.05,38.54,15.45,45.25,-1.33,-10.76,-0.246,3.4,0.82,0.234,6,854,38.5,1.0,Neutral,43.1,33.8,36.7,42.2
2023-12-01,3031.64,6.946,0.63,6.879,46.44,2.35,1.41,1.012,-0.31,42.31,15.76,45.86,-1.21,-10.7,0.061,3.965,1.405,0.234,7,854,39.6,1.0,Neutral,44.3,34.8,37.9,45.3
2023-12-04,3022.91,6.886,0.61,6.869,45.6,3.76,1.76,1.021,-0.29,42.45,16.58,43.56,-1.44,-10.96,0.083,4.093,1.171,0.117,8,854,39.6,1.0,Neutral,44.3,35.1,38.3,44.5
2023-12-05,2972.3,7.061,0.66,6.877,32.06,6.94,1.41,1.042,-2.18,32.89,18.32,33.17,-2.98,-12.45,0.028,3.793,1.171,0.234,9,854,37.4,1.0,Neutral,41.9,32.5,36.0,36.0
2023-12-06,2968.93,7.022,0.65,6.869,39.18,2.35,1.18,1.047,-1.75,35.12,17.37,32.61,-2.99,-12.55,-0.068,3.653,0.468,0.351,2,854,37.4,1.0,Neutral,41.9,33.3,36.0,38.3
2023-12-07,2966.21,7.099,0.67,6.878,39.81,4.0,0.71,1.055,-2.09,33.31,17.32,32.14,-2.98,-12.63,0.194,3.662,0.703,0.585,2,854,37.1,1.0,Neutral,41.6,32.5,35.5,38.4
2023-12-08,2969.56,7.198,0.7,6.878,33.58,6.82,0.35,1.312,-2.05,33.3,16.81,33.41,-2.79,-12.53,-0.023,4.061,0.703,0.585,3,854,37.5,1.0,Neutral,41.9,32.3,35.3,38.8
2023-12-11,2991.44,7.177,0.7,6.898,41.01,2.94,0.24,1.273,-1.04,39.5,17.5,41.17,-2.01,-11.89,0.081,4.395,0.937,0.234,4,854,38.0,1.0,Neutral,42.6,33.5,36.5,43.8
2023-12-12,3003.44,7.038,0.66,6.904,51.26,2.59,1.18,1.008,1.05,49.04,16.97,44.96,-1.54,-11.53,0.262,3.854,1.288,0.0,5,854,39.2,1.0,Neutral,44.2,36.1,39.1,46.3
2023-12-13,2968.76,7.136,0.69,6.919,44.03,7.17,0.82,0.991,-0.01,43.65,17.61,37.45,-2.59,-12.56,0.357,3.672,0.585,0.234,6,854,38.0,1.0,Neutral,42.9,34.6,37.8,40.8
2023-12-14,2958.99,7.174,0.7,6.904,44.94,6.35,0.82,0.949,-0.24,42.2,17.61,35.65,-2.82,-12.84,0.133,3.382,0.703,0.468,4,854,37.3,1.0,Neutral,42.0,34.3,37.2,39.9
2023-12-15,2942.56,7.172,0.7,6.919,45.95,6.23,0.71,1.01,-0.91,39.29,18.5,32.78,-3.26,-13.33,0.269,3.392,1.17,0.351,2,854,36.6,1.0,Neutral,41.4,33.6,36.6,39.9
2023-12-18,2930.8,7.369,0.75,6.929,32.57,14.57,1.29,1.022,-2.03,33.7,18.14,30.87,-3.55,-13.67,-0.075,2.98,1.168,0.584,2,855,35.3,1.0,Neutral,39.8,31.7,34.7,34.4
2023-12-19,2932.39,7.387,0.76,6.923,31.13,7.41,0.71,0.927,-2.37,32.21,18.5,31.46,-3.4,-13.63,-0.163,2.919,1.053,0.234,3,855,35.0,1.0,Neutral,39.5,31.3,34.5,32.9
2023-12-20,2902.11,7.503,0.8,6.92,30.02,12.81,0.94,0.926,-2.25,32.78,18.96,26.83,-4.28,-14.52,-0.55,2.837,0.935,0.117,3,856,34.7,1.0,Neutral,39.0,31.5,34.4,30.7
2023-12-21,2918.72,7.364,0.75,6.952,36.62,2.47,0.71,0.984,-1.36,36.98,18.04,32.68,-3.63,-14.03,-0.324,3.416,0.935,0.234,3,856,36.1,1.0,Neutral,40.8,32.5,35.4,35.7
2023-12-22,2914.78,7.659,0.84,6.954,34.27,7.29,0.47,1.03,-0.94,39.19,17.36,32.02,-3.67,-14.15,-0.73,3.46,0.817,1.984,3,856,35.8,1.0,Neutral,40.0,32.6,34.8,34.9
2023-12-25,2918.81,7.775,0.88,6.974,38.86,9.99,0.59,0.795,-0.41,40.48,16.77,33.49,-3.42,-14.03,-0.602,2.648,0.817,1.05,4,857,35.5,1.0,Neutral,39.6,32.6,35.1,33.6
2023-12-26,2898.88,8.049,0.96,6.962,30.97,15.28,0.71,0.792,-1.14,37.49,16.78,30.04,-3.97,-14.61,-0.814,2.672,1.167,0.467,5,857,35.1,1.0,Neutral,38.8,31.4,34.3,29.1
2023-12-27,2914.61,7.89,0.91,6.984,41.7,5.05,0.12,0.862,0.43,44.54,16.89,35.68,-3.34,-14.15,-0.488,2.759,0.583,0.7,6,857,35.9,1.0,Neutral,40.0,33.3,36.0,36.1
2023-12-28,2954.7,7.653,0.84,6.973,44.64,0.24,0.35,1.177,1.23,52.18,17.6,47.33,-1.93,-12.97,-0.381,4.547,1.871,0.351,7,855,38.4,1.0,Neutral,42.7,35.4,38.1,45.1
2023-12-29,2974.93,7.476,0.78,7.079,56.91,0.24,0.71,1.003,2.06,54.02,15.92,52.04,-1.19,-12.37,-0.338,3.793,1.282,0.233,8,857,38.2,1.0,Neutral,43.3,35.1,37.9,49.3
2024-01-02,2962.28,7.318,0.74,7.074,59.98,1.18,1.41,1.046,1.49,51.78,16.32,49.08,-1.53,-12.75,0.024,3.75,1.166,0.0,9,858,38.5,1.0,Neutral,43.8,35.1,38.4,50.1
2024-01-03,2967.25,7.161,0.69,7.081,64.83,1.06,1.06,0.98,2.36,55.06,16.32,50.28,-1.31,-12.6,0.227,3.326,0.932,0.117,5,858,38.3,1.0,Neutral,43.8,36.1,39.0,51.3
2024-01-04,2954.35,7.083,0.67,7.097,57.14,2.46,0.82,0.908,1.36,49.24,16.6,47.18,-1.67,-12.98,0.307,2.955,0.583,0.35,2,858,37.1,1.0,Neutral,42.9,35.0,37.7,47.2
2024-01-05,2929.18,7.377,0.75,7.116,41.86,5.52,0.47,1.031,-0.86,39.6,17.12,41.77,-2.41,-13.72,-0.422,3.1,0.816,0.466,2,858,35.3,1.0,Neutral,40.7,32.0,34.7,41.3
2024-01-08,2887.54,7.75,0.87,7.12,27.39,13.15,0.7,0.924,-2.94,29.58,16.89,34.68,-3.69,-14.95,0.058,2.871,0.816,0.583,2,858,33.9,1.0,Neutral,38.8,28.9,32.5,31.8
2024-01-09,2893.25,7.67,0.84,7.148,30.98,5.98,0.7,0.899,-2.33,32.44,18.46,36.28,-3.4,-14.78,-0.515,2.816,0.816,0.233,1,858,33.1,1.0,Neutral,38.2,29.6,32.5,33.4
2024-01-10,2877.7,7.864,0.9,7.136,28.02,8.79,0.23,0.834,-3.02,29.68,19.0,33.85,-3.81,-15.24,-0.744,2.69,0.816,0.35,2,858,32.3,1.0,Neutral,37.1,28.7,31.8,30.2
2024-01-11,2886.65,7.629,0.83,7.135,38.11,1.06,0.59,0.913,-2.29,32.59,18.27,36.48,-3.42,-14.97,-0.836,3.273,1.979,0.0,3,858,34.2,1.0,Neutral,39.2,29.8,33.0,36.0
2024-01-12,2881.98,7.668,0.84,7.117,41.46,3.4,0.7,0.895,-1.61,35.68,18.25,35.69,-3.51,-15.11,-0.629,2.874,0.466,0.116,4,859,34.1,1.0,Neutral,39.0,30.7,33.7,36.6
2024-01-15,2886.29,7.647,0.83,7.113,47.68,5.74,0.59,0.839,-0.04,42.31,17.26,37.06,-3.31,-14.98,-0.593,2.571,0.931,0.116,3,859,35.0,1.0,Neutral,40.0,32.4,35.2,38.6
2024-01-16,2893.99,7.745,0.86,7.109,39.58,9.37,0.82,0.983,0.03,43.74,16.59,39.53,-3.03,-14.76,-0.542,2.888,0.465,0.116,1,859,35.3,1.0,Neutral,40.1,32.6,35.0,38.4
2024-01-17,2833.61,8.057,0.96,7.126,36.18,26.0,0.0,0.897,-1.53,36.04,19.18,29.67,-4.99,-16.54,-0.406,2.862,0.814,1.047,2,860,33.0,1.0,Neutral,37.5,30.3,33.3,31.7
2024-01-18,2845.78,8.33,1.04,7.125,24.6,24.47,0.59,1.344,-1.42,37.33,18.94,33.29,-4.51,-16.18,-0.884,3.793,0.233,0.116,1,860,33.5,1.0,Neutral,37.5,30.1,32.6,33.3
2024-01-19,2832.28,8.506,1.09,7.131,22.53,30.21,0.12,0.915,-1.72,35.18,17.8,31.36,-4.88,-16.58,-1.031,2.73,0.465,0.581,1,860,32.4,1.0,Neutral,36.2,29.3,31.8,27.5
2024-01-22,2756.34,10.251,1.61,7.142,15.42,52.93,0.0,1.203,-4.5,19.11,21.61,23.23,-7.3,-18.81,-2.053,3.208,0.233,4.419,1,860,26.5,1.0,Pessimistic,27.9,22.5,24.9,24.4
2024-01-23,2770.98,10.112,1.57,7.13,20.74,25.41,0.0,1.059,-4.25,22.09,19.67,27.15,-6.67,-18.38,-2.155,3.109,0.581,0.698,1,860,28.1,1.0,Pessimistic,29.6,23.4,26.2,24.6
2024-01-24,2820.77,9.406,1.36,7.13,35.53,7.14,0.59,1.27,-0.45,43.09,18.26,38.63,-4.89,-16.91,-2.262,3.686,1.742,0.0,1,860,32.7,1.0,Neutral,35.1,29.8,31.8,36.1
2024-01-25,2906.11,8.23,1.0,7.136,49.05,0.35,0.47,1.516,2.12,62.99,17.44,52.46,-1.95,-14.4,-1.577,4.793,2.207,0.0,2,861,37.2,1.0,Neutral,41.4,35.8,37.4,49.4
2024-01-26,2910.22,8.132,0.97,7.135,54.34,2.93,0.94,1.431,2.75,65.86,16.97,53.01,-1.75,-14.28,-1.434,4.058,1.045,0.0,3,861,37.3,1.0,Neutral,41.7,36.7,38.2,51.0
2024-01-29,2883.36,8.817,1.18,7.14,55.76,16.86,0.47,1.384,4.61,77.18,18.13,49.03,-2.58,-15.07,-0.696,3.861,0.697,1.858,1,861,36.6,1.0,Neutral,40.0,38.9,39.8,48.7
2024-01-30,2830.53,9.62,1.42,7.178,46.1,38.52,0.12,1.122,2.15,56.47,19.5,42.29,-4.24,-16.63,-0.951,2.882,0.348,2.439,1,861,31.8,1.0,Neutral,34.2,32.5,34.2,39.8
2024-01-31,2788.55,10.717,1.74,7.41,31.38,61.36,0.23,1.263,-1.14,38.86,21.71,37.84,-5.52,-17.86,-2.073,3.128,0.813,3.949,2,861,26.9,1.0,Pessimistic,29.0,25.3,27.5,32.5
2024-02-01,2770.74,11.401,1.95,7.407,16.33,57.26,0.0,1.179,-4.66,18.5,21.91,36.11,-5.97,-18.39,-3.079,2.845,0.348,1.742,3,861,23.7,1.0,Pessimistic,25.0,19.1,22.1,26.9
2024-02-02,2730.15,12.87,2.39,7.418,9.31,74.71,0.23,1.422,-6.19,13.19,23.72,32.45,-7.18,-19.58,-4.666,3.366,0.465,3.02,4,861,21.0,1.0,Pessimistic,20.8,15.9,18.6,25.5
2024-02-05,2702.18,16.219,3.38,7.442,8.83,79.27,0.59,1.589,-6.28,10.9,24.99,30.19,-7.96,-20.41,-7.031,3.393,0.0,27.991,1,861,15.9,1.0,Pessimistic,12.9,11.9,13.0,22.6
2024-02-06,2789.49,15.55,3.18,7.39,21.88,24.82,0.7,1.65,-1.45,37.59,23.5,43.46,-4.84,-17.84,-7.539,4.03,3.484,3.136,1,861,20.8,1.0,Pessimistic,18.0,18.7,19.8,29.4
2024-02-07,2829.7,16.644,3.49,7.427,29.18,39.58,1.05,1.775,1.48,62.04,20.97,48.33,-3.35,-16.65,-7.222,4.277,1.394,7.666,2,861,23.3,1.0,Pessimistic,20.2,24.0,23.9,33.7
2024-02-08,2865.9,13.785,2.63,7.405,43.44,1.05,0.35,1.7,3.43,76.58,20.77,52.32,-1.99,-15.58,-7.649,4.735,11.382,0.116,3,861,28.6,1.0,Pessimistic,27.5,29.9,30.4,41.8
2024-02-19,2910.54,12.688,2.3,7.408,57.96,0.0,0.94,1.451,6.61,81.76,20.93,56.75,-0.39,-14.27,-4.747,5.78,6.272,0.0,2,861,30.7,1.0,Neutral,30.6,32.2,33.2,48.7
2024-02-20,2922.73,12.277,2.18,7.429,69.66,0.0,1.41,1.096,8.16,71.33,19.08,57.9,0.1,-13.91,-1.673,4.708,2.323,0.0,3,861,30.6,1.0,Neutral,31.0,29.8,32.6,50.2
2024-02-21,2950.96,11.768,2.02,7.431,71.06,0.0,0.35,1.385,5.79,79.81,19.45,60.51,1.14,-13.08,-0.223,6.465,2.555,0.0,4,861,33.2,1.0,Neutral,34.2,32.7,36.0,54.4
2024-02-22,2988.36,11.161,1.84,7.439,80.16,0.0,1.05,1.095,5.61,71.3,20.55,63.73,2.47,-11.98,1.137,5.236,2.207,0.0,5,861,32.5,1.0,Neutral,34.3,31.1,35.8,56.4
2024-02-23,3004.88,10.417,1.62,7.442,79.37,0.0,0.82,1.174,4.85,72.75,21.11,65.09,3.06,-11.49,2.729,5.819,4.181,0.0,6,861,34.4,1.0,Neutral,36.9,32.4,38.4,58.3
2024-02-26,2977.02,10.26,1.57,7.464,77.63,0.0,0.7,1.258,2.28,59.61,20.45,60.95,2.15,-12.31,2.213,6.265,2.323,0.0,4,861,32.9,1.0,Neutral,35.8,29.1,34.9,57.2
2024-02-27,3015.48,9.632,1.38,7.462,83.14,0.0,0.94,1.139,3.17,62.45,20.2,64.32,3.48,-11.18,2.561,6.723,2.787,0.0,5,861,34.5,1.0,Neutral,38.2,30.7,36.7,59.8
2024-02-28,2957.85,11.433,1.92,7.505,68.34,0.0,0.23,1.654,0.23,50.68,20.67,56.46,1.55,-12.88,2.387,8.669,0.349,8.605,3,860,30.2,1.0,Neutral,32.0,25.0,30.5,54.8
2024-02-29,3015.17,10.198,1.55,6.828,70.55,0.0,1.06,1.231,0.9,50.89,19.44,61.5,3.53,-11.19,2.338,6.586,1.744,0.0,4,860,36.0,1.0,Neutral,35.3,31.0,36.6,56.3
2024-03-01,3027.02,10.178,1.54,6.798,66.89,0.0,0.7,1.131,0.74,48.84,18.97,62.47,3.94,-10.84,2.15,7.065,1.395,0.116,4,860,36.4,1.0,Neutral,35.3,30.9,36.3,55.1
2024-03-04,3039.31,10.298,1.58,6.818,61.09,0.0,0.7,1.151,2.09,56.65,19.16,63.49,4.35,-10.48,2.21,7.227,1.395,0.116,3,860,36.7,1.0,Neutral,35.8,32.5,37.5,54.2
2024-03-05,3047.79,10.728,1.7,6.849,46.19,0.12,1.29,1.133,1.07,50.71,18.17,64.22,4.63,-10.23,1.102,6.503,1.279,0.581,2,860,34.6,1.0,Neutral,33.7,29.8,34.1,48.9
2024-03-06,3039.93,10.532,1.64,6.901,58.17,0.12,1.29,1.002,2.77,57.53,17.22,62.97,4.35,-10.46,1.242,6.07,2.091,0.116,2,861,35.5,1.0,Neutral,35.5,31.0,35.5,51.2
2024-03-07,3027.4,10.65,1.67,6.888,44.21,0.23,0.94,1.106,0.41,46.77,16.7,60.93,3.89,-10.83,0.746,6.033,1.51,0.348,3,861,34.3,1.0,Neutral,34.0,28.3,32.7,46.8
2024-03-08,3046.02,10.415,1.6,6.883,44.13,0.12,1.64,0.932,0.63,46.14,16.26,62.85,4.48,-10.28,0.683,5.297,1.394,0.116,4,861,34.6,1.0,Neutral,34.5,28.4,33.0,45.6
2024-03-11,3068.45,9.886,1.45,6.861,53.04,0.0,1.17,1.055,0.96,49.15,16.42,65.08,5.19,-9.62,0.559,6.742,1.626,0.0,5,861,36.4,1.0,Neutral,36.6,30.3,34.6,51.9
2024-03-12,3055.93,9.648,1.38,6.818,63.62,0.0,0.35,1.209,0.27,46.94,16.4,62.82,4.71,-9.99,1.377,7.477,2.091,0.116,6,861,37.8,1.0,Neutral,37.8,30.9,35.8,56.1
2024-03-13,3043.84,9.726,1.4,6.833,59.09,0.0,0.35,1.059,0.13,44.88,16.34,60.62,4.26,-10.34,1.493,6.904,1.045,0.0,7,861,37.2,1.0,Neutral,37.2,30.0,35.2,52.5
2024-03-14,3038.23,9.785,1.41,6.823,59.21,0.0,0.94,1.056,0.36,46.04,16.07,59.59,4.05,-10.51,1.699,6.104,1.278,0.116,8,861,37.3,1.0,Neutral,37.1,30.3,35.6,52.1
2024-03-15,3054.64,9.452,1.31,6.846,62.02,0.0,1.29,1.041,0.28,45.52,15.88,61.66,4.56,-10.03,1.625,5.706,1.858,0.0,9,861,37.5,1.0,Neutral,38.1,30.4,35.8,54.1
2024-03-18,3084.93,9.121,1.22,6.873,62.49,0.0,1.75,1.171,0.54,48.14,15.94,65.2,5.52,-9.13,1.999,7.724,1.394,0.116,10,861,38.6,1.0,Neutral,40.1,31.1,36.6,57.4
2024-03-19,3062.76,9.137,1.22,6.886,55.21,0.0,0.47,1.099,0.22,45.72,15.72,60.77,4.69,-9.79,1.745,6.682,1.278,0.116,11,861,37.8,1.0,Neutral,39.5,30.3,35.8,52.9
2024-03-20,3079.69,8.941,1.16,6.871,61.49,0.0,0.7,0.994,1.18,49.51,15.85,62.85,5.18,-9.29,1.728,6.195,0.812,0.116,12,861,38.4,1.0,Neutral,40.1,31.8,37.0,54.7
2024-03-21,3077.11,8.961,1.17,6.881,63.59,0.0,0.82,1.042,1.28,50.64,15.74,62.31,5.01,-9.36,2.03,6.556,1.624,0.116,13,862,38.8,1.0,Neutral,40.6,31.9,37.5,55.6
2024-03-22,3048.03,9.178,1.23,6.861,50.46,0.0,0.58,1.116,-0.22,43.48,16.52,56.41,3.93,-10.22,1.873,6.47,0.696,0.348,3,862,37.0,1.0,Neutral,38.2,30.3,35.2,49.9
2024-03-25,3026.31,9.609,1.35,6.851,35.94,0.47,0.23,1.089,-1.9,34.31,16.3,52.42,3.13,-10.86,0.894,5.713,0.464,0.928,3,862,34.9,1.0,Neutral,35.4,27.5,31.9,42.5
2024-03-26,3031.48,9.55,1.34,6.848,38.28,0.35,0.35,0.967,-1.02,38.58,15.84,53.27,3.23,-10.71,0.579,5.091,0.928,0.58,3,862,35.4,1.0,Neutral,35.9,28.7,32.8,42.1
2024-03-27,2993.14,10.094,1.49,6.878,25.71,0.7,0.23,0.957,-2.81,30.02,16.32,46.64,1.89,-11.84,-0.147,4.546,0.928,1.624,4,862,32.6,1.0,Neutral,32.7,25.3,29.3,34.8
2024-03-28,3010.66,9.84,1.42,6.863,35.27,0.0,1.05,0.98,-2.16,33.09,15.49,49.72,2.42,-11.32,-0.278,5.287,1.622,0.0,5,862,34.8,1.0,Neutral,35.1,26.7,30.9,39.5
2024-03-29,3041.17,9.39,1.29,6.631,46.66,0.23,1.63,0.924,-0.23,42.11,15.03,54.63,3.38,-10.42,-0.517,4.849,1.043,0.348,2,863,38.8,1.0,Neutral,36.6,33.5,35.9,45.2
2024-04-01,3077.38,8.938,1.15,6.612,61.4,0.12,1.98,1.031,1.69,52.58,15.03,59.67,4.54,-9.36,0.022,6.226,1.854,0.116,2,863,41.6,1.0,Neutral,39.8,37.0,39.4,54.1
2024-04-02,3074.96,8.664,1.07,6.628,61.07,0.12,1.98,1.007,1.43,50.95,14.74,59.19,4.4,-9.43,0.186,5.428,1.043,0.348,3,863,41.4,1.0,Neutral,40.2,36.8,39.3,53.8
2024-04-03,3069.3,8.643,1.06,6.637,65.86,0.35,1.98,0.993,2.54,56.21,14.64,58.03,4.14,-9.59,0.009,4.933,0.811,0.695,4,863,41.7,1.0,Neutral,40.6,38.3,40.3,54.5
2024-04-08,3047.05,9.093,1.2,6.638,51.12,0.93,1.4,1.098,1.21,51.01,15.02,53.6,3.34,-10.25,0.101,5.144,0.811,1.043,2,863,40.4,1.0,Neutral,38.7,36.3,38.5,49.1
2024-04-09,3048.54,8.78,1.1,6.64,51.94,0.23,0.93,0.904,0.24,44.1,14.92,53.85,3.34,-10.21,0.526,4.156,1.39,0.348,2,863,39.8,1.0,Neutral,38.6,35.0,38.0,47.4
2024-04-10,3027.34,9.189,1.22,6.623,36.69,0.93,1.4,0.943,-1.63,35.66,14.81,49.67,2.56,-10.83,-0.179,4.313,0.232,0.695,2,863,38.3,1.0,Neutral,36.2,32.4,35.1,40.6
2024-04-11,3034.25,9.071,1.19,6.628,38.54,0.82,2.21,0.92,-1.32,37.03,14.64,51.01,2.71,-10.63,-0.377,4.268,1.159,0.232,3,863,38.9,1.0,Neutral,37.1,32.9,35.7,41.5
2024-04-12,3019.47,9.324,1.26,6.637,38.08,1.4,2.1,0.899,-1.62,35.63,14.94,48.07,2.14,-11.06,-0.185,4.318,1.39,0.232,2,863,38.2,1.0,Neutral,36.2,32.1,35.1,39.7
2024-04-15,3057.38,10.242,1.53,6.641,39.84,1.86,1.86,1.236,0.34,47.62,15.5,55.19,3.31,-9.94,-0.689,5.059,0.348,6.837,2,863,37.2,1.0,Neutral,34.0,33.4,35.0,45.1
2024-04-16,3007.07,12.647,2.23,6.648,25.42,7.33,0.58,1.189,-1.36,37.39,16.14,46.15,1.55,-11.43,-1.226,4.597,0.579,15.527,3,863,32.9,1.0,Neutral,27.0,27.8,30.0,34.5
2024-04-17,3071.38,10.653,1.64,6.66,41.99,0.7,2.8,1.089,1.45,52.2,15.41,56.06,3.61,-9.53,-0.7,4.989,6.845,0.232,4,862,38.5,1.0,Neutral,35.1,33.7,36.8,44.7
2024-04-18,3074.22,10.733,1.66,6.667,38.85,0.7,1.63,1.089,1.32,51.47,16.8,56.44,3.59,-9.45,-0.446,5.336,2.204,0.348,5,862,37.5,1.0,Neutral,34.0,33.3,36.2,43.7
2024-04-19,3065.26,10.696,1.65,6.667,39.0,1.75,2.21,0.975,1.52,50.9,17.4,54.83,3.19,-9.71,-0.502,4.771,1.624,0.696,6,862,36.8,1.0,Neutral,33.4,33.2,36.1,41.7
2024-04-22,3044.59,11.283,1.82,6.677,41.76,1.63,0.35,0.924,-0.42,41.22,15.56,51.18,2.37,-10.32,-0.291,4.358,1.392,1.044,4,862,35.6,1.0,Neutral,31.6,30.0,33.3,40.1
2024-04-23,3021.98,10.97,1.73,6.695,52.85,1.75,0.12,0.839,0.5,44.6,15.19,47.47,1.51,-10.99,0.003,3.954,1.972,0.232,2,862,36.2,1.0,Neutral,32.9,31.1,34.5,41.7
2024-04-24,3044.82,10.774,1.67,6.648,49.7,1.63,0.58,0.789,-0.86,38.61,14.92,51.31,2.16,-10.31,-0.313,4.318,1.16,0.116,2,862,36.6,1.0,Neutral,32.8,30.4,33.7,41.4
2024-04-25,3052.9,10.422,1.57,6.659,53.24,0.58,0.7,0.754,-0.69,39.13,14.88,52.63,2.26,-10.08,-0.505,4.2,1.278,0.232,3,861,36.7,1.0,Neutral,33.5,30.8,33.9,42.8
2024-04-26,3088.64,10.092,1.47,6.612,61.44,0.35,0.7,1.136,0.76,49.03,14.96,58.05,3.28,-9.02,-0.431,6.386,1.744,0.116,3,860,39.7,1.0,Neutral,36.2,34.2,36.9,52.8
2024-04-29,3113.04,9.486,1.29,6.568,71.43,0.0,1.17,1.303,2.25,60.19,16.24,61.31,3.92,-8.31,-0.088,7.393,2.907,0.116,4,860,42.1,1.0,Neutral,38.9,38.4,40.8,58.6
2024-04-30,3104.82,9.466,1.28,6.296,66.42,0.23,0.82,1.125,2.74,59.78,15.02,59.63,3.53,-8.55,-0.8,5.544,1.284,0.117,5,857,44.6,1.0,Neutral,38.6,41.9,43.2,55.4
2024-05-06,3140.72,8.782,1.08,6.29,67.46,0.12,2.9,1.152,3.15,62.59,16.01,64.23,4.6,-7.49,0.212,6.889,2.086,0.463,2,863,45.8,1.0,Neutral,40.8,43.6,45.0,58.6
2024-05-07,3147.74,,,6.309,67.69,0.35,2.67,0.968,3.11,58.44,15.2,65.07,4.68,-7.28,0.45,5.659,1.043,0.579,3,863,49.8,1.0,Neutral,54.6,48.0,48.8,49.7
2024-05-08,3128.48,9.073,1.17,6.303,56.38,0.58,0.7,0.854,1.29,48.18,14.96,60.86,3.86,-7.85,0.939,4.93,0.811,0.695,4,863,43.7,1.0,Neutral,38.4,39.3,42.0,50.1
2024-05-09,3154.32,8.721,1.07,6.28,55.35,0.58,2.09,0.922,1.33,49.26,15.02,64.21,4.51,-7.09,0.583,5.204,0.927,0.232,5,863,44.6,1.0,Neutral,39.6,40.3,42.7,52.5
2024-05-10,3154.55,8.993,1.14,6.286,53.16,0.81,1.97,0.983,1.6,51.43,14.89,64.24,4.3,-7.08,1.403,5.124,1.043,0.579,2,863,44.4,1.0,Neutral,39.1,40.3,43.1,52.1
2024-05-13,3148.02,9.11,1.18,6.308,40.54,0.58,3.14,1.014,0.23,45.03,14.64,62.67,3.84,-7.27,0.503,4.995,0.58,0.928,3,862,43.0,1.0,Neutral,37.7,38.2,40.5,47.2
2024-05-14,3145.77,8.974,1.14,6.305,42.32,0.58,1.97,0.879,-0.06,42.53,14.79,62.1,3.52,-7.34,0.408,4.593,1.738,0.463,1,863,42.6,1.0,Neutral,37.4,37.9,40.1,46.0
2024-05-15,3119.9,9.15,1.19,6.296,44.2,0.35,0.81,0.826,-0.27,41.24,14.85,55.88,2.48,-8.1,0.042,4.541,0.811,0.348,2,863,42.7,1.0,Neutral,37.2,38.0,40.0,43.5
2024-05-16,3122.4,8.915,1.12,6.284,38.48,0.46,0.7,0.953,-1.01,38.58,14.35,56.33,2.4,-8.03,0.19,4.941,1.275,0.463,3,863,43.6,1.0,Neutral,38.3,37.9,40.2,43.7
2024-05-17,3154.03,8.661,1.04,6.291,48.56,0.46,1.16,1.003,-0.02,43.69,14.08,61.72,3.27,-7.1,-0.008,5.115,1.738,0.116,4,863,44.3,1.0,Neutral,39.5,38.9,41.2,50.1
2024-05-20,3171.14,8.778,1.08,6.288,54.98,0.47,1.86,1.123,0.73,48.73,14.74,64.28,3.68,-6.59,0.056,5.928,1.392,0.464,5,862,44.5,1.0,Neutral,39.5,39.9,41.9,54.5
2024-05-21,3157.97,8.954,1.13,6.284,46.15,1.16,1.05,0.884,0.39,44.57,13.84,60.9,3.12,-6.98,0.047,4.566,0.463,0.927,3,863,43.5,1.0,Neutral,38.2,38.9,40.7,47.1
2024-05-22,3158.54,8.935,1.12,6.286,52.11,0.81,0.81,0.933,1.24,49.0,13.84,60.99,3.02,-5.93,0.297,4.911,1.159,0.232,4,863,44.6,1.0,Neutral,39.4,40.0,42.2,50.1
2024-05-23,3116.39,9.58,1.31,6.292,43.42,2.09,0.46,0.936,-0.19,42.35,13.84,51.05,1.58,-6.11,-0.028,4.834,0.579,0.232,4,863,43.4,1.0,Neutral,37.2,38.0,40.1,43.1
2024-05-24,3088.87,9.736,1.35,6.285,33.2,2.09,0.58,0.811,-2.07,33.73,13.84,45.8,0.64,-6.7,-0.167,4.188,1.275,0.463,5,863,42.1,1.0,Neutral,35.6,35.7,38.3,35.7
2024-05-27,3124.04,9.58,1.3,6.29,35.57,1.86,0.93,0.848,-1.49,36.18,13.84,52.52,1.7,-5.64,-0.355,4.108,0.927,1.39,2,863,41.7,1.0,Neutral,35.6,36.3,38.2,39.6
2024-05-28,3109.57,10.049,1.44,6.299,35.6,3.02,0.46,0.826,-1.53,35.96,13.84,49.78,1.18,-6.08,-0.435,4.002,0.579,0.811,3,863,41.1,1.0,Neutral,34.4,35.5,37.6,37.7
2024-05-29,3111.02,9.912,1.4,6.321,34.97,2.21,0.93,0.775,-1.5,36.0,13.84,50.06,1.14,-5.65,-0.613,3.814,0.927,0.811,4,863,41.0,1.0,Neutral,34.6,35.4,37.6,37.0
2024-05-30,3091.68,10.088,1.45,6.316,39.44,2.79,0.23,0.817,-0.79,39.02,13.84,46.34,0.47,-6.24,-0.528,4.001,0.579,1.043,3,863,41.3,1.0,Neutral,34.6,36.1,38.0,37.7
2024-05-31,3086.81,9.99,1.42,6.35,46.7,1.86,0.46,0.75,-0.07,41.54,13.84,45.43,0.28,-6.38,-0.253,3.675,0.811,0.695,4,863,41.3,1.0,Neutral,35.2,36.6,38.8,39.0
2024-06-03,3078.49,10.714,1.63,6.358,36.92,5.11,0.46,0.976,-1.46,36.5,13.92,43.83,-0.01,-6.61,-0.343,4.314,0.463,2.202,3,863,40.0,1.0,Neutral,33.1,34.2,36.3,37.5
2024-06-04,3091.2,11.009,1.71,6.358,40.19,4.41,0.81,0.845,-0.59,40.01,13.71,46.9,0.38,-6.23,-0.596,3.805,0.463,0.811,1,863,39.5,1.0,Neutral,32.4,34.7,36.5,37.5
2024-06-05,3065.4,11.713,1.91,6.362,32.1,6.85,0.23,0.797,-1.47,36.19,13.79,41.9,-0.47,-6.86,-0.63,3.698,0.463,0.348,2,863,38.5,1.0,Neutral,30.6,32.9,35.3,31.6
2024-06-06,3048.79,13.196,2.34,6.36,27.86,13.36,0.58,1.017,-1.39,36.91,14.05,39.02,-1.03,-7.36,-0.98,4.533,0.463,3.013,2,863,37.2,1.0,Neutral,27.6,31.3,33.3,30.8
2024-06-07,3051.28,12.26,2.06,6.36,31.29,2.33,0.58,0.87,-1.15,37.68,14.11,39.69,-0.95,-7.29,-1.247,3.73,2.326,0.698,3,860,38.2,1.0,Neutral,29.7,32.7,35.0,31.1
2024-06-11,3028.05,12.297,2.07,6.364,39.02,1.16,0.12,0.854,-1.64,35.53,14.86,35.74,-1.68,-7.99,-0.844,3.991,0.58,0.232,4,862,38.0,1.0,Neutral,29.4,32.2,34.8,31.7
2024-06-12,3037.47,11.965,1.97,6.367,46.49,1.05,0.81,0.77,-1.74,35.07,14.36,38.42,-1.36,-7.7,-0.488,3.831,1.738,0.116,3,863,38.5,1.0,Neutral,30.4,32.4,35.3,34.5
2024-06-13,3028.92,12.18,2.03,6.375,50.85,3.02,0.47,0.826,-1.19,37.39,13.93,36.91,-1.63,-7.96,-0.361,4.236,1.044,0.232,4,862,39.0,1.0,Neutral,30.8,32.7,35.6,36.0
2024-06-14,3032.63,12.239,2.05,6.387,58.29,2.9,0.46,0.97,-0.53,40.96,13.8,38.05,-1.51,-7.85,-0.225,4.278,0.927,0.232,5,863,39.4,1.0,Neutral,31.2,33.4,36.3,40.9
2024-06-17,3015.89,12.59,2.15,6.382,48.65,4.19,0.58,0.823,-1.16,37.51,13.89,35.0,-2.03,-8.36,0.422,4.098,0.0,0.464,1,862,38.0,1.0,Neutral,29.3,32.2,35.0,34.0
2024-06-18,3030.25,12.278,2.05,6.389,52.44,2.56,0.35,0.764,0.07,42.19,13.87,39.48,-1.54,-7.92,0.309,4.38,0.811,0.232,1,863,39.3,1.0,Neutral,31.0,33.6,36.5,36.4
2024-06-19,3018.05,12.451,2.1,6.4,42.7,4.64,0.12,0.734,-0.64,39.24,14.01,37.14,-1.91,-8.29,0.183,3.984,1.39,0.348,2,863,38.6,1.0,Neutral,30.2,32.5,35.7,31.4
2024-06-20,3005.44,13.001,2.26,6.399,38.99,10.34,0.23,0.835,-0.78,39.18,14.09,34.83,-2.28,-8.68,-0.064,4.027,0.812,0.812,2,862,37.7,1.0,Neutral,28.8,31.9,34.8,30.1
2024-06-21,2998.14,13.023,2.26,6.386,37.66,6.97,0.23,0.722,-1.14,37.31,13.56,33.54,-2.48,-8.9,-0.134,3.197,1.276,0.464,1,862,37.0,1.0,Neutral,27.9,31.6,34.4,27.4
2024-06-24,2963.1,14.548,2.69,6.398,32.85,19.49,0.23,0.851,-1.75,35.05,13.49,28.13,-3.57,-9.96,-0.728,3.526,0.116,2.433,1,863,35.0,1.0,Neutral,24.6,29.4,31.6,24.3
2024-06-25,2950.0,14.269,2.61,6.408,28.89,9.42,0.12,0.782,-2.65,31.43,14.21,26.42,-3.96,-10.36,-1.356,3.303,1.278,0.813,1,861,34.6,1.0,Neutral,24.6,28.7,31.2,21.6
2024-06-26,2972.53,13.272,2.32,6.421,41.24,0.81,0.12,0.812,-1.51,36.04,13.54,33.88,-3.19,-9.68,-1.348,3.576,1.39,0.0,1,863,36.6,1.0,Neutral,27.7,30.7,33.1,29.4
2024-06-27,2945.85,13.71,2.44,6.435,40.18,4.29,0.23,0.781,-1.98,34.1,13.38,30.0,-4.04,-10.49,-1.387,3.136,0.812,0.232,2,862,35.6,1.0,Neutral,26.4,29.7,32.2,26.5
2024-06-28,2967.4,13.676,2.43,6.505,43.43,5.79,0.7,0.913,-1.03,38.38,12.75,36.34,-3.31,-9.83,-1.465,3.794,0.695,0.348,1,863,35.9,1.0,Neutral,27.4,29.8,32.0,32.0
2024-07-01,2994.73,13.187,2.28,6.462,55.69,1.85,0.7,0.864,1.07,47.34,12.8,43.35,-2.4,-9.0,-1.099,3.732,1.275,0.116,2,863,38.1,1.0,Neutral,29.6,33.1,35.4,38.4
2024-07-02,2997.01,13.146,2.27,6.474,53.84,3.48,0.7,0.818,1.59,48.96,12.4,43.91,-2.28,-8.93,-0.614,3.429,0.927,0.116,1,863,37.9,1.0,Neutral,29.6,33.4,35.7,37.4
2024-07-03,2982.38,13.165,2.27,6.468,41.21,5.91,0.46,0.719,0.33,42.79,12.1,41.12,-2.71,-9.38,-0.683,3.073,0.579,0.116,2,863,37.3,1.0,Neutral,28.9,31.9,34.6,30.5
2024-07-04,2957.57,14.339,2.6,6.461,40.46,14.14,0.23,0.806,0.4,43.87,12.13,36.86,-3.46,-10.13,-0.902,3.02,0.232,0.811,1,863,35.9,1.0,Neutral,26.3,31.1,33.3,28.8
2024-07-05,2949.93,13.953,2.49,6.435,43.43,3.71,0.12,0.803,-0.59,39.8,12.93,35.63,-3.66,-10.36,-0.817,3.012,0.694,0.116,2,863,36.3,1.0,Neutral,26.8,30.9,33.6,29.7
2024-07-08,2922.45,14.951,2.76,6.42,31.49,21.35,0.12,0.824,-2.41,32.26,13.82,31.56,-4.49,-11.2,-1.127,2.982,0.232,1.506,1,863,33.7,1.0,Neutral,23.2,28.2,30.5,23.3
2024-07-09,2959.37,14.655,2.68,6.441,38.24,7.07,1.27,0.938,-1.26,37.38,13.33,41.27,-3.25,-10.08,-1.213,4.163,1.042,0.231,1,864,35.8,1.0,Neutral,25.8,29.3,31.9,31.0
2024-07-10,2939.36,15.147,2.81,6.44,39.26,12.88,0.81,0.899,-1.44,36.45,14.2,38.11,-3.85,-10.69,-1.292,3.799,0.926,0.694,2,863,34.7,1.0,Neutral,24.2,28.6,31.3,29.2
2024-07-11,2970.39,13.699,2.4,6.446,57.02,0.35,0.58,0.981,0.43,45.71,13.0,45.12,-2.81,-9.74,-0.643,4.761,2.662,0.0,3,864,38.8,1.0,Neutral,29.7,32.4,35.4,40.1
2024-07-12,2971.3,13.701,2.39,6.45,50.24,0.81,0.35,0.908,0.72,46.33,12.46,45.31,-2.74,-9.72,-0.631,3.883,1.042,0.231,2,864,38.0,1.0,Neutral,28.9,32.4,35.0,37.0
2024-07-15,2974.01,14.523,2.62,6.457,51.67,4.63,0.46,0.81,1.76,49.56,12.39,45.93,-2.63,-9.63,-0.437,3.251,0.347,0.578,3,865,36.8,1.0,Neutral,27.0,32.2,34.9,35.6
2024-07-16,2976.3,14.66,2.65,6.45,44.58,5.21,0.58,0.793,0.57,44.45,12.27,46.48,-2.5,-9.56,-0.435,3.775,0.462,0.116,4,865,37.0,1.0,Neutral,27.1,30.8,33.9,32.9
2024-07-17,2962.86,14.974,2.74,6.451,43.89,5.91,0.12,0.865,0.8,46.18,12.6,43.67,-2.89,-9.97,-0.642,3.783,0.462,0.116,5,865,36.9,1.0,Neutral,26.7,31.1,34.1,32.5
2024-07-18,2977.13,14.977,2.73,6.444,33.65,5.56,0.0,0.858,0.23,43.62,13.09,47.31,-2.37,-9.54,-1.172,3.748,1.156,0.231,6,865,36.1,1.0,Neutral,25.9,30.1,33.1,30.0
2024-07-19,2982.31,14.934,2.72,6.449,37.53,2.09,0.23,0.871,0.37,44.37,13.41,48.61,-2.17,-9.38,-1.233,3.808,0.925,0.116,7,865,36.1,1.0,Neutral,25.9,30.2,33.2,32.0
2024-07-22,2964.22,14.859,2.69,6.465,45.55,2.32,0.12,0.868,-0.33,41.27,13.3,44.49,-2.73,-9.93,-0.842,3.921,0.694,0.0,8,865,36.4,1.0,Neutral,26.4,29.7,33.1,33.5
2024-07-23,2915.37,15.466,2.85,6.479,38.84,9.5,0.0,0.924,-2.05,33.69,12.95,35.69,-4.27,-11.41,-1.002,3.71,0.462,0.347,1,865,34.2,1.0,Neutral,23.8,27.2,30.1,28.1
2024-07-24,2901.95,16.02,3.0,6.473,36.32,19.81,0.35,0.956,-2.06,33.62,13.08,33.71,-4.63,-11.82,-0.826,3.238,0.578,0.347,2,865,33.5,1.0,Neutral,22.6,26.7,30.0,26.4
2024-07-25,2886.74,15.802,2.93,6.494,40.25,4.29,0.23,0.857,-3.04,29.48,12.46,31.58,-5.02,-12.28,-0.508,3.226,0.347,0.231,1,865,33.3,1.0,Neutral,22.8,25.7,29.2,25.7
2024-07-26,2890.9,15.061,2.72,6.516,45.73,0.93,0.0,0.876,-3.07,29.25,13.82,32.83,-4.77,-12.16,-0.343,3.323,1.965,0.116,2,865,33.6,1.0,Neutral,24.0,26.0,30.1,29.1
2024-07-29,2891.84,15.119,2.73,6.553,44.0,3.59,0.23,0.818,-2.44,32.16,14.22,33.13,-4.63,-12.13,-0.459,3.292,1.965,0.0,3,865,33.4,1.0,Neutral,24.1,26.3,30.4,27.7
2024-07-30,2879.3,14.842,2.65,6.563,54.47,2.9,0.46,0.844,-1.24,37.24,14.6,31.15,-4.9,-12.51,-0.24,3.352,1.503,0.0,3,865,34.1,1.0,Neutral,25.1,27.9,31.8,31.2
2024-07-31,2938.75,13.587,2.3,6.685,70.36,0.12,0.35,1.341,1.27,54.55,13.69,47.26,-2.83,-10.7,0.311,5.631,2.431,0.116,4,864,37.4,1.0,Neutral,31.1,31.2,35.1,47.6
2024-08-01,2932.39,13.707,2.33,6.704,65.64,0.35,0.35,1.124,1.58,53.39,13.77,46.02,-2.93,-10.9,0.486,4.642,2.202,0.0,5,863,36.6,1.0,Neutral,30.5,30.6,34.9,44.3
2024-08-02,2905.34,13.902,2.38,6.706,52.09,0.58,0.23,1.012,0.5,46.34,14.49,41.08,-3.7,-11.72,0.419,4.115,0.81,0.347,6,864,34.9,1.0,Neutral,28.6,28.8,33.1,37.0
2024-08-05,2860.7,14.647,2.58,6.696,44.97,3.6,0.0,1.155,-1.08,38.91,17.5,34.5,-5.02,-13.08,-0.117,4.356,0.579,0.926,1,864,31.6,1.0,Neutral,24.5,26.5,30.0,32.7
2024-08-06,2867.28,14.0,2.4,6.685,50.33,0.23,0.12,0.967,-0.42,41.49,16.96,36.12,-4.66,-12.88,-0.03,3.783,1.042,0.463,2,864,32.7,1.0,Neutral,26.1,28.1,31.7,33.7
2024-08-07,2869.83,14.098,2.43,6.693,39.06,0.7,0.12,0.861,-2.35,32.46,15.22,36.78,-4.43,-12.8,-0.42,3.245,0.926,0.116,1,864,31.6,1.0,Neutral,25.0,25.4,29.1,28.5
2024-08-08,2869.9,13.883,2.36,6.653,40.0,1.16,0.12,0.95,-2.13,33.27,14.28,36.8,-4.29,-12.8,-0.685,3.338,0.926,0.347,2,864,33.0,1.0,Neutral,26.0,26.5,30.0,30.3
2024-08-09,2862.19,14.238,2.46,6.635,41.81,2.32,0.0,0.936,-1.48,36.31,13.98,35.52,-4.41,-13.03,-0.521,3.014,0.926,0.116,3,864,33.3,1.0,Neutral,25.8,27.1,30.9,30.0
2024-08-12,2858.2,14.384,2.49,6.583,45.65,3.6,0.12,0.808,-0.09,41.89,14.04,34.85,-4.38,-13.15,-0.228,2.494,1.157,0.694,1,864,33.7,1.0,Neutral,25.4,29.3,32.4,29.2
2024-08-13,2867.95,14.067,2.4,6.608,42.25,1.51,0.0,0.772,0.02,42.06,14.07,37.94,-3.9,-12.85,-0.276,2.584,0.926,0.116,2,864,34.0,1.0,Neutral,26.2,29.2,32.6,28.9
2024-08-14,2850.65,14.498,2.52,6.637,39.47,5.45,0.23,0.734,-0.67,39.13,14.28,34.78,-4.31,-13.3,-0.199,2.556,0.694,0.116,3,864,32.9,1.0,Neutral,25.1,27.6,31.4,25.8
2024-08-15,2877.36,14.188,2.43,6.629,44.8,1.62,0.12,0.922,0.26,44.34,14.04,42.71,-3.26,-12.49,-0.242,3.225,0.809,0.116,4,865,34.4,1.0,Neutral,26.9,29.2,32.8,33.5
2024-08-16,2879.43,,,6.636,45.6,4.17,0.35,0.898,0.6,45.67,13.55,43.29,-3.06,-12.43,-0.326,3.098,0.694,0.347,5,865,42.0,1.0,Neutral,52.8,38.4,40.3,32.2
2024-08-19,2893.67,14.451,2.49,6.652,46.89,5.1,0.23,0.896,1.24,48.53,13.62,47.21,-2.48,-11.48,-0.219,3.106,0.116,0.231,1,865,33.5,1.0,Neutral,26.0,29.3,32.2,35.3
2024-08-20,2866.66,15.35,2.73,6.663,34.11,12.28,0.12,0.905,-0.04,42.81,13.48,41.36,-3.25,-12.08,-0.415,2.98,0.694,0.116,1,865,32.4,1.0,Neutral,24.2,26.9,30.4,28.4
2024-08-21,2856.58,15.566,2.79,6.667,36.39,10.54,0.0,0.79,0.21,42.95,13.57,39.4,-3.45,-12.23,-0.599,2.583,1.04,0.0,2,865,32.0,1.0,Neutral,23.7,26.7,30.4,26.6
2024-08-22,2848.77,16.039,2.91,6.676,24.76,16.57,0.23,0.849,-0.99,38.3,13.77,37.9,-3.57,-12.47,-0.869,2.814,0.462,0.578,2,865,30.7,1.0,Neutral,22.2,24.9,28.4,22.9
2024-08-23,2854.37,16.294,2.97,6.679,25.6,15.3,0.23,0.787,-0.87,38.58,13.3,39.67,-3.25,-10.5,-1.052,2.499,1.156,0.347,3,865,30.8,1.0,Neutral,22.3,24.8,28.5,23.1
2024-08-26,2855.52,15.885,2.86,6.671,33.02,4.06,0.12,0.792,-1.32,36.78,13.2,40.05,-3.09,-10.16,-1.079,2.707,1.04,0.0,4,865,31.2,1.0,Neutral,22.7,24.6,28.5,25.9
2024-08-27,2848.73,16.023,2.89,6.644,35.35,12.51,0.12,0.806,-0.63,39.66,12.95,38.52,-3.19,-10.33,-1.213,2.604,1.04,0.231,5,865,31.8,1.0,Neutral,22.8,25.7,29.3,26.3
2024-08-28,2837.43,15.925,2.86,6.667,41.16,6.26,0.0,0.805,-0.67,39.47,13.07,36.04,-3.44,-10.69,-1.204,2.563,0.808,0.115,1,865,31.0,1.0,Neutral,22.4,25.4,28.6,27.4
2024-08-29,2823.11,15.317,2.69,6.664,54.22,2.2,0.12,0.982,-0.9,39.22,13.08,33.13,-3.79,-11.14,-0.736,3.421,0.924,0.115,2,866,32.8,1.0,Neutral,24.7,26.1,29.8,33.9
2024-08-30,2842.21,14.672,2.51,7.038,64.84,0.23,0.12,1.407,-0.43,44.08,12.78,40.08,-3.03,-10.54,-0.271,5.067,0.231,0.0,1,866,31.2,1.0,Neutral,27.6,23.3,27.4,44.0
2024-09-02,2811.03,15.14,2.63,7.062,53.23,3.82,0.12,1.204,-1.56,36.26,14.06,33.89,-3.96,-11.52,-0.151,3.81,0.577,0.231,1,866,28.5,1.0,Pessimistic,24.5,20.8,25.4,36.1
2024-09-03,2802.98,14.961,2.58,7.065,63.94,1.16,0.12,0.973,-1.61,35.78,13.55,32.49,-4.11,-11.77,0.077,3.055,1.155,0.0,2,866,28.6,1.0,Pessimistic,24.8,20.9,26.0,36.7
2024-09-04,2784.28,15.137,2.62,7.075,55.91,3.59,0.0,0.911,-1.87,34.5,14.11,29.46,-4.62,-12.36,0.098,2.996,1.155,0.346,3,866,28.0,1.0,Pessimistic,24.1,20.4,25.6,32.1
2024-09-05,2788.31,14.944,2.56,7.074,55.21,1.16,0.23,0.857,-1.23,37.29,13.87,30.95,-4.35,-12.24,0.014,2.881,1.387,0.0,4,865,28.7,1.0,Pessimistic,24.9,21.3,26.5,31.8
2024-09-06,2765.81,15.493,2.71,7.069,39.83,7.18,0.35,0.901,-2.69,30.82,14.49,27.45,-4.97,-12.94,-0.437,3.009,0.808,0.231,5,866,27.1,1.0,Pessimistic,22.9,19.1,24.3,25.4
2024-09-09,2736.49,15.65,2.74,7.081,44.39,8.12,0.12,0.934,-2.65,30.86,13.62,23.69,-5.83,-13.87,-0.507,2.754,1.503,0.462,5,865,27.3,1.0,Pessimistic,23.0,19.1,24.3,26.0
2024-09-10,2744.19,15.588,2.72,7.094,41.8,6.15,0.23,0.939,-2.1,33.44,15.66,26.54,-5.41,-13.62,-0.468,2.885,1.04,0.347,4,865,26.5,1.0,Pessimistic,22.3,19.7,24.7,26.0
2024-09-11,2721.8,15.686,2.74,7.104,42.8,7.31,0.0,0.868,-2.24,32.89,16.2,23.76,-6.02,-14.33,-0.504,2.637,1.04,0.231,2,865,25.8,1.0,Pessimistic,21.5,19.5,24.4,24.3
2024-09-12,2717.12,15.608,2.72,7.108,34.7,7.31,0.0,0.861,-2.55,31.56,15.45,23.22,-6.03,-14.48,-0.559,2.817,0.694,0.0,3,865,26.4,1.0,Pessimistic,22.2,19.2,24.2,21.3
2024-09-13,2704.09,16.02,2.82,7.136,36.14,15.31,0.0,0.904,-2.23,32.88,15.1,21.72,-6.32,-14.89,-0.806,2.607,0.694,0.462,1,865,25.5,1.0,Pessimistic,21.1,19.0,23.5,21.6
2024-09-18,2717.28,16.435,2.92,7.168,34.1,16.24,0.0,0.892,-0.7,39.76,14.72,26.86,-5.73,-14.47,-0.929,2.642,1.04,0.925,2,865,26.4,1.0,Pessimistic,22.1,20.5,24.8,22.2
2024-09-19,2736.02,15.431,2.65,7.163,40.09,0.12,0.0,1.138,-0.3,43.18,14.26,33.55,-4.96,-13.72,-0.795,3.76,1.734,0.0,2,865,28.8,1.0,Pessimistic,25.1,21.9,26.4,29.8
2024-09-20,2736.81,15.611,2.7,7.165,40.3,3.25,0.0,1.029,0.55,46.77,13.59,33.82,-4.8,-13.7,-0.924,3.097,1.04,0.116,2,865,28.5,1.0,Pessimistic,24.6,22.7,26.8,28.7
2024-09-23,2748.92,15.611,2.69,7.17,43.14,2.55,0.12,0.928,1.17,48.61,13.05,38.04,-4.27,-13.31,-0.872,3.063,1.618,0.0,3,865,29.1,1.0,Pessimistic,25.2,23.0,27.3,30.0
2024-09-24,2863.13,13.944,2.25,7.135,59.08,0.0,0.23,1.721,5.88,89.68,16.54,62.41,-0.24,-9.71,-0.12,6.15,2.428,0.0,4,865,34.4,1.0,Neutral,31.9,33.9,37.0,51.3
2024-09-25,2896.31,13.605,2.16,7.164,68.95,0.0,0.35,2.028,6.59,92.0,18.06,66.53,0.98,-8.67,-0.042,7.382,1.386,0.115,3,866,34.2,1.0,Neutral,32.1,34.5,37.4,57.1
2024-09-26,3000.95,12.037,1.74,7.129,70.11,0.0,1.16,2.024,9.68,92.0,21.79,75.61,4.62,-5.37,0.085,7.926,4.624,0.0,4,865,34.9,1.0,Neutral,34.2,36.2,39.4,63.1
2024-09-27,3087.53,10.861,1.44,7.037,83.43,0.0,1.86,1.7,12.81,89.05,28.56,80.36,7.58,-2.64,1.788,11.112,3.931,0.0,5,865,35.5,1.0,Neutral,35.8,37.1,41.5,68.7
2024-09-30,3336.5,8.136,0.72,5.753,93.67,0.0,6.37,3.753,21.37,92.0,49.14,87.74,16.0,0.0,5.121,20.545,19.884,0.0,6,865,50.7,1.0,Neutral,43.3,55.3,59.6,79.6
2024-10-08,3489.78,7.077,0.45,5.712,92.75,0.0,14.02,4.271,21.89,92.0,53.5,90.19,20.95,0.0,13.068,28.947,14.913,0.0,7,865,52.8,1.0,Neutral,46.7,57.0,62.4,82.2
2024-10-09,3258.86,9.332,1.04,5.729,78.13,0.0,1.85,3.056,12.52,92.0,43.08,68.13,12.73,-6.62,15.822,21.512,1.04,22.197,7,865,49.1,1.0,Neutral,39.8,54.1,58.4,70.8
2024-10-10,3301.93,8.996,0.95,5.761,70.27,0.0,1.27,2.478,10.03,92.0,39.17,69.62,13.99,-5.38,15.614,13.385,1.503,0.925,8,865,50.1,1.0,Neutral,41.5,54.3,59.4,69.4
2024-10-11,3217.74,10.059,1.22,5.766,52.51,0.0,0.46,1.754,4.22,84.24,37.57,63.37,10.91,-7.8,13.411,9.718,0.347,1.156,2,865,47.1,1.0,Neutral,37.0,51.1,55.9,58.1
2024-10-14,3284.32,9.078,0.97,5.768,51.17,0.0,1.27,1.801,-1.56,36.86,32.67,65.98,13.0,-5.89,10.299,9.844,2.775,0.0,3,865,44.1,1.0,Neutral,35.3,39.9,47.0,60.7
2024-10-15,3201.29,9.724,1.13,5.78,35.59,0.0,0.81,1.592,-8.27,10.86,24.62,60.23,10.0,-8.27,2.56,9.923,1.157,0.231,3,864,40.7,1.0,Neutral,31.1,32.3,37.5,50.8
2024-10-16,3202.95,9.486,1.07,5.772,44.84,0.0,0.69,1.433,-1.72,35.44,25.0,60.31,9.91,-8.22,0.242,8.056,2.197,0.116,3,865,42.3,1.0,Neutral,32.9,39.3,41.6,53.5
2024-10-17,3169.38,10.094,1.23,5.797,38.98,0.0,1.04,1.452,-4.01,19.59,23.87,57.95,8.64,-9.18,0.384,9.043,1.27,0.115,4,866,40.4,1.0,Neutral,30.3,34.0,37.4,49.5
2024-10-18,3261.56,9.349,1.03,5.784,56.37,0.0,3.47,1.88,1.36,61.44,31.58,62.31,11.61,-6.54,1.911,14.2,3.349,0.0,5,866,45.8,1.0,Neutral,36.7,46.1,49.0,61.0
2024-10-21,3268.11,9.31,1.02,5.784,51.59,0.0,3.82,1.78,-0.49,45.74,26.0,62.61,11.64,-6.35,3.001,14.942,2.656,0.0,3,866,45.7,1.0,Neutral,36.7,41.9,46.1,59.2
2024-10-22,3285.87,8.938,0.93,5.759,62.78,0.0,2.43,1.505,2.64,66.54,29.75,63.45,12.06,-5.84,3.373,11.692,2.887,0.0,4,866,47.4,1.0,Neutral,38.9,48.2,51.7,62.8
2024-10-23,3302.8,8.758,0.88,5.749,62.7,0.0,1.73,1.682,3.12,73.67,27.02,64.27,12.42,-5.36,3.791,12.172,2.309,0.115,5,866,49.4,1.0,Neutral,41.0,50.4,53.8,64.0
2024-10-24,3280.26,8.717,0.87,5.739,64.85,0.0,1.85,1.323,3.5,68.46,25.02,62.26,11.42,-6.0,4.023,8.875,2.54,0.0,6,866,49.0,1.0,Neutral,40.7,49.3,53.2,61.7
2024-10-25,3299.7,8.286,0.76,5.751,62.68,0.0,2.77,1.502,1.17,55.98,26.13,63.32,11.83,-5.45,3.304,11.014,3.233,0.0,6,866,48.2,1.0,Neutral,40.6,46.6,50.5,63.6
2024-10-28,3322.2,7.618,0.58,5.743,64.71,0.0,4.63,1.675,1.66,62.03,30.01,64.57,12.32,-4.8,2.798,11.079,5.78,0.0,7,865,48.9,1.0,Neutral,42.2,49.3,52.7,66.2
2024-10-29,3286.41,8.343,0.77,5.745,53.86,0.0,3.01,1.777,0.02,49.96,29.58,61.01,10.86,-5.83,2.667,12.105,2.543,0.809,7,865,46.3,1.0,Neutral,38.5,45.0,48.4,60.7
2024-10-30,3266.24,8.4,0.78,5.745,52.5,0.0,3.01,1.61,-1.11,40.12,30.22,59.04,9.95,-6.41,2.83,10.63,3.237,0.116,8,865,45.2,1.0,Neutral,37.3,42.3,46.7,58.6
2024-10-31,3279.82,8.126,0.71,6.436,58.64,0.0,4.51,1.857,-0.01,49.89,31.98,59.98,10.16,-6.02,3.012,13.343,4.509,0.231,9,865,42.0,1.0,Neutral,39.5,39.4,44.5,62.4
2024-11-01,3272.01,8.557,0.82,6.443,45.34,0.0,2.2,1.976,-0.84,42.95,32.64,59.14,9.69,-6.24,2.222,12.351,2.775,2.775,10,865,39.5,1.0,Neutral,36.4,36.8,41.2,57.3
2024-11-04,3310.21,8.204,0.73,6.456,46.32,0.0,2.66,1.517,-0.36,45.2,23.87,61.95,10.74,-5.15,2.146,9.929,3.811,0.577,11,866,42.2,1.0,Neutral,39.8,37.7,42.4,57.6
2024-11-05,3386.99,7.637,0.58,6.473,61.95,0.0,5.43,1.85,3.06,75.71,31.58,66.87,13.0,-2.95,3.122,15.127,3.926,0.0,12,866,45.3,1.0,Neutral,43.9,46.2,50.5,67.3
2024-11-06,3383.81,7.594,0.57,6.46,62.81,0.0,4.51,1.981,3.6,80.24,26.0,66.49,12.57,-3.04,3.781,16.75,3.58,0.346,13,866,47.5,1.0,Neutral,46.0,47.6,51.9,67.8
2024-11-07,3470.66,6.753,0.35,6.472,66.44,0.0,6.6,2.08,5.82,92.0,29.75,71.33,15.07,-0.55,4.557,15.796,4.855,0.116,14,865,49.2,1.0,Neutral,49.0,51.8,56.2,72.3
2024-11-08,3452.3,6.988,0.41,6.477,71.32,0.0,5.09,2.041,5.51,92.0,27.02,69.06,14.1,-1.07,6.097,16.902,2.89,0.231,15,865,49.6,1.0,Neutral,49.2,51.4,56.2,72.3
2024-11-11,3470.07,6.714,0.34,6.492,69.65,0.0,8.1,1.69,4.83,87.42,27.7,70.05,14.31,-0.56,7.286,15.884,4.162,0.231,16,865,49.4,1.0,Neutral,49.6,50.4,55.8,71.3
2024-11-12,3421.97,6.851,0.38,6.511,56.2,0.0,1.97,1.66,1.03,56.95,26.28,64.05,12.38,-1.94,6.117,14.565,2.312,0.694,17,865,45.7,1.0,Neutral,45.8,42.0,48.4,65.0
2024-11-13,3439.28,6.988,0.41,6.496,55.91,0.0,2.08,1.343,1.64,56.96,25.49,65.21,12.59,-1.45,5.175,11.383,1.04,0.462,4,865,44.5,1.0,Neutral,44.3,41.9,47.3,63.4
2024-11-14,3379.84,7.477,0.54,6.503,39.93,0.0,1.16,1.241,-2.62,29.96,24.88,58.29,10.33,-3.15,3.327,9.765,0.694,1.156,4,865,40.1,1.0,Neutral,39.2,34.1,39.4,53.6
2024-11-15,3330.73,7.849,0.64,6.489,34.43,0.0,0.93,1.223,-3.52,24.68,24.96,53.26,8.45,-4.56,1.77,9.576,1.734,1.272,5,865,38.9,1.0,Neutral,37.4,32.5,37.1,49.0
2024-11-18,3323.85,7.771,0.62,6.472,23.29,0.0,1.39,1.424,-4.21,18.5,26.36,52.57,7.96,-4.75,-0.451,8.797,1.622,1.97,6,863,37.0,1.0,Neutral,35.3,31.3,34.3,46.7
2024-11-19,3346.01,7.417,0.53,6.489,35.2,0.0,0.81,1.179,-2.22,32.45,26.36,54.6,8.41,-4.12,-0.514,7.892,1.968,0.694,7,864,38.8,1.0,Neutral,37.8,35.4,38.0,49.9
2024-11-20,3367.99,6.986,0.41,6.481,43.31,0.0,2.2,1.056,-2.07,33.43,24.81,56.58,8.84,-3.49,-0.636,8.418,3.935,0.231,8,864,40.5,1.0,Neutral,40.1,36.4,39.1,52.9
2024-11-21,3370.4,6.887,0.39,6.499,51.07,0.0,2.32,0.98,-0.28,42.23,23.12,56.8,8.62,-3.42,-0.069,8.378,3.125,0.231,9,864,42.1,1.0,Neutral,42.0,38.7,41.4,54.8
2024-11-22,3267.19,7.885,0.65,6.5,49.54,0.0,1.62,1.155,-1.91,34.24,24.19,45.95,5.06,-6.38,-0.229,9.0,2.081,1.156,10,865,39.8,1.0,Neutral,38.3,35.4,38.3,50.3
2024-11-25,3263.76,7.473,0.54,6.515,59.87,0.0,2.43,0.975,-1.81,34.8,23.96,45.63,4.72,-6.48,0.215,7.112,4.277,0.809,11,865,40.3,1.0,Neutral,39.5,36.2,39.6,52.1
2024-11-26,3259.76,7.727,0.61,6.518,48.03,0.0,0.81,0.847,-2.58,31.49,23.34,45.25,4.37,-6.59,-0.241,5.91,1.732,1.617,6,865,38.5,1.0,Neutral,37.4,34.9,37.5,45.7
2024-11-27,3309.78,7.492,0.54,6.528,47.32,0.0,1.97,0.91,-1.73,35.16,23.6,50.85,5.71,-5.16,-0.356,7.325,2.312,0.925,7,865,39.6,1.0,Neutral,38.9,35.9,38.5,48.9
2024-11-28,3295.7,7.393,0.52,6.553,47.65,0.0,1.97,0.904,-2.22,32.95,22.17,49.32,5.01,-5.56,-0.327,7.426,2.543,0.347,8,865,40.1,1.0,Neutral,39.8,35.4,38.2,48.4
2024-11-29,3326.46,7.1,0.44,6.49,62.32,0.0,2.08,1.016,1.81,52.98,22.83,52.67,5.72,-4.68,0.647,9.283,2.884,0.115,8,866,44.2,1.0,Neutral,43.7,41.8,44.5,56.4
2024-12-02,3363.98,6.65,0.32,6.53,65.14,0.0,3.58,1.159,3.07,62.3,24.54,56.45,6.6,-3.6,1.014,9.477,4.268,0.115,9,867,45.2,1.0,Neutral,45.9,44.4,47.2,60.7
2024-12-03,3378.81,6.57,0.3,6.522,68.91,0.0,3.82,1.137,3.65,65.05,24.81,57.88,6.77,-3.18,1.485,8.592,3.806,0.346,6,867,45.1,1.0,Neutral,45.8,45.4,48.0,62.1
2024-12-04,3364.65,6.96,0.4,6.549,55.64,0.0,1.97,1.057,1.66,52.8,24.88,55.98,6.02,-3.59,1.26,8.127,1.848,1.386,7,866,42.4,1.0,Neutral,42.8,41.2,44.0,56.1
2024-12-05,3368.86,6.686,0.33,6.564,60.02,0.0,2.54,0.918,2.22,53.31,24.04,56.44,5.83,-3.46,1.448,7.623,2.999,0.115,7,867,43.3,1.0,Neutral,44.3,41.7,45.0,56.2
2024-12-06,3404.08,6.354,0.25,6.557,57.9,0.0,3.7,1.17,2.33,58.33,23.93,60.16,6.59,-2.46,1.06,9.286,2.54,0.346,6,866,44.6,1.0,Neutral,46.0,43.6,46.1,60.2
2024-12-09,3402.53,6.491,0.28,6.594,48.52,0.0,2.78,1.15,1.15,51.34,23.9,59.92,6.21,-2.5,0.621,8.072,2.194,0.924,3,866,42.3,1.0,Neutral,43.9,41.1,43.2,56.5
2024-12-10,3422.66,6.353,0.25,6.664,49.73,0.0,3.12,1.299,1.3,54.18,24.91,62.06,6.47,-1.92,1.191,12.394,2.656,0.346,3,866,43.0,1.0,Neutral,45.7,40.9,43.7,58.9
2024-12-11,3432.49,6.039,0.16,6.689,61.58,0.0,5.55,1.098,2.02,55.35,24.48,63.09,6.39,-1.64,1.529,8.834,2.88,0.115,4,867,42.9,1.0,Neutral,46.4,41.3,44.5,62.1
2024-12-12,3461.5,5.746,0.09,6.693,60.81,0.0,5.9,1.115,2.75,59.63,25.14,66.04,6.89,-0.81,1.502,9.344,3.341,0.0,5,868,43.7,1.0,Neutral,47.7,42.6,45.8,63.4
2024-12-13,3391.88,6.215,0.21,6.734,50.06,0.0,3.36,1.224,-0.36,43.38,23.51,54.74,4.38,-2.81,1.119,9.265,2.422,0.807,5,867,41.3,1.0,Neutral,45.2,37.6,41.0,55.9
2024-12-16,3386.33,6.234,0.22,6.789,49.7,0.0,4.39,0.971,-0.48,41.23,22.01,53.95,3.86,-2.96,0.947,7.595,4.032,0.806,4,868,40.3,1.0,Neutral,44.9,36.2,39.8,52.7
2024-12-17,3361.49,6.957,0.4,6.787,41.52,0.0,1.27,0.875,-1.79,34.89,21.11,50.43,2.75,-3.68,-0.11,6.88,0.691,5.876,5,868,37.5,1.0,Neutral,40.9,33.4,35.8,45.9
2024-12-18,3382.21,6.879,0.38,6.754,37.01,0.0,2.2,0.782,-1.46,36.17,21.01,53.18,3.03,-3.08,-0.327,6.473,2.074,0.691,6,868,38.7,1.0,Neutral,41.9,34.4,37.2,44.0
2024-12-19,3370.03,7.111,0.44,6.769,32.55,0.0,1.85,0.779,-2.64,31.46,21.11,51.38,2.33,-3.43,-0.646,7.143,1.845,0.692,7,867,37.9,1.0,Neutral,40.9,32.6,35.6,41.3
2024-12-20,3368.07,7.091,0.44,6.809,42.81,0.0,2.66,0.74,-0.7,39.03,19.95,51.08,1.95,-3.49,0.057,8.089,2.532,0.575,8,869,39.4,1.0,Neutral,43.0,34.1,37.4,44.0
2024-12-23,3351.26,7.891,0.64,6.809,37.57,0.0,1.5,0.835,-1.04,38.07,19.52,48.47,1.13,-3.97,-0.281,7.382,1.036,4.833,2,869,36.9,1.0,Neutral,39.3,32.6,34.8,41.5
2024-12-24,3393.53,7.617,0.57,6.794,50.21,0.0,2.42,0.703,0.95,44.92,18.94,54.73,2.14,-2.76,0.106,6.554,2.069,0.345,3,869,38.9,1.0,Neutral,41.5,34.8,37.7,46.5
2024-12-25,3393.35,7.93,0.65,6.774,43.01,0.0,1.15,0.702,0.33,42.63,19.23,54.7,1.88,-2.76,-0.019,6.629,0.92,1.839,4,870,38.0,1.0,Neutral,39.8,34.0,36.6,43.4
2024-12-26,3398.08,7.871,0.64,6.798,48.61,0.0,2.42,0.63,0.83,43.65,18.54,55.4,1.82,-2.63,0.003,6.989,2.184,0.0,5,870,39.0,1.0,Neutral,41.2,33.9,37.2,44.7
2024-12-27,3400.14,7.499,0.54,6.818,48.7,0.0,1.62,0.75,0.95,45.48,18.2,55.73,1.72,-2.57,-0.46,7.68,1.956,0.23,6,869,39.6,1.0,Neutral,42.6,34.7,37.5,47.0
2024-12-30,3407.33,7.538,0.55,6.798,51.76,0.0,2.2,0.682,1.67,47.25,18.41,56.9,1.9,-2.36,0.035,6.449,1.039,0.693,7,866,39.3,1.0,Neutral,42.1,35.3,38.1,47.4
2024-12-31,3351.76,8.162,0.71,6.528,39.13,0.0,0.93,0.765,-1.23,37.07,18.11,46.63,0.31,-3.95,-0.869,6.536,1.153,0.461,8,867,41.4,1.0,Neutral,39.7,36.4,38.6,39.8
2025-01-02,3262.56,8.842,0.89,6.596,39.0,0.0,0.7,0.873,-3.85,25.79,20.69,35.55,-2.37,-6.51,-1.19,6.61,1.384,0.807,9,867,37.8,1.0,Neutral,35.9,31.9,34.7,35.8
2025-01-03,3211.43,9.818,1.14,6.599,26.83,0.12,0.58,0.814,-5.49,21.56,20.28,31.0,-3.85,-7.98,-2.2,5.36,1.73,3.806,10,867,35.1,1.0,Neutral,31.8,29.4,31.5,27.3
2025-01-06,3206.92,9.779,1.13,6.607,21.99,0.12,0.35,0.683,-5.68,23.36,21.45,30.63,-3.98,-8.11,-2.417,4.355,2.307,1.961,11,867,34.5,1.0,Neutral,31.3,29.8,32.1,23.7
2025-01-07,3229.64,9.389,1.03,6.594,33.13,0.0,1.39,0.652,-5.21,23.78,19.19,34.87,-3.28,-7.45,-2.573,5.094,2.304,0.461,3,868,36.2,1.0,Neutral,33.5,30.7,32.5,29.0
2025-01-08,3230.17,9.584,1.08,6.597,38.1,0.12,1.04,0.757,-3.63,27.69,18.47,34.97,-3.27,-7.44,-1.993,5.834,1.498,0.23,4,868,37.2,1.0,Neutral,34.2,31.3,33.4,32.0
2025-01-09,3211.39,9.62,1.09,6.567,44.46,0.0,1.27,0.615,-1.57,35.58,17.97,33.03,-3.84,-7.98,-1.645,5.325,1.498,0.23,5,868,38.7,1.0,Neutral,35.3,33.8,35.8,31.2
2025-01-10,3168.52,10.263,1.25,6.57,44.39,0.35,0.35,0.65,-1.34,36.42,18.05,29.08,-5.12,-9.21,-1.175,5.321,0.807,1.73,6,867,37.9,1.0,Neutral,33.7,33.3,35.4,29.0
2025-01-13,3160.76,10.127,1.22,6.544,47.11,0.23,0.93,0.603,-1.44,35.99,18.76,28.42,-5.31,-9.43,-0.784,4.363,1.153,0.461,3,867,37.5,1.0,Neutral,33.2,33.7,36.0,29.2
2025-01-14,3240.94,9.245,0.99,6.559,50.55,0.0,2.08,0.765,0.35,43.29,19.48,42.9,-2.89,-7.13,-0.166,7.388,4.488,0.115,4,869,40.8,1.0,Neutral,37.9,36.4,39.3,39.4
2025-01-15,3227.12,9.187,0.97,6.57,48.83,0.0,0.92,0.664,-0.09,40.79,18.77,41.35,-3.28,-7.53,0.173,5.805,1.494,0.0,5,869,40.3,1.0,Neutral,37.6,35.8,38.8,36.8
2025-01-16,3236.03,9.089,0.95,6.564,51.25,0.0,1.16,0.71,0.77,44.32,18.86,42.79,-2.98,-7.27,0.261,6.585,1.724,0.115,6,870,41.1,1.0,Neutral,38.5,36.9,39.9,39.0
2025-01-17,3241.82,9.031,0.93,6.544,59.05,0.0,0.92,0.636,2.31,48.72,19.56,43.75,-2.79,-7.11,0.381,5.678,1.378,0.689,4,871,41.0,1.0,Neutral,38.2,38.4,40.9,41.0
2025-01-20,3244.38,8.992,0.92,6.529,61.08,0.12,1.5,0.671,2.65,50.52,19.25,44.2,-2.68,-7.03,0.478,6.156,0.575,0.69,3,870,41.5,1.0,Neutral,38.6,39.1,41.3,42.3
2025-01-21,3242.62,9.027,0.93,6.554,48.39,0.12,2.54,0.643,0.05,41.14,18.65,43.94,-2.7,-7.08,-0.085,6.487,0.805,0.92,2,870,40.2,1.0,Neutral,37.6,36.3,38.4,37.6
2025-01-22,3213.62,9.415,1.03,6.543,46.9,0.23,1.62,0.615,-0.42,39.37,18.79,39.8,-3.53,-7.91,-0.282,5.887,0.688,1.032,1,871,39.1,1.0,Neutral,35.8,35.4,37.3,34.6
2025-01-23,3230.16,9.181,0.97,6.539,43.0,0.12,0.23,0.781,-0.18,41.31,19.5,43.1,-3.02,-7.44,-0.632,7.331,0.688,0.459,2,872,40.0,1.0,Neutral,37.0,36.3,38.1,37.0
2025-01-24,3252.63,9.08,0.94,6.547,47.99,0.46,0.92,0.683,0.33,42.47,19.1,47.31,-2.33,-6.8,-0.881,6.258,1.032,0.688,2,872,39.6,1.0,Neutral,36.9,36.4,38.0,38.9
2025-01-27,3250.6,9.022,0.92,6.888,41.42,0.46,0.58,0.671,0.19,41.86,17.73,46.98,-2.38,-6.85,-2.817,5.306,0.573,1.032,1,872,34.5,1.0,Neutral,36.3,30.9,31.9,36.4
2025-02-05,3229.49,9.197,0.97,6.897,46.91,0.23,1.04,0.714,-0.41,40.01,18.64,43.49,-2.98,-7.46,-1.795,7.436,1.72,0.459,2,872,35.3,1.0,Neutral,37.0,30.3,32.5,37.5
2025-02-06,3270.66,8.866,0.88,6.922,60.73,0.12,1.73,0.816,1.77,49.68,18.4,51.11,-1.68,-6.28,-0.89,8.962,1.376,0.0,3,872,37.3,1.0,Neutral,39.6,32.4,35.1,46.8
2025-02-07,3303.67,8.515,0.79,6.915,67.61,0.0,1.62,1.074,2.28,56.32,18.53,56.21,-0.65,-5.33,0.005,11.478,1.376,0.0,4,872,39.0,1.0,Neutral,41.8,34.3,37.3,54.4
2025-02-10,3322.17,8.322,0.74,6.884,67.8,0.0,2.77,0.986,2.14,54.1,18.99,58.81,-0.02,-4.8,1.69,9.67,2.982,0.0,5,872,39.5,1.0,Neutral,42.3,34.1,38.8,54.6
2025-02-11,3318.06,8.283,0.73,6.89,66.95,0.0,1.85,0.936,2.08,52.94,16.49,57.98,-0.08,-4.92,4.013,8.674,1.261,0.115,6,872,40.9,1.0,Neutral,43.9,33.8,40.2,53.6
2025-02-12,3346.39,8.283,0.73,6.884,67.96,0.0,2.54,0.951,3.62,60.53,18.57,61.93,0.84,-4.11,3.259,9.407,2.064,0.0,7,872,40.7,1.0,Neutral,43.5,35.5,41.2,55.5
2025-02-13,3332.48,8.38,0.75,6.883,54.59,0.0,2.19,1.064,1.89,54.12,17.86,59.0,0.47,-4.51,2.374,9.787,1.147,0.115,2,872,39.7,1.0,Neutral,42.4,34.0,38.7,52.0
2025-02-14,3346.72,8.439,0.77,6.863,48.22,0.12,2.43,1.004,1.3,50.25,17.45,61.04,0.94,-4.1,1.782,9.292,1.607,0.23,3,871,39.1,1.0,Neutral,41.5,32.9,37.5,49.7
2025-02-17,3355.83,8.244,0.72,6.824,46.41,0.12,3.35,1.116,1.01,50.18,18.21,62.32,1.23,-3.84,1.596,10.94,1.606,0.0,4,872,40.0,1.0,Neutral,42.1,33.8,38.3,51.2
2025-02-18,3324.49,8.77,0.85,6.817,42.74,0.23,1.85,1.067,0.19,45.29,18.12,55.52,0.29,-4.74,0.877,9.237,0.803,1.147,2,872,38.2,1.0,Neutral,39.4,32.4,36.0,46.4
2025-02-19,3351.54,8.478,0.78,6.855,46.18,0.23,3.7,0.956,0.15,44.14,17.65,59.62,1.09,-3.96,1.031,9.51,2.408,0.0,3,872,38.5,1.0,Neutral,40.7,31.5,35.9,48.1
2025-02-20,3350.78,8.478,0.78,6.833,53.92,0.23,3.7,0.966,0.55,46.12,17.35,59.45,1.06,-3.98,1.445,9.346,2.067,0.0,4,871,39.4,1.0,Neutral,41.3,32.5,37.1,50.8
2025-02-21,3379.11,8.497,0.78,6.798,55.66,0.23,6.0,1.169,0.97,50.57,18.28,63.52,1.91,-3.17,1.747,12.668,2.638,0.115,3,872,40.1,1.0,Neutral,41.5,33.7,38.3,55.1
2025-02-24,3373.03,8.205,0.7,6.755,53.24,0.23,5.43,1.148,0.51,47.77,17.92,62.08,1.73,-3.35,1.509,11.618,1.722,0.344,4,871,40.8,1.0,Neutral,42.0,34.4,38.6,54.1
2025-02-25,3346.04,8.4,0.75,6.79,56.46,0.12,4.16,1.011,0.65,47.07,17.91,56.01,0.87,-4.12,2.253,10.314,1.378,0.23,3,871,40.6,1.0,Neutral,41.9,34.0,38.7,51.4
2025-02-26,3380.21,8.069,0.67,6.793,55.08,0.35,5.07,1.065,0.86,48.73,17.95,61.19,1.85,-3.14,2.235,10.752,1.376,0.115,4,872,40.9,1.0,Neutral,42.8,34.3,39.1,54.0
2025-02-27,3388.06,8.049,0.66,6.76,50.6,0.12,3.46,1.106,1.11,50.59,17.69,62.28,2.02,-2.91,1.963,10.625,1.493,0.344,5,871,41.5,1.0,Neutral,43.0,35.3,39.7,53.4
2025-02-28,3320.9,8.437,0.76,6.745,41.98,0.46,0.92,1.088,-1.72,35.26,17.84,49.41,-0.01,-4.84,0.675,8.903,1.378,1.148,3,871,39.2,1.0,Neutral,39.9,32.2,35.8,45.2
2025-03-03,3316.93,8.26,0.71,6.765,42.59,0.12,0.69,0.96,-1.66,35.49,16.78,48.77,-0.14,-4.95,-0.003,7.797,1.494,0.575,2,870,39.1,1.0,Neutral,40.3,32.3,35.3,43.8
2025-03-04,3324.21,8.184,0.69,6.752,51.42,0.23,2.42,0.822,-0.65,39.63,18.28,50.05,0.08,-4.74,-0.256,7.112,1.72,0.115,3,870,39.0,1.0,Neutral,40.2,33.7,36.6,45.5
2025-03-05,3341.97,8.205,0.7,6.752,43.9,0.35,2.66,0.885,-1.13,37.81,15.71,53.13,0.62,-4.24,-0.601,7.391,1.261,0.344,3,872,39.6,1.0,Neutral,40.7,32.8,35.5,44.9
2025-03-06,3381.1,7.971,0.64,6.715,52.72,0.0,3.93,1.044,-0.21,43.04,16.45,59.11,1.8,-3.11,0.2,10.743,1.72,0.0,4,872,41.7,1.0,Neutral,42.6,34.5,37.7,52.5
2025-03-07,3372.55,8.147,0.68,6.66,57.08,0.23,4.39,1.005,1.56,51.52,15.42,57.39,1.54,-3.36,0.642,9.324,1.491,0.344,5,872,43.5,1.0,Neutral,43.5,37.6,40.5,52.7
2025-03-10,3366.16,8.007,0.65,6.647,58.06,0.0,2.77,0.877,1.48,49.35,15.11,56.07,1.35,-3.54,1.198,7.76,1.95,0.229,2,872,43.4,1.0,Neutral,43.4,37.6,40.9,51.1
2025-03-11,3379.83,7.89,0.62,6.575,53.96,0.12,3.35,0.876,1.67,50.17,16.45,58.28,1.77,-3.15,1.186,7.696,0.918,0.0,3,871,43.8,1.0,Neutral,43.1,38.9,42.0,50.6
2025-03-12,3371.92,7.773,0.58,6.627,55.34,0.0,3.58,0.989,0.9,48.06,15.53,56.51,1.55,-3.38,1.621,9.005,1.493,0.0,4,871,44.5,1.0,Neutral,44.6,38.0,41.8,52.2
2025-03-13,3358.73,7.734,0.57,6.604,43.83,0.23,1.96,1.029,-0.66,40.62,15.52,53.59,1.18,-3.76,0.389,7.841,1.032,0.115,3,872,43.2,1.0,Neutral,43.0,36.8,39.5,47.8
2025-03-14,3419.56,7.423,0.49,6.629,54.47,0.0,2.77,1.166,1.39,52.94,18.08,63.06,3.02,-2.01,0.959,9.483,1.95,0.0,2,872,43.5,1.0,Neutral,44.1,39.1,42.0,56.8
2025-03-17,3426.13,7.324,0.47,6.565,53.49,0.0,3.34,1.035,1.78,53.11,17.59,63.92,3.24,-1.82,1.082,8.092,1.261,0.344,3,872,43.9,1.0,Neutral,43.9,40.1,42.8,55.6
2025-03-18,3429.76,7.186,0.43,6.572,54.66,0.0,4.26,0.919,1.48,49.91,17.36,64.41,3.33,-1.72,1.423,8.013,2.057,0.114,4,874,44.1,1.0,Neutral,44.4,39.4,42.7,54.9
2025-03-19,3426.43,7.243,0.45,6.589,51.33,0.0,4.14,0.899,1.62,50.26,17.69,63.55,3.21,-1.82,0.82,7.303,1.6,0.114,2,875,43.1,1.0,Neutral,43.5,39.3,41.9,53.1
2025-03-20,3408.95,7.224,0.44,6.629,53.53,0.12,3.68,0.928,1.5,50.12,16.49,59.12,2.66,-2.32,1.252,7.053,0.914,0.114,3,875,43.7,1.0,Neutral,44.6,39.2,42.2,52.9
2025-03-21,3364.83,7.417,0.49,6.614,40.62,0.12,2.3,1.075,-1.6,35.9,15.9,49.7,1.34,-3.58,0.451,7.092,0.343,0.914,4,875,42.5,1.0,Neutral,42.9,36.1,38.8,46.8
2025-03-24,3370.03,7.571,0.53,6.619,34.22,0.35,2.19,1.059,-1.64,35.69,15.33,50.7,1.49,-3.43,-0.476,6.34,1.145,1.833,5,873,41.8,1.0,Neutral,42.1,35.6,37.7,44.6
2025-03-25,3369.98,7.532,0.52,6.642,31.01,0.23,0.69,0.941,-1.74,35.1,15.53,50.68,1.49,-3.43,-1.039,5.756,1.143,1.714,2,875,40.8,1.0,Neutral,41.4,35.2,36.7,42.0
2025-03-26,3368.7,7.296,0.46,6.666,38.85,0.11,1.03,0.885,-1.68,35.35,14.7,50.4,1.44,-3.47,-1.018,5.359,2.057,0.114,2,875,41.6,1.0,Neutral,42.9,35.2,37.3,44.1
2025-03-27,3373.75,7.49,0.51,6.654,38.64,0.34,0.8,0.86,-1.03,38.17,14.3,51.56,1.61,-3.32,-1.297,5.574,0.799,0.114,2,875,41.7,1.0,Neutral,42.6,35.8,37.4,43.8
2025-03-28,3351.31,7.821,0.59,6.648,37.88,0.57,0.69,0.857,-0.4,40.89,14.59,46.38,0.95,-3.97,-0.769,5.213,0.799,1.027,2,876,41.4,1.0,Neutral,41.7,36.2,37.9,41.4
2025-03-31,3335.75,8.054,0.65,6.676,37.82,0.57,1.26,0.984,-1.02,38.66,15.74,43.14,0.52,-4.41,-0.672,5.555,0.799,1.142,2,876,40.1,1.0,Neutral,40.4,34.8,36.8,41.7
2025-04-01,3348.43,7.839,0.6,6.679,43.29,0.0,1.03,0.878,-0.64,39.97,15.52,46.42,0.92,-4.05,-0.779,5.279,0.913,0.228,2,876,40.6,1.0,Neutral,41.3,35.4,37.4,43.6
2025-04-02,3350.13,7.8,0.58,6.7,39.83,0.11,1.49,0.73,-0.55,39.55,15.33,46.86,1.0,-4.0,-0.918,4.563,0.912,0.228,2,876,39.9,1.0,Neutral,40.9,35.0,36.9,40.3
2025-04-03,3342.01,7.586,0.53,6.771,40.2,0.11,1.38,0.838,-0.94,38.48,15.35,44.95,0.76,-4.23,-1.208,5.355,1.14,0.456,2,877,39.6,1.0,Neutral,41.9,34.0,35.9,41.7
2025-04-07,3096.58,10.755,1.35,6.857,37.3,5.41,0.46,1.39,-7.6,13.63,31.37,19.31,-6.56,-11.27,-3.522,6.884,0.457,60.616,2,876,26.0,1.0,Pessimistic,25.1,22.3,23.8,31.5
2025-04-08,3145.55,10.616,1.31,6.826,44.09,1.73,0.69,1.386,-5.7,13.7,24.24,28.12,-5.05,-9.86,-5.356,6.322,2.055,3.995,3,875,28.1,1.0,Pessimistic,27.0,22.7,23.9,36.6
2025-04-09,3186.81,10.15,1.19,6.838,46.83,0.46,0.81,1.426,-4.83,14.32,22.62,34.6,-3.79,-8.68,-5.426,7.953,2.055,0.114,2,876,30.0,1.0,Neutral,29.6,23.0,24.7,40.9
2025-04-10,3223.64,9.506,1.02,6.845,54.64,0.0,1.27,1.22,-3.78,23.2,20.05,39.82,-2.68,-7.63,-5.18,8.177,3.539,0.0,3,876,33.0,1.0,Neutral,33.5,26.0,27.7,45.2
2025-04-11,3238.23,9.409,1.0,6.832,59.28,0.0,0.69,0.975,-3.11,28.52,19.5,41.8,-2.24,-7.21,-4.951,6.923,2.166,0.114,4,876,33.5,1.0,Neutral,34.0,27.8,29.1,45.1
2025-04-14,3262.81,9.077,0.91,6.831,75.88,0.0,1.04,0.967,5.37,67.52,17.07,45.07,-1.53,-6.5,-2.001,6.607,2.854,0.114,3,876,39.9,1.0,Neutral,40.8,38.5,39.5,51.0
2025-04-15,3267.66,9.056,0.9,6.831,73.37,0.0,1.27,0.811,3.88,58.32,15.85,45.72,-1.43,-6.36,0.122,5.01,1.143,0.229,2,875,39.2,1.0,Neutral,40.2,36.1,38.6,48.5
2025-04-16,3276.0,9.326,0.97,6.846,60.65,0.0,0.46,0.878,2.8,55.18,16.68,46.89,-1.23,-6.13,0.158,5.015,0.799,0.342,2,876,37.7,1.0,Neutral,38.5,34.5,37.2,46.3
2025-04-17,3280.34,9.19,0.94,6.837,54.36,0.12,1.5,0.78,1.76,49.06,16.14,47.52,-1.12,-6.0,-0.184,4.819,1.714,0.229,3,875,37.6,1.0,Neutral,38.5,33.3,36.2,43.1
2025-04-18,3276.73,9.112,0.92,6.84,50.73,0.23,0.92,0.735,1.19,46.2,16.0,47.02,-1.26,-6.1,-0.31,4.235,1.259,0.572,4,874,37.0,1.0,Neutral,38.0,32.6,35.5,41.2
2025-04-21,3291.43,8.898,0.86,6.823,50.07,0.23,1.27,0.778,0.88,45.51,15.69,49.35,-0.84,-5.68,-0.479,5.414,2.511,0.457,5,876,38.4,1.0,Neutral,39.5,32.9,35.9,42.7
2025-04-22,3299.76,8.762,0.82,6.838,50.75,0.12,2.19,0.828,0.98,46.54,15.59,50.68,-0.62,-5.44,-0.544,5.304,2.171,0.457,6,875,38.4,1.0,Neutral,39.9,33.0,36.0,44.3
2025-04-23,3296.36,8.623,0.79,6.828,58.98,0.23,1.84,0.845,0.62,45.2,15.34,50.1,-0.75,-5.54,-0.146,6.327,1.14,0.57,3,877,38.9,1.0,Neutral,40.4,33.1,35.9,47.3
2025-04-24,3297.29,8.544,0.77,6.825,52.86,0.57,2.3,0.806,0.52,44.36,15.11,50.27,-0.75,-5.52,-0.118,5.234,1.368,0.456,4,877,38.8,1.0,Neutral,40.5,33.1,36.1,44.8
2025-04-25,3295.06,8.544,0.77,6.828,55.42,0.46,2.18,0.843,0.56,44.92,15.15,49.84,-0.85,-5.58,-0.07,5.527,1.706,0.91,5,878,39.0,1.0,Neutral,40.7,33.2,36.3,46.1
2025-04-28,3288.41,9.087,0.91,6.841,43.51,0.46,1.38,0.841,-0.09,42.12,16.14,48.51,-1.08,-5.77,-0.321,5.043,1.023,1.818,3,880,36.6,1.0,Neutral,37.7,31.5,34.2,40.7
2025-04-29,3286.66,8.757,0.82,6.865,46.79,0.69,2.42,0.798,-0.4,40.55,16.15,48.14,-1.15,-5.82,-0.358,4.875,1.602,1.144,4,874,36.8,1.0,Neutral,38.6,31.3,34.3,41.5
2025-04-30,3279.03,8.745,0.82,7.079,47.4,0.58,1.62,0.894,-0.53,40.56,17.07,46.5,-1.4,-6.04,-1.338,5.503,1.833,0.344,4,873,35.3,1.0,Neutral,38.5,29.8,32.6,42.7
2025-05-06,3316.11,8.298,0.7,7.073,59.65,0.23,2.87,0.972,0.57,46.29,14.91,54.61,-0.32,-4.98,-0.378,7.065,2.617,0.341,5,879,38.1,1.0,Neutral,41.9,31.3,34.7,51.1
2025-05-07,3342.66,7.948,0.61,7.061,61.37,0.34,2.98,1.045,1.44,51.53,14.6,59.36,0.44,-4.22,0.326,7.65,1.591,0.227,6,880,39.3,1.0,Neutral,43.6,32.8,36.4,54.7
2025-05-08,3352.0,7.831,0.58,7.07,71.08,0.23,2.98,0.874,1.93,51.29,14.59,60.91,0.69,-3.95,0.25,6.474,1.818,0.114,4,880,38.8,1.0,Neutral,43.3,32.8,36.3,55.6
2025-05-09,3342.0,7.909,0.6,7.068,62.28,0.11,2.18,0.819,1.68,49.35,14.66,58.34,0.38,-4.23,0.063,5.671,1.023,0.114,4,880,38.2,1.0,Neutral,42.6,32.4,35.8,51.7
2025-05-12,3369.24,7.909,0.6,7.015,64.81,0.0,2.07,0.863,2.75,54.67,15.75,62.92,1.18,-3.45,1.203,6.91,1.251,0.0,5,879,39.2,1.0,Neutral,43.3,33.6,37.8,54.6
2025-05-13,3374.87,7.773,0.56,7.033,53.97,0.11,2.41,0.882,1.77,50.7,14.99,63.81,1.33,-3.29,0.464,6.538,1.136,0.0,6,880,38.7,1.0,Neutral,43.2,32.6,36.4,52.0
2025-05-14,3403.95,7.618,0.52,7.03,49.74,0.11,1.95,0.965,1.83,52.28,15.0,68.05,2.17,-2.46,0.125,6.97,1.477,0.341,4,880,38.5,1.0,Neutral,43.1,32.8,36.0,53.4
2025-05-15,3380.82,7.692,0.54,7.023,40.8,0.11,2.07,0.883,0.86,46.66,16.13,61.84,1.46,-3.12,-0.023,5.639,1.138,0.114,5,879,37.4,1.0,Neutral,41.9,32.0,35.4,47.1
2025-05-16,3367.46,7.728,0.55,7.024,47.85,0.34,2.76,0.827,0.76,45.6,15.74,58.52,1.05,-3.5,0.134,5.233,1.138,0.455,4,879,37.5,1.0,Neutral,41.9,31.9,35.3,47.7
2025-05-19,3367.58,7.592,0.51,7.014,46.16,0.23,2.76,0.849,-0.05,42.36,14.47,58.54,1.03,-3.5,0.077,5.063,1.938,0.0,5,877,38.2,1.0,Neutral,42.8,31.4,35.2,47.6
2025-05-20,3380.48,7.456,0.47,7.003,53.12,0.11,4.25,0.859,0.17,43.37,14.96,60.89,1.4,-3.13,0.129,5.625,1.595,0.228,3,878,38.1,1.0,Neutral,42.8,31.7,35.1,51.1
2025-05-21,3387.57,7.497,0.49,6.993,50.64,0.0,3.34,0.876,-0.48,40.66,15.28,62.16,1.6,-2.93,-0.033,5.487,1.368,0.57,3,877,37.2,1.0,Neutral,41.9,30.8,34.1,50.9
2025-05-22,3380.19,7.768,0.55,6.985,48.62,0.46,2.19,0.84,-0.02,42.42,16.01,59.98,1.37,-3.14,0.006,5.095,0.684,0.684,2,877,36.5,1.0,Neutral,40.8,31.1,34.2,48.7
2025-05-23,3348.37,7.885,0.58,6.982,40.85,0.58,1.27,0.86,-0.57,40.19,16.33,51.56,0.43,-4.05,-0.308,5.377,0.913,0.228,2,876,37.0,1.0,Neutral,41.0,31.3,34.3,43.4
2025-05-26,3346.84,7.83,0.57,6.983,41.31,0.69,1.96,0.752,-0.62,39.42,15.76,51.19,0.39,-4.1,-0.247,4.737,1.026,0.228,3,877,37.0,1.0,Neutral,41.1,31.2,34.4,41.9
2025-05-27,3340.69,7.791,0.56,6.977,36.66,0.92,2.3,0.749,-1.18,37.24,15.68,49.64,0.22,-4.27,-0.127,4.833,1.481,0.456,4,878,37.1,1.0,Neutral,41.3,30.8,34.2,39.8
2025-05-28,3339.93,7.77,0.55,7.02,37.05,0.46,2.19,0.749,-1.41,36.35,15.72,49.44,0.22,-4.29,-0.014,4.469,0.798,0.228,3,877,36.6,1.0,Neutral,40.9,30.4,33.8,39.9
2025-05-29,3363.45,7.519,0.49,7.016,50.38,0.23,2.87,0.87,-0.5,40.56,15.3,55.41,0.91,-3.62,0.04,5.783,2.162,0.569,1,879,37.7,1.0,Neutral,42.4,31.4,34.5,48.7
2025-05-30,3347.49,7.674,0.53,6.854,50.62,0.57,1.49,0.859,-0.03,42.53,15.21,51.01,0.41,-4.08,-0.005,5.098,0.91,0.569,2,879,39.0,1.0,Neutral,42.4,33.6,36.3,47.0
2025-06-03,3361.98,7.597,0.51,6.849,48.77,0.11,3.55,0.89,0.45,44.92,14.74,54.54,0.83,-3.66,-0.074,5.268,1.818,0.455,3,880,39.7,1.0,Neutral,43.0,34.0,36.8,48.0
2025-06-04,3376.2,7.497,0.48,6.855,53.39,0.23,4.58,0.866,1.06,47.35,14.55,57.75,1.24,-3.25,-0.194,5.499,1.932,0.682,3,880,39.8,1.0,Neutral,43.4,34.3,37.0,50.4
2025-06-05,3384.1,7.497,0.48,6.851,56.68,0.11,2.86,0.912,1.32,49.11,14.61,59.47,1.47,-3.03,0.046,6.39,1.364,0.455,2,880,40.2,1.0,Neutral,43.7,34.7,37.3,52.7
2025-06-06,3385.36,7.458,0.47,6.87,49.92,0.23,2.63,0.858,0.65,45.47,14.33,59.75,1.5,-2.99,-0.064,5.39,1.251,0.228,2,879,39.3,1.0,Neutral,43.2,33.5,36.3,49.8
2025-06-09,3399.77,7.302,0.43,6.869,61.23,0.0,3.67,0.97,1.56,51.04,14.61,62.91,1.92,-2.58,0.818,6.609,1.595,0.228,2,878,40.6,1.0,Neutral,44.7,34.9,38.2,56.4
2025-06-10,3384.82,7.417,0.46,6.868,53.57,0.11,2.97,1.094,0.68,48.12,14.52,57.83,1.47,-3.01,0.674,7.027,0.795,0.0,3,880,40.8,1.0,Neutral,44.7,34.5,37.9,53.7
2025-06-11,3402.32,7.319,0.43,6.883,52.0,0.11,3.2,0.962,0.77,47.15,14.57,61.73,1.98,-2.51,0.65,6.266,1.136,0.0,4,880,40.1,1.0,Neutral,44.3,33.7,37.4,52.9
2025-06-12,3402.66,7.397,0.45,6.878,50.67,0.11,4.35,0.931,0.55,45.77,14.49,61.8,1.97,-2.5,0.526,6.266,1.024,0.228,4,879,39.7,1.0,Neutral,43.8,33.3,36.8,52.0
2025-06-13,3377.0,7.591,0.5,6.881,43.77,0.11,2.06,1.165,-0.25,43.64,14.8,53.43,1.22,-3.23,0.448,6.504,1.024,0.569,5,879,39.9,1.0,Neutral,43.7,33.3,36.7,49.4
2025-06-16,3388.73,7.533,0.48,6.882,41.66,0.46,2.63,0.929,-0.32,41.68,14.3,56.34,1.59,-2.9,0.343,5.983,1.593,0.114,2,879,39.4,1.0,Neutral,43.4,32.5,36.0,47.0
2025-06-17,3387.41,7.474,0.47,6.889,45.6,0.46,2.17,0.897,0.08,43.29,14.23,55.91,1.57,-2.93,0.584,6.2,1.136,0.341,2,880,39.7,1.0,Neutral,43.8,33.0,36.4,48.0
2025-06-18,3388.81,7.571,0.49,6.887,39.14,1.03,2.63,0.873,-0.4,41.01,14.49,56.29,1.63,-2.89,0.557,5.757,0.341,0.227,2,880,38.9,1.0,Neutral,42.9,32.2,35.6,45.3
2025-06-19,3362.11,7.782,0.55,6.883,32.88,1.71,0.69,0.96,-1.19,37.74,14.61,47.91,0.86,-3.66,0.01,5.976,0.455,0.227,3,880,38.6,1.0,Neutral,42.2,31.5,34.7,41.6
2025-06-20,3359.89,7.898,0.58,6.886,36.17,1.71,1.14,0.811,-0.51,40.18,13.73,47.28,0.79,-3.72,-0.195,4.675,1.136,0.114,4,880,38.7,1.0,Neutral,42.1,32.0,35.2,40.2
2025-06-23,3381.58,7.724,0.53,6.883,39.33,0.8,2.18,0.896,-0.21,41.99,13.57,53.69,1.44,-3.1,-0.27,5.399,1.708,0.228,5,878,39.6,1.0,Neutral,43.2,32.5,35.7,44.8
2025-06-24,3420.57,7.549,0.49,6.877,48.9,0.0,2.63,1.079,0.98,49.55,14.32,62.51,2.58,-1.98,-0.277,7.465,1.818,0.227,6,880,40.4,1.0,Neutral,44.2,33.9,36.9,53.6
2025-06-25,3455.97,7.394,0.44,6.871,57.36,0.0,3.42,1.193,1.98,56.71,16.97,68.4,3.6,-0.97,0.031,8.835,2.045,0.0,7,880,40.4,1.0,Neutral,44.4,35.5,38.7,59.7
2025-06-26,3448.45,7.471,0.46,6.879,60.51,0.0,2.4,1.159,2.57,59.46,15.51,66.03,3.33,-1.18,0.96,8.571,1.477,0.227,5,880,41.4,1.0,Neutral,45.4,36.3,39.8,59.7
2025-06-27,3424.23,7.415,0.45,6.879,67.01,0.0,1.94,1.217,1.91,56.72,14.53,58.94,2.57,-1.88,1.472,8.325,1.365,0.228,1,879,42.0,1.0,Neutral,46.1,36.5,39.9,59.7
2025-06-30,3444.43,7.374,0.44,6.457,65.38,0.0,3.89,1.059,1.86,53.89,14.52,62.55,3.12,-1.3,1.826,7.884,1.482,0.114,1,877,46.8,1.0,Neutral,45.6,41.8,44.6,59.2
2025-07-01,3457.75,7.277,0.41,6.46,56.73,0.0,5.03,1.03,1.09,49.51,14.24,64.75,3.46,-0.92,1.746,7.316,0.684,0.342,2,877,46.0,1.0,Neutral,45.0,40.4,43.4,57.1
2025-07-02,3454.79,7.18,0.38,6.464,49.42,0.0,3.32,1.154,-0.03,44.76,14.03,63.85,3.32,-1.0,1.418,6.548,0.684,0.0,3,877,45.6,1.0,Neutral,44.8,39.4,42.6,55.8
2025-07-03,3461.15,7.087,0.36,6.463,56.25,0.0,3.09,1.01,0.37,45.67,14.1,64.98,3.45,-0.82,1.087,6.513,0.912,0.0,1,877,45.3,1.0,Neutral,44.6,39.7,42.3,57.1
2025-07-04,3472.32,7.243,0.4,6.46,48.43,0.0,2.74,1.15,1.4,52.78,14.5,66.92,3.59,-0.5,0.69,7.107,0.911,0.114,2,878,45.7,1.0,Neutral,44.8,41.1,43.3,56.3
2025-07-07,3473.13,7.105,0.36,6.463,46.53,0.11,4.57,1.01,0.83,47.99,14.64,67.07,3.44,-0.48,0.45,5.953,1.708,0.114,2,878,44.9,1.0,Neutral,44.1,40.0,42.3,54.3
2025-07-08,3497.47,6.872,0.3,6.459,53.07,0.0,4.34,1.152,1.15,51.38,15.34,71.11,4.01,0.0,0.542,7.527,1.251,0.0,3,878,45.7,1.0,Neutral,45.2,41.0,43.3,59.7
2025-07-09,3493.05,6.852,0.3,6.459,52.42,0.0,3.08,1.232,1.11,52.15,15.34,69.44,3.74,-0.13,0.692,7.571,0.91,0.228,2,879,45.7,1.0,Neutral,45.3,41.4,43.4,59.6
2025-07-10,3509.68,6.641,0.24,6.442,50.79,0.0,2.4,1.33,1.4,55.27,15.74,72.09,4.09,0.0,0.764,7.616,1.367,0.114,2,878,46.3,1.0,Neutral,46.1,42.6,44.6,60.8
2025-07-11,3510.18,6.583,0.22,6.438,56.51,0.0,3.08,1.561,1.09,56.16,16.44,72.17,3.98,0.0,1.225,9.152,1.364,0.0,3,880,47.2,1.0,Neutral,47.0,43.0,45.5,64.3
2025-07-14,3519.65,6.583,0.22,6.431,55.56,0.0,3.99,1.334,1.34,54.92,16.25,73.67,4.13,0.0,1.403,7.474,1.706,0.341,3,879,46.5,1.0,Neutral,46.2,42.7,45.3,62.8
2025-07-15,3505.0,6.777,0.27,6.448,44.39,0.23,2.74,1.325,0.22,47.66,15.16,67.59,3.58,-0.42,1.37,8.482,0.796,1.024,3,879,46.3,1.0,Neutral,45.9,40.7,43.4,57.0
2025-07-16,3503.78,6.66,0.24,6.442,49.82,0.0,3.08,1.085,0.31,46.04,15.06,67.09,3.43,-0.45,1.527,7.427,0.797,0.456,4,878,46.3,1.0,Neutral,46.0,40.6,43.6,57.0
2025-07-17,3516.83,6.699,0.25,6.441,52.14,0.0,4.34,1.084,0.2,45.49,15.3,69.66,3.69,-0.08,1.647,8.102,1.253,0.0,5,878,46.5,1.0,Neutral,46.1,40.1,43.6,58.5
2025-07-18,3534.48,6.564,0.22,6.439,51.31,0.0,3.89,1.128,0.69,48.56,15.07,72.76,4.09,0.0,1.427,8.143,1.596,0.0,6,877,47.0,1.0,Neutral,46.8,41.0,44.2,59.7
2025-07-21,3559.79,6.138,0.1,6.426,54.13,0.0,6.73,1.442,1.14,55.02,15.49,76.47,4.7,0.0,1.722,9.405,2.844,0.0,3,879,48.8,1.0,Neutral,49.1,43.6,46.6,64.6
2025-07-22,3581.86,5.903,0.04,6.413,58.8,0.0,6.84,1.616,2.19,65.24,15.71,79.13,5.2,0.0,2.256,10.549,2.389,0.114,3,879,50.6,1.0,Neutral,51.2,46.9,49.6,68.1
2025-07-23,3582.3,5.981,0.06,6.4,51.07,0.0,3.87,1.712,2.24,67.29,17.37,79.18,5.07,0.0,2.026,9.994,1.364,0.227,4,880,49.8,1.0,Neutral,50.2,47.5,49.9,65.7
2025-07-24,3605.73,5.788,0.01,6.366,54.11,0.0,5.23,1.701,2.53,69.38,16.89,81.73,5.59,0.0,1.967,10.191,1.818,0.114,4,880,51.1,1.0,Neutral,51.4,48.9,51.1,67.5
2025-07-25,3593.66,5.807,0.01,6.371,53.59,0.0,4.09,1.514,1.67,59.76,17.13,76.54,5.08,-0.33,2.364,9.522,1.022,0.568,3,881,49.5,1.0,Neutral,49.8,46.3,48.9,65.5
2025-07-28,3597.94,5.826,0.02,6.389,49.67,0.0,5.8,1.277,1.07,52.5,17.74,77.09,5.05,-0.22,2.548,9.904,1.476,0.114,4,881,48.7,1.0,Neutral,49.2,44.1,47.5,62.5
2025-07-29,3609.71,5.942,0.05,6.357,48.13,0.0,5.23,1.303,0.78,50.98,17.86,78.6,5.22,0.0,2.542,10.145,0.795,0.0,2,881,48.4,1.0,Neutral,48.3,43.8,47.0,62.4
2025-07-30,3615.72,6.097,0.09,6.386,49.67,0.0,3.3,1.351,0.93,52.52,17.33,79.34,5.25,0.0,2.513,9.88,0.794,0.113,3,881,48.2,1.0,Neutral,48.2,43.5,46.8,63.3
2025-07-31,3573.21,6.447,0.18,6.334,37.5,0.11,2.96,1.38,-0.9,40.78,17.14,62.72,3.89,-1.18,2.212,10.388,0.795,0.568,2,881,47.6,1.0,Neutral,46.5,41.5,44.7,54.3
2025-08-01,3559.95,6.447,0.18,6.333,41.02,0.0,3.19,1.069,-0.94,39.37,16.08,58.6,3.4,-1.54,1.678,7.992,0.681,0.0,2,881,47.6,1.0,Neutral,46.5,41.6,44.5,51.7
2025-08-04,3583.31,6.311,0.14,6.33,45.02,0.0,6.03,0.959,-0.41,41.49,16.03,63.19,3.96,-0.9,1.255,7.752,1.249,0.227,2,881,47.4,1.0,Neutral,46.5,41.9,44.4,53.4
2025-08-05,3617.6,6.096,0.09,6.332,52.05,0.0,5.69,1.043,0.22,45.21,15.84,68.68,4.83,0.0,0.91,8.271,1.476,0.0,3,881,47.9,1.0,Neutral,47.4,42.7,45.0,59.1
2025-08-06,3633.99,6.135,0.1,6.339,58.5,0.0,8.99,1.067,0.51,46.92,15.89,70.91,5.17,0.0,1.256,8.922,1.474,0.0,4,881,48.2,1.0,Neutral,47.7,42.7,45.4,62.2
2025-08-07,3639.67,6.153,0.1,6.349,62.45,0.0,6.04,1.111,1.86,54.72,15.9,71.67,5.22,0.0,1.416,9.374,1.362,0.341,5,881,49.0,1.0,Neutral,48.6,44.5,46.9,64.1
2025-08-08,3635.13,6.056,0.07,6.349,59.11,0.0,6.61,1.09,2.11,55.72,15.51,70.1,4.96,-0.12,1.479,8.347,1.476,0.0,4,881,49.3,1.0,Neutral,49.0,45.1,47.6,62.5
2025-08-11,3647.55,5.938,0.04,6.318,60.16,0.0,9.68,1.137,1.79,54.76,16.08,71.91,5.17,0.0,1.749,9.781,1.589,0.114,2,881,49.8,1.0,Neutral,49.3,45.3,47.7,63.9
2025-08-12,3665.92,5.899,0.03,6.311,52.96,0.0,6.49,1.101,1.34,51.73,16.44,74.38,5.55,0.0,1.714,9.64,1.02,0.0,3,881,49.3,1.0,Neutral,48.9,44.6,47.2,62.0
2025-08-13,3683.47,5.899,0.03,6.312,51.01,0.0,7.98,1.253,1.36,53.95,17.14,76.5,5.9,0.0,1.84,11.656,1.476,0.0,4,881,49.8,1.0,Neutral,49.3,45.2,47.9,63.0
2025-08-14,3666.44,6.229,0.12,6.304,46.33,0.0,2.85,1.314,0.74,50.84,17.86,70.41,5.27,-0.46,2.108,11.947,0.567,0.34,2,882,48.5,1.0,Neutral,47.5,44.1,46.7,59.8
2025-08-15,3696.77,,,6.292,53.98,0.0,7.4,1.365,1.7,57.67,20.1,74.33,5.98,0.0,2.677,12.163,2.041,0.113,3,882,50.0,1.0,Neutral,54.3,47.3,50.2,53.4
2025-08-18,3728.03,,,6.251,52.76,0.0,8.31,1.547,2.21,64.14,22.29,77.62,6.69,0.0,3.772,15.943,1.927,0.0,4,882,51.8,1.0,Neutral,56.3,49.9,53.4,55.1
2025-08-19,3727.29,,,6.266,55.98,0.0,6.04,1.37,1.67,57.6,20.49,77.37,6.47,-0.02,4.808,14.011,1.814,0.227,3,882,51.3,1.0,Neutral,56.0,47.8,52.1,54.9
2025-08-20,3766.21,5.705,-0.02,6.257,59.46,0.0,7.4,1.323,2.25,60.52,22.29,80.89,7.37,0.0,4.965,12.485,2.608,0.227,4,882,50.6,1.0,Neutral,49.9,48.0,52.6,67.9
2025-08-21,3771.1,5.608,-0.05,6.272,64.53,0.0,4.21,1.331,2.85,64.55,20.94,81.29,7.29,0.0,4.453,12.244,1.133,0.113,4,883,51.2,1.0,Neutral,50.8,49.1,53.0,69.6
2025-08-22,3825.76,5.628,-0.04,6.257,58.19,0.0,5.8,1.329,3.49,68.54,22.7,85.01,8.6,0.0,4.458,13.913,1.925,0.0,5,883,51.6,1.0,Neutral,51.0,50.3,54.2,68.4
2025-08-25,3883.56,5.434,-0.1,6.274,56.42,0.0,7.86,1.67,4.17,81.68,25.78,87.78,9.97,0.0,4.064,17.478,1.474,0.113,6,882,52.2,1.0,Neutral,52.1,53.9,56.9,70.7
2025-08-26,3868.38,5.356,-0.12,6.279,56.16,0.0,7.96,1.364,3.79,71.26,25.06,83.42,9.27,-0.39,3.525,13.94,1.812,0.0,7,883,51.1,1.0,Neutral,51.2,51.3,54.5,68.4
2025-08-27,3800.35,5.822,0.01,6.24,44.54,0.11,2.84,1.578,0.91,55.01,24.14,67.29,7.14,-2.14,3.721,16.596,1.019,0.453,4,883,49.4,1.0,Neutral,48.4,47.1,50.6,61.1
2025-08-28,3843.6,5.822,0.01,6.191,46.63,0.11,5.35,1.428,1.92,60.15,24.68,71.11,8.12,-1.03,4.525,15.204,1.246,0.113,3,883,50.3,1.0,Neutral,48.8,48.6,52.6,62.4
2025-08-29,3857.93,5.802,-0.0,5.721,42.98,0.0,5.92,1.324,0.84,51.62,24.22,72.27,8.29,-0.66,4.922,14.384,1.812,0.34,3,883,52.1,1.0,Neutral,48.0,49.4,53.5,60.7
2025-09-01,3875.53,5.725,-0.02,5.733,42.24,0.0,6.71,1.324,-0.21,44.97,23.39,73.67,8.54,-0.21,4.965,14.387,2.605,0.113,4,883,51.9,1.0,Neutral,48.0,47.7,52.4,61.0
2025-09-02,3858.13,5.802,-0.0,5.742,35.38,0.23,2.84,1.338,-0.26,44.69,23.32,69.92,7.81,-0.65,3.66,13.794,0.793,0.68,3,883,50.9,1.0,Neutral,46.9,47.6,50.9,57.5
2025-09-03,3813.56,5.958,0.04,5.76,36.06,0.23,2.05,1.124,0.35,46.62,22.24,61.32,6.37,-1.8,2.784,11.455,0.453,0.566,1,883,50.9,1.0,Neutral,46.9,48.6,50.7,53.2
2025-09-04,3765.88,5.958,0.04,5.753,34.31,0.23,1.37,1.228,-2.02,33.53,22.24,53.71,4.86,-3.03,1.606,11.712,1.019,0.566,2,883,49.7,1.0,Neutral,45.5,45.5,47.5,50.6
2025-09-05,3812.51,5.841,0.01,5.733,45.53,0.0,4.21,1.074,-1.18,38.12,20.66,59.06,5.94,-1.83,1.152,11.391,1.472,0.0,3,883,51.0,1.0,Neutral,46.9,46.9,48.6,55.4
2025-09-08,3826.84,5.744,-0.02,5.707,48.06,0.0,4.55,1.128,-1.26,37.84,20.33,60.57,6.13,-1.46,0.733,12.301,1.586,0.0,3,883,51.3,1.0,Neutral,47.2,47.1,48.5,57.5
2025-09-09,3807.29,5.724,-0.03,5.694,49.08,0.11,3.19,1.018,-1.32,37.27,20.66,57.46,5.38,-1.96,1.37,10.252,2.039,0.566,2,883,51.1,1.0,Neutral,47.0,47.3,48.9,55.5
2025-09-10,3812.22,5.685,-0.04,5.659,54.84,0.11,2.96,0.902,-0.04,42.82,23.19,58.05,5.31,-1.84,1.554,9.654,1.019,0.113,3,883,51.3,1.0,Neutral,46.9,49.3,50.9,56.2
2025-09-11,3875.31,5.685,-0.04,5.684,62.02,0.11,4.44,1.036,2.91,58.87,20.0,64.73,6.8,-0.21,2.626,12.72,1.586,0.0,3,883,54.5,1.0,Neutral,50.4,52.7,54.6,62.8
2025-09-12,3870.6,5.646,-0.05,5.692,50.84,0.11,4.2,1.17,1.52,53.73,19.34,63.91,6.42,-0.33,2.802,12.777,2.262,0.0,2,884,54.3,1.0,Neutral,50.3,51.4,53.7,60.1
2025-09-15,3860.5,5.724,-0.03,5.686,43.74,0.23,4.55,1.066,0.88,48.87,20.15,62.1,5.91,-0.59,2.426,11.368,2.149,0.113,2,884,53.2,1.0,Neutral,49.0,50.2,52.4,55.8
2025-09-16,3861.86,5.646,-0.05,5.706,52.4,0.11,5.34,1.106,1.43,52.32,20.8,62.25,5.73,-0.56,3.139,12.115,1.357,0.113,3,884,53.6,1.0,Neutral,49.7,51.0,53.6,59.4
2025-09-17,3876.34,5.666,-0.04,5.724,52.73,0.11,5.91,1.083,1.68,53.33,21.82,63.95,5.93,-0.19,3.432,11.942,1.471,0.0,4,884,53.3,1.0,Neutral,49.5,51.0,53.9,59.8
2025-09-18,3831.66,5.763,-0.02,5.704,40.72,0.34,3.86,1.424,-1.13,39.43,21.07,55.65,4.52,-1.34,2.671,15.603,1.018,0.0,5,884,52.7,1.0,Neutral,48.6,47.8,50.8,55.2
2025-09-19,3820.09,5.821,-0.0,5.68,41.13,0.34,3.75,1.098,-1.3,37.5,19.87,53.7,4.02,-1.63,1.997,10.838,1.018,0.792,6,884,52.2,1.0,Neutral,47.7,47.6,49.9,52.1
2025-09-22,3828.58,6.033,0.05,5.694,42.06,0.34,4.43,0.911,-0.83,39.28,19.64,54.95,4.07,-1.42,2.02,10.768,1.357,0.226,7,884,52.2,1.0,Neutral,47.6,47.5,50.1,50.1
2025-09-23,3821.83,6.266,0.11,5.682,33.08,0.45,4.2,1.121,-1.04,39.02,20.8,53.71,3.72,-1.59,1.019,11.572,1.357,0.905,6,884,51.1,1.0,Neutral,46.0,47.2,48.8,48.7
2025-09-24,3853.64,5.953,0.03,5.656,40.0,0.0,4.77,0.955,-0.59,40.61,19.01,58.45,4.39,-0.77,1.071,11.948,1.584,0.339,2,884,52.4,1.0,Neutral,47.5,48.4,49.6,51.1
2025-09-25,3853.3,6.146,0.08,5.675,41.33,0.45,4.43,0.933,0.56,45.86,18.16,58.38,4.2,-0.78,1.745,11.942,0.452,0.113,1,884,52.9,1.0,Neutral,47.9,49.2,50.6,51.0
2025-09-26,3828.11,6.262,0.11,5.682,41.2,0.45,3.3,0.869,0.21,43.64,18.38,53.37,3.35,-1.43,1.11,10.104,0.905,0.452,2,884,52.1,1.0,Neutral,47.0,48.5,49.7,48.1
2025-09-29,3862.53,6.028,0.05,5.672,45.97,0.11,4.65,0.958,0.89,47.65,19.86,58.6,4.1,-0.54,0.482,11.023,1.697,0.113,3,884,52.4,1.0,Neutral,47.5,49.9,50.6,53.2
2025-09-30,3882.78,6.067,0.06,5.647,51.13,0.11,5.56,0.893,1.59,50.07,17.86,61.35,4.46,-0.02,-0.902,10.772,0.904,0.0,4,884,53.0,1.0,Neutral,47.8,50.5,50.1,55.0
2025-10-09,3933.97,5.854,-0.0,5.661,46.91,0.46,5.8,1.134,2.08,56.32,17.14,67.26,5.63,0.0,0.627,14.476,1.925,0.34,2,883,54.5,1.0,Neutral,49.8,51.7,52.0,58.7
2025-10-10,3897.03,5.582,-0.07,5.662,51.98,0.23,3.18,1.118,1.13,50.87,19.03,60.11,4.46,-0.94,-0.071,11.809,1.018,0.339,2,884,53.3,1.0,Neutral,49.0,51.5,51.2,58.3
2025-10-13,3889.5,5.699,-0.04,5.669,51.19,0.68,3.75,1.099,1.6,53.15,22.46,58.74,4.08,-1.13,0.825,10.834,1.584,0.113,3,884,52.7,1.0,Neutral,48.3,52.0,52.6,57.2
2025-10-14,3865.23,5.68,-0.05,5.671,44.13,0.11,2.73,1.239,0.07,46.04,22.59,54.44,3.27,-1.75,0.739,11.948,1.131,0.0,4,884,52.3,1.0,Neutral,48.0,50.4,51.3,54.2
2025-10-15,3912.21,5.603,-0.07,5.663,50.51,0.0,3.18,0.992,0.76,47.42,20.84,60.48,4.34,-0.55,2.278,9.64,1.357,0.0,2,884,53.0,1.0,Neutral,48.7,50.5,52.5,56.4
2025-10-16,3916.23,5.602,-0.07,5.667,43.32,0.23,2.04,0.914,-0.45,41.01,22.0,60.95,4.25,-0.45,0.449,8.869,0.791,0.0,5,885,50.9,1.0,Neutral,46.7,48.7,49.7,52.9
2025-10-17,3839.76,5.834,-0.01,5.683,35.35,1.25,1.59,0.945,-1.47,36.39,21.66,48.87,2.07,-2.39,-0.529,8.146,1.243,0.904,4,885,49.8,1.0,Neutral,45.4,47.7,47.8,45.9
2025-10-20,3863.89,5.66,-0.06,5.658,43.82,0.45,1.82,0.838,-0.66,39.68,21.82,52.1,2.56,-1.78,-0.604,7.708,1.017,0.113,5,885,50.6,1.0,Neutral,46.2,49.1,49.2,48.7
2025-10-21,3916.33,5.446,-0.12,5.672,54.46,0.0,2.27,0.913,1.32,49.12,20.94,58.26,3.79,-0.45,-0.122,8.997,1.244,0.0,6,884,52.6,1.0,Neutral,48.7,51.4,51.6,56.2
2025-10-22,3913.76,5.446,-0.12,5.678,46.47,0.11,1.59,0.828,0.04,42.57,19.0,57.87,3.57,-0.51,0.123,7.661,1.131,0.0,7,884,52.2,1.0,Neutral,48.3,49.6,50.4,51.9
2025-10-23,3922.41,5.27,-0.16,5.668,53.37,0.23,2.61,0.865,0.16,43.39,17.02,58.88,3.65,-0.29,-0.255,7.262,1.244,0.113,8,884,53.3,1.0,Neutral,49.6,50.2,50.6,55.5
2025-10-24,3950.31,5.503,-0.1,5.659,62.4,0.45,2.39,0.874,2.88,55.45,16.65,62.02,4.22,0.0,1.117,9.725,0.791,0.452,3,884,55.1,1.0,Neutral,51.0,52.7,53.2,59.3
2025-10-27,3996.95,5.461,-0.11,5.665,59.77,0.68,2.62,0.986,3.44,60.49,17.43,66.63,5.27,0.0,2.115,11.761,0.905,0.113,4,884,55.8,1.0,Neutral,51.8,53.5,54.9,61.6
2025-10-28,3988.22,5.48,-0.11,5.69,51.63,1.02,2.62,0.895,1.84,51.18,17.15,65.04,4.86,-0.22,2.047,10.484,1.244,0.0,5,884,54.8,1.0,Neutral,51.0,50.9,52.9,57.1
2025-10-29,4016.33,5.48,-0.11,5.687,53.24,0.68,2.84,0.95,2.62,55.77,17.08,67.71,5.41,0.0,2.177,11.341,1.357,0.0,5,884,55.3,1.0,Neutral,51.5,51.8,53.8,59.3
2025-10-30,3986.9,5.48,-0.11,5.698,46.56,1.02,3.75,1.036,1.64,52.43,17.2,62.34,4.47,-0.73,1.941,11.337,1.697,0.339,3,884,54.9,1.0,Neutral,51.1,51.4,53.0,56.2
2025-10-31,3954.79,5.461,-0.12,5.786,49.28,0.34,2.5,1.046,0.11,44.7,17.33,57.03,3.45,-1.53,1.19,10.249,1.357,0.792,4,884,53.5,1.0,Neutral,50.3,49.4,50.7,55.4
2025-11-03,3976.52,5.306,-0.16,5.787,50.6,0.34,3.41,0.993,-0.51,41.18,17.4,59.54,3.83,-0.99,0.517,9.303,0.791,0.226,3,885,52.5,1.0,Neutral,49.5,48.5,49.3,56.3
2025-11-04,3960.19,5.344,-0.15,5.783,48.11,0.57,2.73,0.949,-0.7,40.03,17.35,56.85,3.24,-1.4,-0.133,7.987,1.131,0.339,4,884,51.9,1.0,Neutral,48.9,48.4,48.8,53.8
2025-11-05,3969.25,5.285,-0.17,5.785,50.87,0.23,4.09,0.945,-1.17,37.8,17.12,57.98,3.32,-1.17,-0.603,8.085,1.131,0.0,5,884,51.9,1.0,Neutral,49.0,47.8,48.2,55.2
2025-11-06,4007.76,5.206,-0.19,5.772,56.72,0.23,4.89,0.961,0.52,45.95,16.65,62.5,4.15,-0.21,-0.025,9.448,1.699,0.566,3,883,53.2,1.0,Neutral,50.4,49.7,49.9,59.1
2025-11-07,3997.56,5.09,-0.22,5.767,51.02,0.45,4.55,0.911,1.08,47.99,16.28,60.64,3.72,-0.47,0.272,8.811,0.793,0.113,2,883,53.8,1.0,Neutral,51.1,50.7,50.9,56.0
2025-11-10,4018.6,4.916,-0.27,5.768,50.26,0.0,5.23,0.967,1.06,48.58,16.28,63.08,4.1,0.0,0.248,9.808,2.039,0.34,3,883,54.4,1.0,Neutral,52.0,50.9,51.2,57.6
2025-11-11,4002.76,4.839,-0.29,5.77,54.3,0.0,5.45,0.885,1.08,47.64,17.23,60.06,3.53,-0.39,0.545,9.184,0.906,0.0,4,883,54.2,1.0,Neutral,51.9,51.1,51.7,56.9
2025-11-12,4000.14,4.917,-0.27,5.774,48.67,0.11,3.86,0.891,0.78,46.38,17.53,59.55,3.31,-0.46,0.426,8.309,1.699,0.113,6,883,53.7,1.0,Neutral,51.3,50.7,51.4,54.7
2025-11-13,4029.5,4.801,-0.3,5.769,52.12,0.11,6.24,0.93,0.54,45.73,17.07,63.3,3.92,0.0,0.306,9.215,2.831,0.0,7,883,54.2,1.0,Neutral,52.0,50.3,51.3,57.9
2025-11-14,3990.49,4.743,-0.32,5.768,51.76,0.11,5.91,0.944,-0.18,42.48,17.02,55.9,2.77,-0.97,-0.034,7.974,1.927,0.227,8,882,53.9,1.0,Neutral,51.8,50.4,50.9,55.5
2025-11-17,3972.03,4.741,-0.32,5.771,48.22,0.23,5.23,0.899,-1.16,37.73,17.56,52.76,2.17,-1.43,-0.034,8.069,2.268,0.454,9,882,53.4,1.0,Neutral,51.2,49.4,50.1,52.6
2025-11-18,3939.81,5.147,-0.21,5.769,42.81,0.34,1.7,0.905,-1.57,35.87,18.27,47.71,1.25,-2.23,-0.091,7.983,0.454,0.907,10,882,52.0,1.0,Neutral,49.3,48.3,48.9,48.4
2025-11-19,3946.74,5.283,-0.17,5.764,39.95,0.68,1.02,0.812,-1.33,36.76,17.56,48.85,1.33,-2.05,-0.152,6.808,0.452,0.566,2,884,51.3,1.0,Neutral,48.3,48.3,48.4,46.1
2025-11-20,3931.05,5.379,-0.15,5.768,31.22,0.8,1.14,0.821,-2.44,32.14,17.17,46.4,0.86,-2.44,-0.554,6.987,1.02,0.227,2,882,51.0,1.0,Neutral,47.9,47.0,47.2,42.3
2025-11-21,3834.89,5.805,-0.03,5.765,24.66,2.27,0.68,0.974,-3.9,24.69,18.75,34.86,-1.64,-4.83,-1.193,7.461,0.453,2.605,3,883,48.8,1.0,Neutral,45.0,44.8,44.5,37.1
2025-11-24,3836.77,5.784,-0.04,5.761,31.04,0.34,1.14,0.779,-3.41,28.41,17.12,35.2,-1.59,-4.78,-1.613,6.709,1.586,0.453,4,883,50.2,1.0,Neutral,46.4,45.8,45.7,36.4
2025-11-25,3870.02,5.668,-0.07,5.751,42.58,0.23,1.02,0.743,-1.77,34.94,17.07,41.05,-0.73,-3.96,-1.554,7.664,1.133,0.113,5,882,51.6,1.0,Neutral,47.8,47.6,47.4,42.3
2025-11-26,3864.18,5.707,-0.06,5.735,45.28,1.25,1.48,0.717,-2.09,33.74,15.9,40.36,-0.88,-4.1,-1.132,7.596,1.359,0.227,5,883,52.1,1.0,Neutral,48.3,47.4,47.4,42.6
2025-11-27,3875.26,5.726,-0.06,5.728,50.37,1.02,1.48,0.701,-1.42,36.22,14.92,42.33,-0.63,-3.83,-0.783,7.252,1.472,0.227,3,883,52.7,1.0,Neutral,48.8,48.0,48.0,44.8
2025-11-28,3888.6,5.61,-0.09,5.828,64.37,0.91,2.73,0.718,1.4,46.78,14.54,44.71,-0.31,-3.5,0.463,6.4,2.265,0.113,4,883,54.0,1.0,Neutral,50.8,50.3,51.1,50.4
2025-12-01,3914.01,5.572,-0.1,5.832,61.35,0.34,2.39,0.866,2.01,51.51,14.52,49.02,0.32,-2.87,1.0,7.796,1.359,0.113,3,883,55.0,1.0,Neutral,51.9,51.5,52.3,53.3
2025-12-02,3897.71,5.571,-0.1,5.825,51.14,0.91,2.27,0.738,0.72,44.44,14.53,46.52,-0.11,-3.27,0.925,6.302,1.471,0.113,4,884,53.8,1.0,Neutral,50.7,49.7,50.9,47.1
2025-12-03,3878.0,5.59,-0.1,5.817,49.65,1.36,1.36,0.793,0.36,43.58,14.17,43.61,-0.62,-3.76,0.528,6.516,0.565,0.791,2,885,53.5,1.0,Neutral,50.3,49.7,50.0,46.4
2025-12-04,3875.79,5.609,-0.09,5.797,44.43,1.7,1.36,0.732,0.01,41.71,14.5,43.29,-0.7,-3.81,0.468,6.244,0.904,0.452,3,885,53.3,1.0,Neutral,49.9,49.3,49.8,43.5
2025-12-05,3902.81,5.493,-0.12,5.821,45.37,0.23,1.59,0.828,0.37,43.94,13.79,48.37,-0.07,-3.14,0.311,7.248,0.904,0.226,4,885,54.2,1.0,Neutral,51.2,49.8,50.2,47.0
2025-12-08,3924.08,5.551,-0.11,5.819,44.59,0.57,1.36,0.911,0.26,44.23,14.26,52.02,0.43,-2.62,0.65,9.254,0.904,0.113,5,885,54.8,1.0,Neutral,51.7,49.5,50.5,49.1
2025-12-09,3909.52,5.686,-0.07,5.826,43.41,1.25,1.47,0.875,0.3,44.11,14.06,49.44,0.02,-2.98,0.972,8.153,1.017,0.113,6,885,54.6,1.0,Neutral,51.3,49.4,50.7,47.1
2025-12-10,3900.5,5.705,-0.07,5.824,47.34,1.02,2.72,0.833,0.58,44.89,15.71,47.86,-0.25,-3.2,1.266,7.238,1.469,0.113,4,885,53.6,1.0,Neutral,50.3,49.6,51.1,47.3
2025-12-11,3873.32,5.821,-0.04,5.828,45.18,2.38,2.16,0.883,-0.06,42.55,14.42,43.37,-0.97,-3.88,0.959,7.44,0.226,1.131,2,884,53.2,1.0,Neutral,49.7,48.9,49.6,45.6
2025-12-12,3889.35,5.995,0.01,5.829,38.72,1.93,3.06,0.964,-0.34,41.81,13.88,46.55,-0.57,-3.48,0.796,7.824,0.791,0.678,1,885,53.2,1.0,Neutral,49.4,48.3,49.0,45.1
2025-12-15,3867.92,5.936,-0.01,5.82,35.24,1.59,2.04,0.842,-1.43,36.41,14.33,43.06,-1.11,-4.01,0.235,7.133,1.017,0.226,2,885,52.4,1.0,Neutral,48.7,47.2,47.9,41.2
2025-12-16,3824.81,6.128,0.05,5.823,33.5,2.38,1.13,0.867,-2.17,33.23,15.14,37.04,-2.2,-5.08,-0.192,7.164,0.678,0.678,2,885,51.2,1.0,Neutral,47.2,46.2,46.6,38.3
2025-12-17,3870.28,6.03,0.02,5.835,38.06,0.45,1.81,0.869,-0.77,39.33,14.74,45.67,-1.04,-3.95,-0.422,7.41,1.356,0.791,3,885,52.2,1.0,Neutral,48.4,47.7,47.8,43.1
2025-12-18,3876.37,5.932,-0.01,5.833,44.64,0.68,1.59,0.786,0.08,42.4,14.67,46.72,-0.89,-3.8,-0.305,6.888,1.129,0.113,3,886,52.7,1.0,Neutral,49.1,48.6,48.9,44.6
2025-12-19,3890.45,5.643,-0.09,5.838,51.34,0.0,2.27,0.881,0.03,42.94,14.29,49.18,-0.55,-3.45,0.137,7.129,1.242,0.113,4,886,53.6,1.0,Neutral,50.5,49.2,49.7,49.6
2025-12-22,3917.36,5.678,-0.08,5.827,54.15,0.11,2.38,0.906,1.28,48.83,13.89,53.58,0.09,-2.78,0.448,8.138,1.58,0.113,2,886,54.5,1.0,Neutral,51.1,50.3,50.8,52.4
2025-12-23,3919.98,5.715,-0.07,5.834,56.79,1.02,2.38,0.907,2.49,54.35,13.3,53.99,0.12,-2.72,1.064,8.679,0.79,0.226,3,886,55.6,1.0,Neutral,52.3,51.6,52.3,53.3
2025-12-24,3940.95,5.677,-0.08,5.833,58.37,0.34,3.28,0.828,1.83,50.09,13.94,57.3,0.61,-2.2,1.562,8.228,1.129,0.0,3,886,54.7,1.0,Neutral,51.5,50.1,51.6,53.9
2025-12-25,3959.62,5.6,-0.1,5.83,62.72,0.23,3.4,0.823,2.15,51.37,13.66,60.06,1.04,-1.73,1.85,8.707,1.582,0.0,3,885,55.2,1.0,Neutral,52.1,50.3,52.1,56.2
2025-12-26,3963.68,5.619,-0.1,5.831,53.06,0.23,3.18,0.978,1.88,52.72,14.27,60.65,1.09,-1.63,1.58,9.452,1.584,0.0,4,884,55.3,1.0,Neutral,52.1,50.5,52.2,55.4
2025-12-29,3965.28,5.654,-0.09,5.81,49.35,1.02,2.5,0.994,1.22,49.73,14.48,60.9,1.08,-1.59,1.404,9.077,1.584,0.566,3,884,54.3,1.0,Neutral,51.0,49.8,51.1,54.4
2025-12-30,3965.12,5.712,-0.07,5.811,49.89,1.14,2.27,0.927,1.15,48.52,15.0,60.86,1.03,-1.6,0.952,9.05,1.019,0.34,4,883,53.7,1.0,Neutral,50.3,49.4,50.4,53.6
2025-12-31,3968.84,5.828,-0.04,5.649,43.64,1.02,3.06,0.867,0.71,45.81,14.81,61.51,1.09,-1.51,-0.022,8.581,1.019,0.113,2,883,53.8,1.0,Neutral,49.0,49.7,49.8,50.5
2026-01-05,4023.42,5.557,-0.12,5.638,44.86,0.23,3.74,1.057,1.61,52.57,17.17,69.52,2.44,-0.15,0.592,11.511,1.357,0.226,2,884,54.1,1.0,Neutral,49.7,51.2,51.6,56.6
2026-01-06,4083.67,5.441,-0.15,5.613,53.27,0.0,4.88,1.249,3.03,63.93,18.75,75.57,3.89,0.0,1.42,12.896,2.492,0.0,2,883,55.6,1.0,Neutral,51.0,54.5,55.2,63.3
2026-01-07,4085.77,5.46,-0.15,5.594,53.34,0.23,4.88,1.215,3.04,63.3,17.12,75.75,3.86,0.0,2.067,12.896,1.471,0.113,3,884,56.6,1.0,Neutral,51.9,54.5,55.7,63.1
2026-01-08,4082.98,5.402,-0.16,5.606,60.05,0.23,4.2,1.186,2.97,62.3,17.07,74.95,3.69,-0.07,2.546,12.054,1.584,0.113,4,884,56.7,1.0,Neutral,52.2,54.2,55.9,64.9
2026-01-09,4120.43,5.248,-0.21,5.618,65.29,0.11,6.58,1.304,3.82,70.05,17.84,78.24,4.55,0.0,3.398,13.243,1.923,0.113,4,884,57.8,1.0,Neutral,53.6,56.4,58.4,68.5
2026-01-12,4165.29,5.19,-0.22,5.638,64.52,0.23,8.96,1.496,3.53,72.63,20.13,81.4,5.58,0.0,4.425,16.335,3.054,0.226,5,884,57.8,1.0,Neutral,53.9,57.0,59.8,70.8
2026-01-13,4138.76,5.113,-0.25,5.644,55.11,0.23,4.54,1.537,1.35,57.75,19.38,74.52,4.77,-0.64,4.022,15.222,0.792,0.792,3,884,55.8,1.0,Neutral,52.1,53.2,55.8,66.5
2026-01-14,4126.09,5.15,-0.24,5.647,57.47,0.68,5.22,1.673,0.99,56.76,19.15,71.42,4.33,-0.94,3.61,16.914,2.489,0.339,3,884,55.9,1.0,Neutral,52.2,52.9,55.5,66.9
2026-01-15,4112.6,5.208,-0.22,5.642,52.77,1.02,4.08,1.181,0.73,49.32,16.83,68.16,3.91,-1.26,3.767,11.829,0.677,1.242,2,885,55.5,1.0,Neutral,51.6,51.2,53.7,61.2
2026-01-16,4101.91,5.324,-0.19,5.654,47.46,1.02,4.76,1.323,-0.45,43.42,16.68,65.61,3.56,-1.52,4.003,12.428,1.242,1.354,3,886,55.2,1.0,Neutral,51.2,49.5,52.6,59.4
2026-01-19,4114.0,5.015,-0.28,5.657,46.19,0.56,8.14,1.186,-1.23,38.12,15.75,67.11,3.78,-1.23,1.88,9.852,2.142,0.451,2,887,54.4,1.0,Neutral,51.0,48.4,50.4,58.9
2026-01-20,4113.65,4.938,-0.3,5.664,49.3,0.11,5.98,1.26,-0.61,42.1,15.43,67.02,3.7,-1.24,0.999,9.737,1.239,0.338,2,888,54.6,1.0,Neutral,51.4,49.6,50.5,60.6
2026-01-21,4116.94,4.901,-0.31,5.665,51.23,0.9,7.57,1.139,-0.22,43.6,15.77,67.46,3.73,-1.16,0.861,9.953,2.255,0.0,2,887,54.8,1.0,Neutral,51.7,50.0,51.0,60.6
2026-01-22,4122.58,4.823,-0.33,5.654,55.4,0.56,7.46,1.211,0.24,46.82,16.25,68.26,3.81,-1.03,0.233,9.909,1.578,0.113,3,887,54.8,1.0,Neutral,51.6,51.0,51.3,62.9
2026-01-23,4136.16,4.727,-0.36,5.666,60.37,0.45,8.59,1.329,0.84,51.64,17.91,70.15,4.1,-0.7,-0.306,11.182,1.691,0.0,2,887,54.3,1.0,Neutral,51.5,52.1,51.8,66.2
2026-01-26,4132.6,4.766,-0.35,5.672,53.28,0.68,7.69,1.501,0.45,50.88,19.29,68.99,3.95,-0.78,0.077,11.469,1.919,0.677,2,886,53.6,1.0,Neutral,50.7,52.0,51.7,64.7
2026-01-27,4139.9,4.88,-0.32,5.665,51.6,1.24,4.98,1.269,0.64,49.75,17.96,70.08,4.05,-0.61,0.515,10.284,0.903,0.0,3,886,54.0,1.0,Neutral,50.9,51.4,51.8,62.6
2026-01-28,4151.24,4.899,-0.31,5.68,46.0,1.02,5.77,1.38,0.83,52.21,17.99,71.75,4.26,-0.34,0.796,10.922,1.58,0.339,4,886,54.2,1.0,Neutral,51.2,51.6,52.3,61.9
2026-01-29,4157.98,4.822,-0.34,5.679,39.89,0.45,3.85,1.512,0.86,53.89,17.99,72.72,4.34,-0.18,0.542,11.459,1.466,0.789,5,886,54.5,1.0,Neutral,51.6,52.2,52.5,61.0
2026-01-30,4117.95,4.937,-0.3,5.668,34.98,0.79,2.94,1.331,-0.44,43.53,18.26,59.6,3.27,-1.14,-0.276,9.808,1.127,1.24,3,887,53.4,1.0,Neutral,50.3,50.8,50.4,54.1
2026-02-02,4015.75,5.148,-0.25,5.659,31.61,1.81,1.13,1.207,-2.83,28.85,23.03,39.85,0.71,-3.59,-0.566,8.963,0.676,3.495,2,887,49.7,1.0,Neutral,46.1,47.6,47.0,45.4
2026-02-03,4067.74,5.033,-0.28,5.662,42.25,0.57,3.28,1.047,-1.74,35.14,19.37,49.09,1.98,-2.34,-0.593,9.074,1.239,0.788,3,887,52.2,1.0,Neutral,48.8,49.1,48.9,50.8
2026-02-04,4102.2,4.897,-0.32,5.66,48.19,0.11,3.62,1.106,-1.18,38.19,17.63,54.13,2.81,-1.51,-1.81,8.337,1.35,0.45,4,889,52.9,1.0,Neutral,49.7,50.0,49.0,55.6
2026-02-05,4075.92,4.935,-0.31,5.663,47.49,0.45,1.81,0.978,-1.97,34.0,17.55,50.06,2.12,-2.15,-2.136,7.413,1.687,0.45,3,889,52.0,1.0,Neutral,48.8,49.0,47.9,52.3
2026-02-06,4065.58,4.974,-0.3,5.669,49.16,0.0,2.82,0.912,-1.27,37.25,18.26,48.52,1.83,-2.39,-1.912,7.142,1.462,0.0,4,889,52.2,1.0,Neutral,49.0,49.8,48.9,51.4
2026-02-09,4123.09,4.895,-0.32,5.668,63.26,0.0,5.08,0.938,2.67,55.79,17.53,56.54,3.23,-1.01,-1.675,8.158,2.022,0.337,5,890,54.8,1.0,Neutral,51.7,54.5,53.0,59.3
2026-02-10,4128.37,4.894,-0.32,5.67,53.81,0.0,3.39,0.861,1.49,49.15,16.8,57.2,3.31,-0.89,-1.714,7.252,1.236,0.225,3,890,53.8,1.0,Neutral,50.7,52.6,51.2,55.4
2026-02-11,4131.98,4.933,-0.31,5.68,49.32,0.0,3.72,0.824,0.73,45.41,17.12,57.68,3.33,-0.8,-1.797,6.809,1.573,0.112,4,890,53.0,1.0,Neutral,50.0,51.4,50.3,53.4
2026-02-12,4134.02,4.99,-0.29,5.69,50.98,0.34,3.61,0.873,1.43,49.03,17.11,57.96,3.29,-0.75,-1.304,8.208,1.124,0.449,4,890,53.7,1.0,Neutral,50.7,52.1,51.0,54.7
2026-02-13,4082.07,5.067,-0.27,5.687,45.31,0.34,1.47,0.827,0.41,44.11,17.86,48.98,1.94,-2.0,-2.821,6.814,0.787,0.45,4,889,52.1,1.0,Neutral,49.0,51.2,49.3,48.9
2026-02-24,4117.41,4.971,-0.3,5.677,43.08,0.34,4.07,0.936,-0.14,42.61,16.59,54.18,2.74,-1.15,-1.56,8.825,1.8,0.112,5,889,54.2,1.0,Neutral,51.0,50.9,50.2,51.5
2026-02-25,4147.23,4.798,-0.35,5.664,48.71,0.0,5.08,1.197,0.46,47.94,15.55,58.06,3.35,-0.43,-0.524,9.461,1.8,0.0,6,889,56.1,1.0,Neutral,53.1,52.5,52.3,58.0
2026-02-26,4146.63,4.798,-0.35,5.651,50.39,0.34,7.34,1.074,0.35,46.2,15.15,57.96,3.2,-0.45,0.843,9.74,1.575,0.225,7,889,56.8,1.0,Neutral,53.6,52.1,53.0,57.4
2026-02-27,4162.88,,,5.714,55.22,0.34,6.55,1.119,0.7,48.5,14.8,60.09,3.48,-0.06,0.856,9.166,1.689,0.0,8,888,58.9,1.0,Neutral,58.0,54.9,55.4,47.6
2026-03-02,4182.59,,,5.726,54.28,2.14,5.53,1.406,2.46,63.43,15.83,62.57,3.83,0.0,3.262,10.545,1.125,0.337,2,889,60.3,1.0,Optimistic,61.3,58.4,59.5,50.2
2026-03-03,4122.68,4.971,-0.3,5.721,41.68,3.95,2.14,1.487,0.13,48.46,18.32,51.99,2.24,-1.43,1.056,10.619,1.575,2.362,2,889,54.4,1.0,Neutral,51.6,52.1,52.4,55.2
2026-03-04,4082.47,5.241,-0.23,5.725,33.65,4.51,2.03,1.22,-1.56,36.26,19.02,46.33,1.16,-2.39,-0.168,8.028,1.237,0.562,1,889,51.3,1.0,Neutral,48.1,48.6,48.5,48.0
2026-03-05,4108.57,5.086,-0.27,5.724,39.09,1.13,1.69,1.09,-0.92,39.55,16.53,50.13,1.73,-1.77,-0.609,8.691,1.687,0.0,1,889,53.3,1.0,Neutral,50.4,49.6,49.3,50.4
2026-03-06,4124.19,4.7,-0.38,5.721,42.56,0.11,3.05,1.018,-0.93,39.22,15.48,52.3,2.02,-1.4,-0.912,7.663,2.022,0.225,1,889,53.8,1.0,Neutral,51.4,50.2,49.5,52.0
2026-03-09,4096.6,4.855,-0.34,5.696,44.04,0.45,3.83,1.25,-2.06,33.31,17.88,48.3,1.25,-2.06,-1.083,9.097,1.459,0.112,2,891,52.7,1.0,Neutral,50.0,48.7,48.4,53.0
2026-03-10,4123.14,4.777,-0.36,5.696,58.24,0.11,4.28,1.049,0.01,44.19,16.63,52.1,1.8,-1.42,0.133,8.912,1.122,0.112,3,891,54.9,1.0,Neutral,52.3,51.7,51.7,57.5
2026-03-11,4133.43,4.681,-0.39,5.694,59.96,0.23,4.62,1.093,1.25,51.16,17.12,53.52,1.96,-1.18,0.655,9.221,1.01,0.0,4,891,56.0,1.0,Neutral,53.5,53.6,53.9,59.3
2026-03-12,4129.1,4.585,-0.42,5.697,50.94,0.56,4.51,1.208,0.5,48.3,16.53,52.81,1.76,-1.28,0.46,8.801,0.786,0.112,3,891,55.8,1.0,Neutral,53.4,53.1,53.1,57.0
2026-03-13,4095.45,4.643,-0.4,5.688,40.83,1.01,1.92,1.21,-0.7,41.31,17.12,47.51,0.86,-2.08,0.213,8.26,1.347,0.449,4,891,54.6,1.0,Neutral,52.1,51.4,51.6,51.5
2026-03-16,4084.79,4.855,-0.34,5.671,46.13,0.23,2.25,1.111,-0.29,43.05,17.67,45.94,0.52,-2.34,0.589,8.48,2.02,0.0,5,891,55.0,1.0,Neutral,52.0,51.8,52.5,51.8
2026-03-17,4049.91,4.951,-0.31,5.67,32.86,1.35,1.24,1.023,-1.78,34.96,17.88,41.15,-0.41,-3.17,-0.125,7.543,0.786,0.112,6,891,53.3,1.0,Neutral,50.1,49.7,50.0,44.2
2026-03-18,4062.98,4.912,-0.32,5.684,38.47,0.79,1.24,0.937,-1.7,35.28,19.33,43.53,-0.16,-2.86,-0.233,7.311,1.122,0.337,5,891,52.2,1.0,Neutral,49.3,49.6,49.8,45.8
2026-03-19,4006.55,5.201,-0.24,5.677,34.59,3.49,0.45,1.001,-2.97,29.05,17.88,36.64,-1.6,-4.21,-0.518,7.277,0.898,0.561,4,891,51.9,1.0,Neutral,48.4,47.8,48.0,42.1
2026-03-20,3957.05,5.432,-0.18,5.672,31.38,5.75,1.13,0.996,-3.38,27.05,19.94,31.88,-2.87,-5.39,-0.7,7.882,1.122,0.673,5,891,51.0,1.0,Neutral,47.1,47.2,47.4,38.4
2026-03-23,3813.28,6.396,0.09,5.67,21.68,13.75,0.9,1.198,-6.65,16.28,42.16,22.66,-6.38,-8.83,-1.501,8.038,0.673,4.714,3,891,43.7,1.0,Neutral,38.3,43.3,42.9,31.8
2026-03-24,3881.28,5.854,-0.06,5.675,37.42,0.79,1.24,1.006,-4.16,23.08,28.87,32.59,-4.71,-7.2,-1.426,6.925,3.258,0.225,4,890,47.1,1.0,Neutral,42.6,45.7,45.9,39.0
2026-03-25,3931.84,5.45,-0.18,5.679,42.06,0.34,2.14,1.012,-3.23,27.7,17.27,38.87,-3.49,-6.0,-1.401,7.943,2.584,0.225,2,890,52.0,1.0,Neutral,48.2,47.4,47.1,44.0
2026-03-26,3889.08,5.586,-0.14,5.682,43.14,2.71,1.47,0.901,-2.93,29.71,18.54,35.83,-4.52,-7.02,-1.273,6.777,0.562,0.225,2,890,50.9,1.0,Neutral,46.9,47.8,47.3,41.2
2026-03-27,3913.72,5.47,-0.17,5.685,56.78,0.34,1.69,0.82,-1.09,37.77,17.28,38.8,-3.92,-6.43,-0.919,6.383,2.25,0.0,1,889,52.6,1.0,Neutral,48.8,50.0,49.5,46.1
2026-03-30,3923.29,5.507,-0.16,5.696,66.91,1.24,1.47,0.869,2.88,55.37,17.67,39.96,-3.68,-6.2,-0.182,6.691,1.687,0.0,2,889,54.6,1.0,Neutral,50.9,54.4,53.8,50.3
2026-03-31,3891.86,5.603,-0.13,5.702,51.67,2.26,1.35,0.882,0.27,44.04,18.26,37.45,-4.42,-6.95,-0.23,6.893,1.461,0.225,2,890,52.9,1.0,Neutral,49.0,51.3,51.0,44.4
2026-04-01,3948.55,5.583,-0.14,5.694,49.94,0.11,1.02,0.818,0.43,44.1,16.34,44.26,-3.02,-5.6,-0.322,7.276,1.461,0.112,2,890,53.9,1.0,Neutral,50.0,51.1,50.9,45.6
2026-04-02,3919.28,5.699,-0.11,5.698,50.35,2.6,1.02,0.789,0.78,45.24,17.52,41.74,-3.72,-6.3,-0.713,6.291,0.337,0.337,1,889,52.4,1.0,Neutral,48.3,51.4,50.3,44.1
2026-04-03,3880.1,6.18,0.03,5.699,37.01,6.66,0.79,0.714,-0.86,38.32,18.54,38.56,-4.65,-7.23,-1.083,5.825,0.674,1.348,2,890,50.3,1.0,Neutral,45.5,48.8,48.0,36.1
2026-04-07,3890.16,5.89,-0.06,5.702,40.75,2.26,1.58,0.687,-0.84,38.27,17.75,39.83,-4.37,-6.99,-1.232,5.822,1.91,0.449,3,890,51.4,1.0,Neutral,47.1,49.3,48.8,38.0
2026-04-08,3995.0,5.525,-0.16,5.705,56.14,0.0,2.49,0.935,2.65,55.62,16.25,51.13,-1.79,-4.49,-0.294,9.436,3.262,0.337,4,889,55.6,1.0,Neutral,51.9,53.4,53.1,51.9
2026-04-09,3966.17,5.753,-0.1,5.7,44.46,0.34,2.6,0.785,0.45,43.87,15.44,48.43,-2.45,-5.17,-0.039,7.9,1.462,0.225,5,889,54.1,1.0,Neutral,50.0,50.3,50.5,44.2
2026-04-10,3986.22,5.657,-0.12,5.706,55.3,0.11,1.69,0.795,1.71,49.1,15.64,50.39,-1.91,-4.69,0.593,9.064,2.137,0.225,3,889,55.1,1.0,Neutral,51.2,51.5,52.0,49.1
2026-04-13,3988.56,5.774,-0.09,5.725,61.67,0.56,3.28,0.797,2.8,53.56,15.94,50.63,-1.82,-4.64,1.907,8.136,2.025,0.45,3,889,55.2,1.0,Neutral,51.2,52.3,53.7,51.2
2026-04-14,4026.63,5.716,-0.11,5.736,60.25,0.34,3.39,0.835,3.51,57.34,15.9,54.42,-0.84,-3.73,2.388,9.448,1.125,0.45,3,889,55.9,1.0,Neutral,52.1,52.9,54.5,52.9
2026-04-15,4027.21,5.656,-0.13,5.738,47.6,0.45,2.49,0.837,0.81,45.91,15.78,54.48,-0.77,-3.71,2.138,9.372,1.35,0.787,2,889,54.5,1.0,Neutral,50.8,50.0,51.7,48.8
2026-04-16,4055.55,5.597,-0.14,5.738,58.74,0.11,3.95,0.808,2.25,51.54,15.61,57.31,-0.04,-3.04,2.266,8.991,1.462,0.337,3,889,55.2,1.0,Neutral,51.5,51.3,53.0,53.3
2026-04-17,4051.43,5.674,-0.12,5.756,52.71,0.9,3.5,0.819,1.64,49.15,15.57,56.75,-0.11,-3.14,2.146,9.355,1.125,0.45,4,889,54.9,1.0,Neutral,51.2,50.4,52.3,51.2
2026-04-20,4082.13,5.595,-0.15,5.756,55.84,1.02,3.61,0.889,2.35,53.37,15.07,59.86,0.66,-2.4,2.632,10.189,2.362,0.45,3,889,55.9,1.0,Neutral,52.4,51.4,53.5,54.7
2026-04-21,4085.08,5.577,-0.15,5.768,49.79,1.13,3.39,0.871,1.45,49.12,14.89,60.15,0.74,-2.33,2.242,8.762,1.464,0.788,4,888,54.8,1.0,Neutral,51.3,50.1,52.1,52.5
2026-04-22,4106.26,5.462,-0.18,5.78,53.33,1.58,5.08,0.884,1.96,51.58,14.8,62.3,1.26,-1.83,2.364,9.807,1.237,0.45,3,889,55.4,1.0,Neutral,52.1,50.7,52.6,54.9
2026-04-23,4093.25,5.557,-0.16,5.764,42.86,3.16,3.04,1.022,0.93,48.61,14.6,60.16,0.95,-2.14,2.088,10.482,1.348,1.011,4,890,55.3,1.0,Neutral,51.9,50.1,51.9,52.2
2026-04-24,4079.9,5.827,-0.08,5.759,42.9,3.61,3.61,0.922,0.7,46.39,14.42,57.95,0.64,-2.46,1.576,9.576,1.575,0.787,1,889,54.2,1.0,Neutral,50.3,49.3,50.5,49.8
2026-04-27,4086.34,5.865,-0.07,5.749,42.83,3.95,3.95,0.901,0.1,43.44,14.52,58.74,0.81,-2.3,1.052,9.717,2.477,1.239,2,888,53.8,1.0,Neutral,49.8,48.4,49.5,49.7
2026-04-28,4078.64,5.712,-0.12,5.753,41.96,5.09,3.28,0.92,-0.16,42.4,14.3,57.36,0.64,-2.49,0.814,9.156,1.015,0.564,2,887,53.8,1.0,Neutral,50.1,48.5,49.4,49.4
2026-04-29,4107.51,5.46,-0.19,5.774,46.61,0.57,4.44,0.945,0.03,43.47,14.1,61.05,1.37,-1.79,0.445,9.712,2.497,0.681,2,881,54.2,1.0,Neutral,50.9,48.7,49.4,53.1
2026-04-30,4112.16,5.557,-0.16,5.473,51.6,3.3,4.55,1.018,0.46,46.21,14.57,61.63,1.49,-1.68,-0.32,9.91,2.268,1.474,3,882,56.5,1.0,Neutral,50.4,52.5,51.9,55.9
2026-05-06,4160.17,5.46,-0.19,5.455,57.43,3.04,6.42,1.089,1.97,54.94,16.25,67.05,2.68,-0.54,1.625,12.996,2.36,1.236,4,890,57.8,1.0,Neutral,51.6,54.6,55.3,61.0
2026-05-07,4180.09,5.518,-0.17,5.457,58.34,2.14,7.76,1.068,2.29,56.32,15.83,69.01,3.16,-0.06,2.134,12.22,2.245,1.347,5,891,58.0,1.0,Neutral,51.7,54.6,55.8,61.7
2026-05-08,4179.95,5.537,-0.17,5.455,64.32,1.35,6.41,1.092,2.48,57.76,18.54,68.98,3.13,-0.06,2.719,11.121,2.357,0.786,6,891,57.1,1.0,Neutral,50.8,55.0,56.7,63.7
2026-05-11,4225.02,5.478,-0.19,5.458,61.67,1.01,7.98,1.199,2.86,61.92,17.77,73.16,4.15,0.0,3.708,13.474,1.908,0.673,7,891,58.4,1.0,Neutral,52.2,55.8,58.2,65.3
2026-05-12,4214.49,5.593,-0.15,5.461,56.38,2.81,5.84,1.129,2.49,58.46,18.33,70.76,3.83,-0.25,4.982,11.656,1.796,0.449,8,891,58.0,1.0,Neutral,51.7,54.8,58.4,62.2
2026-05-13,4242.57,5.612,-0.15,5.469,53.87,2.81,6.97,1.105,1.98,55.27,17.53,73.28,4.46,0.0,4.242,12.001,2.469,0.561,9,891,57.7,1.0,Neutral,51.4,53.7,57.0,62.0
2026-05-14,4177.92,5.842,-0.08,5.461,44.89,5.51,3.82,1.197,-0.05,44.99,17.92,60.39,2.82,-1.52,3.458,12.126,1.235,1.347,10,891,56.7,1.0,Neutral,50.0,52.0,54.7,55.2
2026-05-15,4135.39,6.111,-0.01,5.454,38.77,7.19,3.82,1.143,-1.07,38.93,17.48,53.69,1.75,-2.53,2.654,11.561,1.009,0.785,11,891,56.2,1.0,Neutral,49.0,50.7,53.2,50.0
2026-05-18,4131.53,6.206,0.02,5.462,35.46,6.97,3.37,0.973,-2.21,32.84,17.82,53.12,1.65,-2.62,2.092,9.977,1.57,1.57,3,892,54.2,1.0,Neutral,46.9,48.9,50.7,46.6
2026-05-19,4169.54,6.129,-0.0,5.486,43.13,1.8,4.05,0.957,-1.07,38.33,17.27,57.9,2.57,-1.72,1.668,9.799,1.684,0.898,4,891,54.5,1.0,Neutral,47.6,49.6,51.2,50.9
2026-05-20,4162.19,6.282,0.04,5.482,37.96,8.09,5.06,0.965,-1.89,34.38,16.94,56.7,2.37,-1.89,1.078,10.189,1.121,1.121,1,892,53.5,1.0,Neutral,46.3,48.5,49.3,48.5
2026-05-21,4077.28,6.683,0.16,5.475,36.14,13.15,1.8,1.121,-2.41,31.51,18.04,45.04,0.31,-3.9,0.463,12.037,1.121,2.13,2,892,52.7,1.0,Neutral,44.8,47.7,48.2,45.1
2026-05-22,4112.9,6.645,0.14,5.468,44.25,6.4,4.38,0.904,-0.54,40.53,17.63,49.71,1.17,-3.06,0.771,10.142,1.792,0.784,3,892,54.2,1.0,Neutral,46.3,50.1,50.8,47.0
2026-05-25,4152.57,6.587,0.13,5.472,43.75,8.88,5.39,0.942,0.51,45.69,17.55,54.36,2.13,-2.12,1.101,12.182,2.576,0.336,4,893,55.2,1.0,Neutral,47.5,51.3,52.3,49.2
2026-05-26,4145.37,6.663,0.15,5.48,36.31,12.36,3.26,1.0,-0.58,40.88,18.11,53.4,1.96,-2.29,1.173,11.434,1.232,1.232,3,893,53.8,1.0,Neutral,46.1,49.8,50.8,46.8
2026-05-27,4093.73,7.066,0.26,5.499,33.37,16.85,1.46,1.011,-1.64,35.62,19.38,46.95,0.71,-3.51,1.086,11.271,1.344,0.896,3,893,52.1,1.0,Neutral,43.9,47.7,49.0,43.1
2026-05-28,4098.64,7.066,0.26,5.501,41.72,11.01,3.15,0.951,0.52,45.85,18.28,47.6,0.86,-3.39,1.578,10.263,2.24,0.56,3,893,53.9,1.0,Neutral,45.7,50.4,51.8,45.4
2026-05-29,4068.57,7.047,0.26,5.537,32.59,14.27,1.57,1.121,-1.08,38.8,19.86,44.06,0.16,-4.1,0.443,10.676,1.68,2.688,4,893,51.5,1.0,Neutral,43.7,48.3,48.8,43.1
2026-06-01,4057.74,6.548,0.11,5.545,38.27,1.35,1.57,1.04,-2.28,32.37,18.15,42.82,-0.08,-4.36,-0.693,9.1,2.803,1.009,1,892,51.5,1.0,Neutral,44.6,47.5,47.3,44.3
2026-06-02,4075.1,6.837,0.2,5.543,38.47,8.0,1.58,0.994,-1.7,35.36,17.35,45.46,0.35,-3.95,-0.897,9.144,1.91,0.337,2,890,51.9,1.0,Neutral,44.5,47.6,47.6,44.3
2026-06-03,4083.97,7.087,0.27,5.534,40.97,14.59,2.13,1.038,-0.24,42.83,17.51,46.82,0.58,-3.74,-0.744,11.044,1.456,0.336,3,893,52.8,1.0,Neutral,44.9,49.2,49.0,45.8
2026-06-04,4057.78,7.298,0.33,5.538,35.29,23.12,1.8,0.965,-1.0,38.69,17.31,43.39,-0.03,-4.36,-0.717,9.604,1.904,0.336,4,893,52.1,1.0,Neutral,43.9,47.8,48.0,41.5
2026-06-05,4027.74,7.221,0.3,5.526,40.82,5.27,1.57,1.03,-1.0,38.89,17.57,39.8,-0.75,-5.06,-0.181,10.277,2.24,0.672,5,893,52.7,1.0,Neutral,44.6,48.3,48.8,42.9
2026-06-08,3959.34,7.776,0.46,5.519,29.49,26.49,1.23,1.028,-2.43,31.67,18.89,33.08,-2.37,-6.68,-0.73,8.671,1.232,1.232,6,893,50.0,1.0,Neutral,41.0,45.9,46.3,35.3
2026-06-09,4010.03,7.816,0.48,5.509,36.65,14.49,1.35,0.9,-1.6,35.75,17.68,41.03,-1.07,-5.48,-0.643,8.871,2.466,0.336,2,892,50.9,1.0,Neutral,41.7,46.7,47.0,39.1
2026-06-10,3993.23,8.104,0.56,5.499,36.74,19.12,1.69,0.937,-2.22,32.86,17.57,39.36,-1.43,-5.88,-1.218,8.376,1.459,1.908,2,891,49.6,1.0,Neutral,39.9,45.6,45.3,38.6
2026-06-11,3987.01,8.373,0.64,5.499,37.01,27.75,1.24,0.895,-1.74,35.09,17.79,38.73,-1.54,-6.02,-1.621,8.29,1.794,0.897,3,892,49.6,1.0,Neutral,39.5,45.8,45.5,37.5
2026-06-12,4031.51,7.951,0.51,5.504,40.09,4.94,1.12,1.176,0.09,45.66,17.18,45.44,-0.41,-4.97,-1.157,10.215,2.018,0.673,4,892,52.4,1.0,Neutral,42.9,49.0,48.7,44.7
2026-06-15,4096.47,7.912,0.5,5.502,51.77,6.41,2.47,1.074,3.46,62.58,17.57,53.45,1.17,-3.44,0.49,10.505,2.918,0.449,2,891,54.3,1.0,Neutral,44.8,53.1,53.2,51.0
2026-06-16,4091.89,8.008,0.53,5.514,49.7,7.41,3.25,0.974,2.04,53.43,18.2,52.86,1.05,-3.55,1.281,11.118,3.135,0.112,3,893,53.4,1.0,Neutral,43.9,50.4,51.9,48.6
2026-06-17,4108.08,8.373,0.63,5.519,49.49,16.4,4.61,0.962,2.88,57.23,18.55,54.76,1.4,-3.17,2.553,11.419,1.906,0.561,4,892,53.3,1.0,Neutral,43.3,50.5,52.7,48.6
2026-06-18,4090.48,8.661,0.72,5.516,51.58,20.36,4.27,1.043,2.6,57.42,18.88,52.29,0.91,-3.58,3.193,12.196,1.908,1.122,3,891,53.1,1.0,Neutral,42.7,50.4,52.9,49.1
2026-06-22,4163.1,8.354,0.63,5.509,48.01,12.04,3.82,1.179,3.26,63.83,20.86,60.24,2.56,-1.87,4.225,13.574,3.704,0.673,4,891,53.8,1.0,Neutral,43.8,51.8,55.2,52.6
2026-06-23,4106.25,8.41,0.64,5.503,44.07,5.39,2.81,1.126,0.24,46.05,21.6,52.82,1.06,-3.21,3.567,11.901,2.915,1.345,5,892,51.6,1.0,Neutral,41.5,47.9,51.4,47.9
2026-06-24,4110.81,8.929,0.79,5.501,39.02,26.32,3.94,1.023,0.46,46.26,20.74,53.32,1.1,-3.11,3.093,11.341,1.794,1.457,4,891,50.7,1.0,Neutral,39.7,47.0,50.1,44.4
2026-06-25,4120.28,9.257,0.89,5.511,37.9,32.4,3.71,1.065,0.3,45.81,20.11,54.39,1.24,-2.88,2.703,12.996,1.794,1.794,3,892,50.1,1.0,Neutral,38.8,46.1,48.8,44.5
2026-06-26,4027.26,9.817,1.05,5.515,33.36,39.21,2.92,1.047,-1.55,36.15,21.65,43.74,-1.09,-5.07,1.553,11.795,1.232,1.232,4,893,47.8,1.0,Neutral,35.7,43.2,45.7,38.0
2026-06-29,4073.9,9.76,1.03,5.529,32.29,21.37,3.49,1.043,-2.14,33.08,18.88,49.12,-0.01,-3.98,0.27,11.267,2.691,1.906,2,892,47.5,1.0,Neutral,35.6,42.1,43.6,39.6
2026-06-30,4094.4,9.99,1.1,5.529,33.48,17.36,4.85,0.945,-0.29,41.96,20.86,51.32,0.41,-3.49,0.607,11.256,3.258,0.562,3,890,47.8,1.0,Neutral,35.6,43.9,45.8,39.3
2026-07-01,4112.44,9.316,0.9,5.517,43.97,1.12,3.82,1.062,0.04,44.44,20.74,53.24,0.79,-3.07,0.479,13.108,5.045,0.561,3,892,49.4,1.0,Neutral,38.0,45.7,47.3,46.0
2026-07-02,4028.9,9.339,0.91,5.521,47.29,1.69,1.46,1.034,-2.22,32.71,20.86,44.5,-1.31,-5.04,-0.323,10.788,2.13,0.897,4,892,47.6,1.0,Neutral,36.3,43.1,44.3,43.4
2026-07-03,4043.64,9.052,0.82,5.516,58.07,1.01,1.35,0.946,0.41,45.24,21.6,46.18,-1.01,-4.69,-0.294,9.895,2.803,0.897,4,892,49.1,1.0,Neutral,38.2,47.0,47.6,46.9
2026-07-06,4041.24,8.918,0.78,5.524,55.28,3.72,1.01,0.925,-0.8,39.45,20.91,45.93,-1.13,-4.75,-0.36,9.45,1.684,1.122,4,891,48.5,1.0,Neutral,37.9,45.6,46.2,45.8
2026-07-07,3990.24,9.591,0.98,5.522,46.61,14.67,0.45,0.803,-2.54,31.78,21.09,40.98,-2.38,-5.95,-1.336,7.709,0.337,3.487,1,889,45.0,1.0,Neutral,33.3,42.7,42.2,38.1
2026-07-08,3970.88,9.571,0.97,5.524,36.35,14.99,0.56,0.778,-3.44,28.27,20.47,39.25,-2.85,-6.4,-2.291,7.701,1.91,1.348,2,890,45.3,1.0,Neutral,33.7,41.8,41.6,33.4
2026-07-09,4036.59,9.706,1.01,5.525,36.82,14.54,1.01,0.868,0.19,43.55,20.07,47.37,-1.27,-4.86,-2.21,9.504,1.011,0.899,2,890,47.3,1.0,Neutral,35.5,45.3,44.5,37.8
2026-07-10,3996.16,9.456,0.94,5.522,36.65,1.8,0.79,0.984,-1.17,37.89,19.14,43.52,-2.26,-5.81,-1.943,10.947,1.347,0.561,2,890,48.1,1.0,Neutral,36.6,44.5,44.2,38.0
2026-07-13,3913.79,9.767,1.03,5.518,33.12,25.65,0.0,0.925,-3.15,28.57,21.64,36.93,-4.23,-7.75,-2.728,7.963,0.784,4.591,3,893,44.5,1.0,Neutral,32.5,41.9,41.0,32.6
2026-07-14,3967.13,9.248,0.88,5.522,45.63,5.39,0.56,0.907,-0.58,40.39,19.94,42.95,-2.9,-6.49,-2.669,8.351,2.235,0.894,3,895,47.7,1.0,Neutral,36.5,45.7,44.8,39.9
2026-07-15,3955.58,8.844,0.76,5.522,52.6,3.93,0.45,0.901,-0.39,41.23,19.52,42.01,-3.14,-6.76,-2.443,8.118,2.346,1.006,4,895,48.6,1.0,Neutral,38.0,46.7,45.8,42.4
2026-07-16,3882.41,8.788,0.74,5.518,52.98,4.6,0.34,0.836,-3.82,26.26,21.35,36.58,-4.87,-8.49,-3.29,7.257,1.229,1.006,5,895,46.2,1.0,Neutral,35.6,43.2,42.5,39.0
2026-07-17,3764.16,9.288,0.89,5.522,41.44,18.86,0.22,1.017,-5.81,18.77,22.47,29.85,-7.65,-11.28,-5.654,7.272,0.559,5.028,4,895,43.5,1.0,Neutral,32.2,40.9,38.8,33.0
2026-07-20,3796.28,9.383,0.91,5.517,44.67,27.27,0.0,1.107,-3.0,28.34,22.66,33.43,-6.75,-10.52,-6.623,7.788,1.006,5.81,1,895,43.8,1.0,Neutral,32.4,43.1,39.8,36.7
2026-07-21,3864.37,9.69,1.0,5.517,40.4,13.69,0.22,1.143,-2.59,30.45,20.2,40.38,-4.98,-8.91,-6.263,9.919,2.123,0.782,1,895,45.7,1.0,Neutral,33.8,42.8,40.4,38.2
2026-07-22,3867.03,9.883,1.06,5.532,33.7,22.45,0.34,0.952,-2.24,32.76,19.09,40.64,-4.83,-8.85,-5.852,9.15,0.894,0.0,2,895,46.0,1.0,Neutral,34.0,42.8,40.9,33.6
2026-07-23,3876.78,9.171,0.85,5.53,40.0,1.57,0.22,0.872,-0.15,42.11,18.15,41.65,-4.51,-8.62,-5.244,7.072,3.128,0.112,2,895,48.1,1.0,Neutral,37.1,46.5,44.4,36.0
2026-07-24,3814.2,9.96,1.08,5.534,40.2,14.04,0.22,0.789,1.33,47.48,17.94,37.28,-5.94,-10.1,-3.299,6.084,1.342,0.671,2,894,47.5,1.0,Neutral,35.4,46.8,45.3,31.7
2026-07-27,3858.24,9.419,0.92,5.528,52.83,0.0,0.11,0.786,1.63,48.65,17.79,41.9,-4.77,-9.06,-0.782,6.919,2.464,0.112,1,893,49.5,1.0,Neutral,38.1,47.8,47.7,38.8
2026-07-28,3813.32,9.17,0.85,5.527,50.63,2.02,0.22,0.772,-1.32,36.73,19.75,38.76,-5.77,-10.12,-1.89,6.334,1.456,1.456,2,893,47.1,1.0,Neutral,36.1,45.4,44.8,36.7
2026-07-29,3828.47,8.707,0.71,5.529,60.21,2.14,0.22,0.894,-1.0,38.44,20.36,40.38,-5.28,-9.76,-2.865,7.207,1.344,0.224,3,893,48.0,1.0,Neutral,37.7,46.5,45.4,43.1
2026-07-30,3804.69,8.745,0.72,5.543,51.56,6.19,0.34,0.929,-1.86,34.56,21.32,38.65,-5.73,-10.32,-3.881,7.381,1.009,1.682,4,892,46.7,1.0,Neutral,36.5,45.4,43.8,39.8
2026-07-31,3832.26,8.553,0.66,5.596,66.28,0.0,0.11,0.94,0.47,45.5,19.66,41.77,-4.91,-9.67,-2.906,9.445,1.678,0.0,5,894,49.6,1.0,Neutral,40.2,47.6,46.7,46.1
2026-08-03,3809.66,8.09,0.53,5.593,62.36,0.11,0.22,0.827,-1.26,37.11,19.14,39.98,-5.33,-10.2,-3.598,6.415,1.456,0.0,6,893,48.5,1.0,Neutral,39.7,46.5,45.4,43.4
2026-08-04,3822.28,8.301,0.59,5.597,66.6,0.11,0.34,0.856,0.24,43.64,20.11,41.48,-4.86,-9.91,-2.062,8.177,2.688,0.224,7,893,49.5,1.0,Neutral,40.5,47.6,47.3,45.2
2026-08-05,3878.43,8.319,0.59,5.596,64.43,0.11,0.67,0.944,1.3,49.45,17.91,47.78,-3.32,-8.58,-0.639,10.048,2.349,0.112,8,894,51.7,1.0,Neutral,42.6,48.4,49.0,48.4
2026-08-06,3900.35,8.394,0.61,5.596,68.15,0.11,0.56,0.941,2.51,55.1,17.78,50.03,-2.64,-8.07,1.202,9.093,1.678,0.112,4,894,52.1,1.0,Neutral,42.9,49.5,51.0,50.1
2026-08-07,3940.04,8.375,0.61,5.599,61.8,0.11,0.22,0.906,2.81,55.8,17.17,53.92,-1.55,-7.13,1.292,9.779,0.783,0.112,4,894,52.3,1.0,Neutral,43.1,49.3,50.7,49.7
2026-08-10,3966.59,8.065,0.52,5.603,62.03,0.11,0.56,0.874,4.12,60.92,17.48,56.37,-0.82,-6.5,2.18,9.007,1.899,0.112,3,895,52.9,1.0,Neutral,44.3,50.8,52.7,50.8
2026-08-11,3934.09,8.122,0.53,5.594,55.01,0.22,0.34,0.858,2.93,55.33,17.15,52.68,-1.55,-7.27,1.759,8.245,1.006,0.223,3,895,52.2,1.0,Neutral,43.4,49.8,51.4,46.7
2026-08-12,3946.68,7.93,0.48,5.596,56.63,0.0,0.9,0.818,1.76,49.65,16.72,53.94,-1.14,-6.97,1.645,7.668,2.458,0.112,2,895,51.8,1.0,Neutral,43.3,48.4,50.3,47.5
2026-08-13,3926.97,8.141,0.54,5.607,50.52,0.45,0.79,0.934,0.68,46.41,16.63,51.63,-1.54,-7.44,1.306,9.145,0.895,0.224,3,894,51.6,1.0,Neutral,42.9,47.3,49.0,46.0
2026-08-14,3927.18,8.41,0.62,5.614,49.04,0.67,0.67,0.815,-0.33,40.95,16.47,51.65,-1.47,-7.43,0.966,7.581,0.783,0.224,1,894,49.6,1.0,Neutral,40.6,45.3,46.7,43.4
2026-08-17,3982.65,8.063,0.51,5.618,49.4,0.56,0.9,0.805,0.4,43.89,16.22,57.58,-0.02,-6.13,1.102,8.896,2.125,0.112,1,894,50.7,1.0,Neutral,42.2,46.0,47.6,46.2
2026-08-18,3990.3,8.061,0.51,5.624,49.76,0.56,0.78,0.842,1.43,48.61,16.47,58.34,0.24,-5.95,1.249,8.611,1.454,0.224,2,894,51.0,1.0,Neutral,42.6,47.1,48.7,47.2
2026-08-19,3894.42,8.559,0.66,5.627,36.76,1.23,0.45,0.945,-1.32,37.08,17.62,46.99,-2.07,-8.21,-0.236,8.069,1.23,2.796,3,894,48.3,1.0,Neutral,39.2,44.4,44.9,39.2
2026-08-20,3903.72,8.29,0.58,5.627,47.87,0.34,0.45,0.839,-0.59,39.97,17.15,48.05,-1.76,-7.99,-0.386,7.15,2.237,0.224,2,894,49.2,1.0,Neutral,40.5,45.5,46.2,42.4
2026-08-21,3905.2,8.463,0.63,5.626,48.45,0.78,0.45,0.743,-0.56,39.59,16.99,48.23,-1.64,-7.95,-0.55,6.389,1.453,0.559,3,895,48.6,1.0,Neutral,39.6,45.1,45.7,41.1
2026-08-24,3882.01,8.501,0.64,5.631,38.11,1.68,0.45,0.813,-2.53,31.82,17.1,45.61,-2.15,-8.5,-1.373,6.476,0.671,0.671,4,894,47.5,1.0,Neutral,38.5,43.2,43.5,37.4
2026-08-25,3889.45,8.02,0.5,5.628,46.92,0.22,0.34,0.781,-2.53,31.92,16.88,46.61,-1.89,-8.32,-1.591,5.987,1.566,0.0,5,894,48.5,1.0,Neutral,40.2,44.0,44.5,41.1
2026-08-26,3912.52,7.847,0.44,5.621,55.9,0.11,0.22,0.828,0.46,44.37,16.32,49.7,-1.24,-7.78,-0.61,6.013,1.23,0.224,2,894,50.1,1.0,Neutral,41.9,47.4,47.5,46.3
2026-08-27,3956.57,7.924,0.47,5.611,52.94,0.34,0.56,0.878,1.35,48.79,15.93,55.05,-0.08,-6.74,-0.118,7.74,1.678,0.224,3,894,51.1,1.0,Neutral,42.8,47.9,48.4,47.9
2026-08-28,3952.18,7.675,0.39,5.615,54.15,0.22,0.78,0.871,1.2,48.03,15.55,54.43,-0.14,-6.84,-0.117,7.223,1.564,0.112,4,895,51.6,1.0,Neutral,43.7,48.2,48.7,48.4
2026-08-31,3986.3,7.691,0.4,5.98,60.33,0.67,0.9,0.987,2.69,56.8,15.57,58.36,0.74,-6.04,0.244,7.282,1.788,0.112,5,895,50.0,1.0,Neutral,44.4,47.1,48.2,53.5
2026-09-01,3979.89,7.344,0.29,5.985,56.96,0.11,0.9,0.984,2.33,54.98,15.06,57.36,0.57,-6.19,0.325,6.66,1.566,0.0,6,894,50.5,1.0,Neutral,45.5,47.3,48.6,52.4
