date,below_book,total,below_book_rate
2005-01-05,36,1352,2.663
2005-01-06,31,1352,2.293
2005-01-07,32,1352,2.367
2005-01-10,33,1352,2.441
2005-01-11,29,1352,2.145
2005-01-12,27,1352,1.997
2005-01-13,27,1352,1.997
2005-01-14,27,1352,1.997
2005-01-17,30,1352,2.219
2005-01-18,37,1352,2.737
2005-01-19,33,1352,2.441
2005-01-20,32,1352,2.367
2005-01-21,36,1352,2.663
2005-01-24,31,1352,2.293
2005-01-25,30,1352,2.219
2005-01-26,30,1352,2.219
2005-01-27,31,1352,2.293
2005-01-28,32,1352,2.367
2005-01-31,40,1352,2.959
2005-02-01,56,1352,4.142
2005-02-02,60,1352,4.438
2005-02-03,37,1353,2.735
2005-02-04,43,1353,3.178
2005-02-16,39,1353,2.882
2005-02-17,35,1353,2.587
2005-02-18,32,1353,2.365
2005-02-21,35,1353,2.587
2005-02-22,33,1353,2.439
2005-02-23,25,1353,1.848
2005-02-24,24,1353,1.774
2005-02-25,21,1353,1.552
2005-02-28,23,1353,1.7
2005-03-01,23,1353,1.7
2005-03-02,24,1353,1.774
2005-03-03,25,1354,1.846
2005-03-04,26,1354,1.92
2005-03-07,25,1354,1.846
2005-03-08,28,1354,2.068
2005-03-09,22,1354,1.625
2005-03-10,24,1354,1.773
2005-03-11,29,1354,2.142
2005-03-14,32,1354,2.363
2005-03-15,33,1354,2.437
2005-03-16,34,1354,2.511
2005-03-17,34,1354,2.511
2005-03-18,40,1354,2.954
2005-03-21,51,1354,3.767
2005-03-22,51,1354,3.767
2005-03-23,66,1354,4.874
2005-03-24,67,1354,4.948
2005-03-25,59,1355,4.354
2005-03-28,59,1354,4.357
2005-03-29,62,1354,4.579
2005-03-30,62,1354,4.579
2005-03-31,79,1354,5.835
2005-04-01,79,1354,5.835
2005-04-04,64,1354,4.727
2005-04-05,70,1354,5.17
2005-04-06,73,1354,5.391
2005-04-07,70,1354,5.17
2005-04-08,64,1354,4.727
2005-04-11,56,1354,4.136
2005-04-12,55,1355,4.059
2005-04-13,67,1355,4.945
2005-04-14,56,1355,4.133
2005-04-15,66,1355,4.871
2005-04-18,73,1356,5.383
2005-04-19,80,1356,5.9
2005-04-20,82,1356,6.047
2005-04-21,91,1356,6.711
2005-04-22,114,1356,8.407
2005-04-25,127,1356,9.366
2005-04-26,157,1356,11.578
2005-04-27,138,1357,10.169
2005-04-28,155,1357,11.422
2005-04-29,137,1357,10.096
2005-05-09,145,1358,10.677
2005-05-10,187,1359,13.76
2005-05-11,180,1359,13.245
2005-05-12,179,1359,13.171
2005-05-13,179,1359,13.171
2005-05-16,168,1359,12.362
2005-05-17,168,1359,12.362
2005-05-18,153,1360,11.25
2005-05-19,153,1360,11.25
2005-05-20,149,1360,10.956
2005-05-23,163,1361,11.976
2005-05-24,196,1361,14.401
2005-05-25,180,1361,13.226
2005-05-26,169,1362,12.408
2005-05-27,172,1362,12.628
2005-05-30,179,1362,13.142
2005-05-31,169,1363,12.399
2005-06-01,170,1363,12.472
2005-06-02,184,1363,13.5
2005-06-03,183,1364,13.416
2005-06-06,182,1365,13.333
2005-06-07,180,1366,13.177
2005-06-08,176,1366,12.884
2005-06-09,115,1366,8.419
2005-06-10,108,1366,7.906
2005-06-13,129,1366,9.444
2005-06-14,120,1366,8.785
2005-06-15,139,1366,10.176
2005-06-16,170,1366,12.445
2005-06-17,169,1366,12.372
2005-06-20,164,1366,12.006
2005-06-21,142,1366,10.395
2005-06-22,153,1366,11.201
2005-06-23,143,1366,10.469
2005-06-24,154,1366,11.274
2005-06-27,151,1366,11.054
2005-06-28,132,1366,9.663
2005-06-29,150,1366,10.981
2005-06-30,156,1366,11.42
2005-07-01,184,1366,13.47
2005-07-04,228,1366,16.691
2005-07-05,252,1365,18.462
2005-07-06,251,1365,18.388
2005-07-07,255,1365,18.681
2005-07-08,246,1365,18.022
2005-07-11,284,1365,20.806
2005-07-12,292,1365,21.392
2005-07-13,268,1365,19.634
2005-07-14,278,1365,20.366
2005-07-15,280,1365,20.513
2005-07-18,304,1365,22.271
2005-07-19,333,1365,24.396
2005-07-20,325,1365,23.81
2005-07-21,318,1365,23.297
2005-07-22,322,1365,23.59
2005-07-25,295,1365,21.612
2005-07-26,299,1365,21.905
2005-07-27,278,1365,20.366
2005-07-28,261,1365,19.121
2005-07-29,258,1365,18.901
2005-08-01,256,1365,18.755
2005-08-02,255,1365,18.681
2005-08-03,241,1365,17.656
2005-08-04,223,1365,16.337
2005-08-05,233,1365,17.07
2005-08-08,216,1364,15.836
2005-08-09,206,1364,15.103
2005-08-10,186,1364,13.636
2005-08-11,173,1364,12.683
2005-08-12,164,1364,12.023
2005-08-15,189,1364,13.856
2005-08-16,167,1364,12.243
2005-08-17,161,1364,11.804
2005-08-18,143,1364,10.484
2005-08-19,174,1364,12.757
2005-08-22,173,1364,12.683
2005-08-23,161,1364,11.804
2005-08-24,182,1364,13.343
2005-08-25,172,1364,12.61
2005-08-26,156,1364,11.437
2005-08-29,149,1364,10.924
2005-08-30,149,1364,10.924
2005-08-31,157,1364,11.51
2005-09-01,142,1364,10.411
2005-09-02,123,1364,9.018
2005-09-05,119,1364,8.724
2005-09-06,110,1364,8.065
2005-09-07,128,1364,9.384
2005-09-08,110,1364,8.065
2005-09-09,107,1364,7.845
2005-09-12,112,1364,8.211
2005-09-13,106,1364,7.771
2005-09-14,96,1364,7.038
2005-09-15,89,1364,6.525
2005-09-16,89,1364,6.525
2005-09-19,86,1363,6.31
2005-09-20,79,1363,5.796
2005-09-21,82,1362,6.021
2005-09-22,95,1358,6.996
2005-09-23,126,1357,9.285
2005-09-26,138,1357,10.169
2005-09-27,135,1357,9.948
2005-09-28,154,1357,11.349
2005-09-29,156,1357,11.496
2005-09-30,141,1357,10.391
2005-10-10,145,1357,10.685
2005-10-11,156,1357,11.496
2005-10-12,144,1357,10.612
2005-10-13,136,1357,10.022
2005-10-14,138,1357,10.169
2005-10-17,146,1357,10.759
2005-10-18,147,1357,10.833
2005-10-19,140,1357,10.317
2005-10-20,142,1357,10.464
2005-10-21,143,1357,10.538
2005-10-24,136,1357,10.022
2005-10-25,136,1357,10.022
2005-10-26,149,1357,10.98
2005-10-27,169,1357,12.454
2005-10-28,185,1357,13.633
2005-10-31,209,1357,15.402
2005-11-01,205,1357,15.107
2005-11-02,208,1357,15.328
2005-11-03,192,1357,14.149
2005-11-04,200,1357,14.738
2005-11-07,191,1357,14.075
2005-11-08,187,1357,13.78
2005-11-09,179,1357,13.191
2005-11-10,181,1357,13.338
2005-11-11,208,1357,15.328
2005-11-14,205,1357,15.107
2005-11-15,194,1357,14.296
2005-11-16,198,1357,14.591
2005-11-17,189,1357,13.928
2005-11-18,194,1357,14.296
2005-11-21,176,1357,12.97
2005-11-22,173,1357,12.749
2005-11-23,187,1357,13.78
2005-11-24,186,1357,13.707
2005-11-25,183,1357,13.486
2005-11-28,177,1357,13.043
2005-11-29,179,1357,13.191
2005-11-30,192,1357,14.149
2005-12-01,194,1357,14.296
2005-12-02,192,1357,14.149
2005-12-05,203,1357,14.959
2005-12-06,232,1357,17.097
2005-12-07,230,1357,16.949
2005-12-08,223,1357,16.433
2005-12-09,223,1357,16.433
2005-12-12,212,1357,15.623
2005-12-13,204,1357,15.033
2005-12-14,204,1357,15.033
2005-12-15,196,1357,14.444
2005-12-16,205,1357,15.107
2005-12-19,196,1357,14.444
2005-12-20,195,1357,14.37
2005-12-21,195,1357,14.37
2005-12-22,202,1357,14.886
2005-12-23,200,1357,14.738
2005-12-26,188,1357,13.854
2005-12-27,185,1357,13.633
2005-12-28,186,1357,13.707
2005-12-29,186,1357,13.707
2005-12-30,178,1357,13.117
2006-01-04,188,1356,13.864
2006-01-05,158,1354,11.669
2006-01-06,151,1354,11.152
2006-01-09,145,1354,10.709
2006-01-10,143,1354,10.561
2006-01-11,136,1354,10.044
2006-01-12,139,1354,10.266
2006-01-13,128,1354,9.453
2006-01-16,127,1354,9.38
2006-01-17,136,1354,10.044
2006-01-18,136,1354,10.044
2006-01-19,123,1354,9.084
2006-01-20,113,1354,8.346
2006-01-23,108,1354,7.976
2006-01-24,106,1354,7.829
2006-01-25,109,1354,8.05
2006-02-06,110,1354,8.124
2006-02-07,101,1354,7.459
2006-02-08,95,1354,7.016
2006-02-09,90,1354,6.647
2006-02-10,97,1354,7.164
2006-02-13,93,1354,6.869
2006-02-14,94,1354,6.942
2006-02-15,92,1354,6.795
2006-02-16,93,1354,6.869
2006-02-17,114,1354,8.419
2006-02-20,118,1354,8.715
2006-02-21,118,1353,8.721
2006-02-22,113,1353,8.352
2006-02-23,115,1353,8.5
2006-02-24,112,1353,8.278
2006-02-27,108,1353,7.982
2006-02-28,105,1353,7.761
2006-03-01,107,1353,7.908
2006-03-02,104,1353,7.687
2006-03-03,117,1353,8.647
2006-03-06,117,1353,8.647
2006-03-07,116,1353,8.574
2006-03-08,136,1353,10.052
2006-03-09,138,1353,10.2
2006-03-10,140,1353,10.347
2006-03-13,140,1353,10.347
2006-03-14,137,1353,10.126
2006-03-15,134,1353,9.904
2006-03-16,133,1353,9.83
2006-03-17,133,1353,9.83
2006-03-20,133,1353,9.83
2006-03-21,126,1353,9.313
2006-03-22,122,1353,9.017
2006-03-23,123,1353,9.091
2006-03-24,118,1352,8.728
2006-03-27,120,1352,8.876
2006-03-28,114,1352,8.432
2006-03-29,111,1352,8.21
2006-03-30,114,1352,8.432
2006-03-31,119,1352,8.802
2006-04-03,127,1352,9.393
2006-04-04,117,1352,8.654
2006-04-05,115,1352,8.506
2006-04-06,109,1352,8.062
2006-04-07,110,1352,8.136
2006-04-10,109,1352,8.062
2006-04-11,100,1352,7.396
2006-04-12,99,1352,7.322
2006-04-13,101,1352,7.47
2006-04-14,113,1352,8.358
2006-04-17,98,1352,7.249
2006-04-18,102,1352,7.544
2006-04-19,105,1352,7.766
2006-04-20,108,1352,7.988
2006-04-21,121,1352,8.95
2006-04-24,117,1349,8.673
2006-04-25,136,1348,10.089
2006-04-26,136,1348,10.089
2006-04-27,136,1348,10.089
2006-04-28,132,1348,9.792
2006-05-08,135,1348,10.015
2006-05-09,117,1348,8.68
2006-05-10,95,1348,7.047
2006-05-11,87,1348,6.454
2006-05-12,98,1348,7.27
2006-05-15,75,1348,5.564
2006-05-16,66,1348,4.896
2006-05-17,73,1348,5.415
2006-05-18,67,1348,4.97
2006-05-19,64,1348,4.748
2006-05-22,56,1348,4.154
2006-05-23,48,1348,3.561
2006-05-24,62,1348,4.599
2006-05-25,69,1348,5.119
2006-05-26,65,1348,4.822
2006-05-29,58,1348,4.303
2006-05-30,52,1348,3.858
2006-05-31,46,1348,3.412
2006-06-01,47,1348,3.487
2006-06-02,40,1348,2.967
2006-06-05,36,1348,2.671
2006-06-06,31,1348,2.3
2006-06-07,34,1348,2.522
2006-06-08,52,1348,3.858
2006-06-09,47,1348,3.487
2006-06-12,56,1348,4.154
2006-06-13,55,1348,4.08
2006-06-14,53,1348,3.932
2006-06-15,59,1348,4.377
2006-06-16,59,1348,4.377
2006-06-19,50,1349,3.706
2006-06-20,46,1349,3.41
2006-06-21,48,1349,3.558
2006-06-22,47,1349,3.484
2006-06-23,51,1350,3.778
2006-06-26,48,1350,3.556
2006-06-27,45,1352,3.328
2006-06-28,43,1352,3.18
2006-06-29,43,1352,3.18
2006-06-30,37,1351,2.739
2006-07-03,37,1351,2.739
2006-07-04,33,1351,2.443
2006-07-05,34,1352,2.515
2006-07-06,36,1352,2.663
2006-07-07,35,1352,2.589
2006-07-10,32,1352,2.367
2006-07-11,31,1352,2.293
2006-07-12,30,1352,2.219
2006-07-13,35,1352,2.589
2006-07-14,52,1352,3.846
2006-07-17,52,1352,3.846
2006-07-18,47,1352,3.476
2006-07-19,43,1352,3.18
2006-07-20,51,1352,3.772
2006-07-21,49,1352,3.624
2006-07-24,46,1352,3.402
2006-07-25,42,1354,3.102
2006-07-26,39,1354,2.88
2006-07-27,38,1354,2.806
2006-07-28,43,1354,3.176
2006-07-31,42,1355,3.1
2006-08-01,53,1356,3.909
2006-08-02,58,1359,4.268
2006-08-03,60,1359,4.415
2006-08-04,58,1359,4.268
2006-08-07,71,1359,5.224
2006-08-08,86,1359,6.328
2006-08-09,74,1359,5.445
2006-08-10,75,1361,5.511
2006-08-11,70,1361,5.143
2006-08-14,66,1361,4.849
2006-08-15,76,1361,5.584
2006-08-16,72,1363,5.282
2006-08-17,67,1363,4.916
2006-08-18,68,1364,4.985
2006-08-21,72,1364,5.279
2006-08-22,73,1364,5.352
2006-08-23,72,1368,5.263
2006-08-24,72,1368,5.263
2006-08-25,73,1368,5.336
2006-08-28,71,1368,5.19
2006-08-29,64,1368,4.678
2006-08-30,61,1368,4.459
2006-08-31,60,1368,4.386
2006-09-01,57,1368,4.167
2006-09-04,66,1368,4.825
2006-09-05,61,1368,4.459
2006-09-06,60,1368,4.386
2006-09-07,54,1368,3.947
2006-09-08,61,1368,4.459
2006-09-11,61,1368,4.459
2006-09-12,61,1368,4.459
2006-09-13,59,1368,4.313
2006-09-14,62,1368,4.532
2006-09-15,61,1370,4.453
2006-09-18,58,1370,4.234
2006-09-19,53,1370,3.869
2006-09-20,53,1370,3.869
2006-09-21,54,1370,3.942
2006-09-22,51,1371,3.72
2006-09-25,57,1371,4.158
2006-09-26,59,1371,4.303
2006-09-27,61,1371,4.449
2006-09-28,58,1372,4.227
2006-09-29,57,1372,4.155
2006-10-09,57,1372,4.155
2006-10-10,56,1372,4.082
2006-10-11,53,1372,3.863
2006-10-12,50,1374,3.639
2006-10-13,47,1374,3.421
2006-10-16,50,1375,3.636
2006-10-17,49,1376,3.561
2006-10-18,49,1379,3.553
2006-10-19,46,1379,3.336
2006-10-20,47,1379,3.408
2006-10-23,47,1379,3.408
2006-10-24,57,1379,4.133
2006-10-25,51,1381,3.693
2006-10-26,54,1382,3.907
2006-10-27,56,1383,4.049
2006-10-30,60,1383,4.338
2006-10-31,57,1383,4.121
2006-11-01,55,1383,3.977
2006-11-02,52,1383,3.76
2006-11-03,55,1383,3.977
2006-11-06,52,1383,3.76
2006-11-07,54,1383,3.905
2006-11-08,56,1383,4.049
2006-11-09,54,1383,3.905
2006-11-10,54,1383,3.905
2006-11-13,60,1383,4.338
2006-11-14,69,1383,4.989
2006-11-15,66,1383,4.772
2006-11-16,63,1386,4.545
2006-11-17,65,1386,4.69
2006-11-20,62,1389,4.464
2006-11-21,66,1389,4.752
2006-11-22,67,1389,4.824
2006-11-23,63,1390,4.532
2006-11-24,61,1392,4.382
2006-11-27,59,1392,4.239
2006-11-28,55,1394,3.945
2006-11-29,54,1394,3.874
2006-11-30,56,1397,4.009
2006-12-01,50,1396,3.582
2006-12-04,49,1396,3.51
2006-12-05,46,1396,3.295
2006-12-06,41,1396,2.937
2006-12-07,43,1396,3.08
2006-12-08,41,1399,2.931
2006-12-11,51,1399,3.645
2006-12-12,45,1399,3.217
2006-12-13,44,1399,3.145
2006-12-14,45,1399,3.217
2006-12-15,42,1402,2.996
2006-12-18,41,1402,2.924
2006-12-19,39,1402,2.782
2006-12-20,37,1403,2.637
2006-12-21,38,1403,2.708
2006-12-22,38,1407,2.701
2006-12-25,38,1407,2.701
2006-12-26,38,1409,2.697
2006-12-27,38,1409,2.697
2006-12-28,37,1409,2.626
2006-12-29,41,1411,2.906
2007-01-04,40,1411,2.835
2007-01-05,42,1411,2.977
2007-01-08,37,1411,2.622
2007-01-09,32,1412,2.266
2007-01-10,29,1414,2.051
2007-01-11,27,1414,1.909
2007-01-12,24,1416,1.695
2007-01-15,32,1416,2.26
2007-01-16,26,1416,1.836
2007-01-17,24,1416,1.695
2007-01-18,25,1416,1.766
2007-01-19,19,1416,1.342
2007-01-22,18,1416,1.271
2007-01-23,14,1416,0.989
2007-01-24,11,1418,0.776
2007-01-25,10,1418,0.705
2007-01-26,16,1422,1.125
2007-01-29,12,1422,0.844
2007-01-30,11,1422,0.774
2007-01-31,12,1422,0.844
2007-02-01,16,1422,1.125
2007-02-02,16,1422,1.125
2007-02-05,16,1423,1.124
2007-02-06,18,1423,1.265
2007-02-07,13,1423,0.914
2007-02-08,13,1425,0.912
2007-02-09,12,1425,0.842
2007-02-12,11,1425,0.772
2007-02-13,9,1425,0.632
2007-02-14,8,1425,0.561
2007-02-15,8,1428,0.56
2007-02-16,5,1428,0.35
2007-02-26,4,1428,0.28
2007-02-27,3,1429,0.21
2007-02-28,7,1430,0.49
2007-03-01,2,1431,0.14
2007-03-02,4,1434,0.279
2007-03-05,2,1434,0.139
2007-03-06,3,1436,0.209
2007-03-07,3,1436,0.209
2007-03-08,2,1436,0.139
2007-03-09,2,1436,0.139
2007-03-12,2,1436,0.139
2007-03-13,2,1436,0.139
2007-03-14,1,1436,0.07
2007-03-15,1,1436,0.07
2007-03-16,1,1436,0.07
2007-03-19,2,1436,0.139
2007-03-20,2,1436,0.139
2007-03-21,1,1436,0.07
2007-03-22,1,1436,0.07
2007-03-23,1,1436,0.07
2007-03-26,0,1436,0.0
2007-03-27,0,1436,0.0
2007-03-28,0,1438,0.0
2007-03-29,0,1438,0.0
2007-03-30,0,1438,0.0
2007-04-02,0,1438,0.0
2007-04-03,1,1440,0.069
2007-04-04,1,1440,0.069
2007-04-05,1,1439,0.069
2007-04-06,1,1440,0.069
2007-04-09,1,1440,0.069
2007-04-10,1,1440,0.069
2007-04-11,1,1440,0.069
2007-04-12,1,1440,0.069
2007-04-13,1,1440,0.069
2007-04-16,1,1440,0.069
2007-04-17,1,1440,0.069
2007-04-18,1,1443,0.069
2007-04-19,1,1443,0.069
2007-04-20,1,1445,0.069
2007-04-23,1,1445,0.069
2007-04-24,1,1445,0.069
2007-04-25,1,1445,0.069
2007-04-26,1,1446,0.069
2007-04-27,1,1450,0.069
2007-04-30,1,1451,0.069
2007-05-08,1,1449,0.069
2007-05-09,1,1449,0.069
2007-05-10,1,1449,0.069
2007-05-11,1,1449,0.069
2007-05-14,1,1449,0.069
2007-05-15,1,1450,0.069
2007-05-16,1,1451,0.069
2007-05-17,1,1451,0.069
2007-05-18,1,1451,0.069
2007-05-21,1,1451,0.069
2007-05-22,1,1450,0.069
2007-05-23,1,1450,0.069
2007-05-24,1,1450,0.069
2007-05-25,1,1450,0.069
2007-05-28,1,1450,0.069
2007-05-29,1,1450,0.069
2007-05-30,1,1452,0.069
2007-05-31,1,1452,0.069
2007-06-01,1,1451,0.069
2007-06-04,1,1450,0.069
2007-06-05,1,1450,0.069
2007-06-06,1,1450,0.069
2007-06-07,1,1450,0.069
2007-06-08,1,1450,0.069
2007-06-11,1,1450,0.069
2007-06-12,1,1450,0.069
2007-06-13,0,1452,0.0
2007-06-14,0,1452,0.0
2007-06-15,0,1452,0.0
2007-06-18,0,1452,0.0
2007-06-19,0,1452,0.0
2007-06-20,0,1452,0.0
2007-06-21,0,1452,0.0
2007-06-22,0,1452,0.0
2007-06-25,0,1452,0.0
2007-06-26,0,1453,0.0
2007-06-27,0,1453,0.0
2007-06-28,0,1453,0.0
2007-06-29,0,1454,0.0
2007-07-02,1,1454,0.069
2007-07-03,0,1454,0.0
2007-07-04,0,1454,0.0
2007-07-05,0,1454,0.0
2007-07-06,1,1454,0.069
2007-07-09,0,1454,0.0
2007-07-10,0,1454,0.0
2007-07-11,0,1454,0.0
2007-07-12,0,1456,0.0
2007-07-13,0,1456,0.0
2007-07-16,0,1456,0.0
2007-07-17,0,1456,0.0
2007-07-18,0,1456,0.0
2007-07-19,0,1458,0.0
2007-07-20,0,1460,0.0
2007-07-23,0,1460,0.0
2007-07-24,0,1460,0.0
2007-07-25,0,1460,0.0
2007-07-26,0,1460,0.0
2007-07-27,0,1460,0.0
2007-07-30,0,1460,0.0
2007-07-31,0,1460,0.0
2007-08-01,0,1460,0.0
2007-08-02,0,1460,0.0
2007-08-03,0,1462,0.0
2007-08-06,0,1462,0.0
2007-08-07,0,1462,0.0
2007-08-08,0,1464,0.0
2007-08-09,0,1464,0.0
2007-08-10,0,1467,0.0
2007-08-13,0,1470,0.0
2007-08-14,0,1470,0.0
2007-08-15,0,1470,0.0
2007-08-16,0,1473,0.0
2007-08-17,0,1476,0.0
2007-08-20,0,1476,0.0
2007-08-21,0,1478,0.0
2007-08-22,0,1478,0.0
2007-08-23,0,1481,0.0
2007-08-24,0,1481,0.0
2007-08-27,0,1481,0.0
2007-08-28,0,1481,0.0
2007-08-29,0,1481,0.0
2007-08-30,0,1481,0.0
2007-08-31,0,1481,0.0
2007-09-03,0,1481,0.0
2007-09-04,0,1481,0.0
2007-09-05,0,1481,0.0
2007-09-06,0,1481,0.0
2007-09-07,0,1481,0.0
2007-09-10,0,1481,0.0
2007-09-11,0,1481,0.0
2007-09-12,0,1481,0.0
2007-09-13,0,1484,0.0
2007-09-14,0,1484,0.0
2007-09-17,0,1484,0.0
2007-09-18,0,1484,0.0
2007-09-19,0,1488,0.0
2007-09-20,0,1488,0.0
2007-09-21,0,1490,0.0
2007-09-24,0,1490,0.0
2007-09-25,0,1493,0.0
2007-09-26,0,1493,0.0
2007-09-27,0,1493,0.0
2007-09-28,0,1494,0.0
2007-10-08,0,1494,0.0
2007-10-09,0,1495,0.0
2007-10-10,0,1495,0.0
2007-10-11,0,1495,0.0
2007-10-12,0,1497,0.0
2007-10-15,0,1497,0.0
2007-10-16,0,1497,0.0
2007-10-17,0,1497,0.0
2007-10-18,0,1497,0.0
2007-10-19,0,1497,0.0
2007-10-22,0,1497,0.0
2007-10-23,0,1497,0.0
2007-10-24,0,1497,0.0
2007-10-25,0,1497,0.0
2007-10-26,0,1497,0.0
2007-10-29,0,1497,0.0
2007-10-30,0,1497,0.0
2007-10-31,0,1497,0.0
2007-11-01,0,1500,0.0
2007-11-02,0,1500,0.0
2007-11-05,0,1501,0.0
2007-11-06,0,1501,0.0
2007-11-07,0,1501,0.0
2007-11-08,0,1501,0.0
2007-11-09,0,1501,0.0
2007-11-12,0,1501,0.0
2007-11-13,0,1504,0.0
2007-11-14,0,1504,0.0
2007-11-15,0,1504,0.0
2007-11-16,0,1506,0.0
2007-11-19,0,1506,0.0
2007-11-20,0,1508,0.0
2007-11-21,0,1507,0.0
2007-11-22,0,1509,0.0
2007-11-23,0,1509,0.0
2007-11-26,0,1509,0.0
2007-11-27,0,1509,0.0
2007-11-28,0,1509,0.0
2007-11-29,0,1509,0.0
2007-11-30,0,1509,0.0
2007-12-03,0,1512,0.0
2007-12-04,0,1512,0.0
2007-12-05,0,1514,0.0
2007-12-06,0,1514,0.0
2007-12-07,0,1516,0.0
2007-12-10,0,1516,0.0
2007-12-11,0,1516,0.0
2007-12-12,0,1519,0.0
2007-12-13,0,1519,0.0
2007-12-14,0,1518,0.0
2007-12-17,0,1518,0.0
2007-12-18,0,1520,0.0
2007-12-19,0,1521,0.0
2007-12-20,0,1521,0.0
2007-12-21,0,1524,0.0
2007-12-24,0,1524,0.0
2007-12-25,0,1525,0.0
2007-12-26,0,1527,0.0
2007-12-27,0,1526,0.0
2007-12-28,0,1527,0.0
2008-01-02,0,1527,0.0
2008-01-03,1,1527,0.065
2008-01-04,1,1527,0.065
2008-01-07,1,1527,0.065
2008-01-08,1,1527,0.065
2008-01-09,1,1527,0.065
2008-01-10,1,1527,0.065
2008-01-11,1,1527,0.065
2008-01-14,1,1527,0.065
2008-01-15,1,1527,0.065
2008-01-16,1,1529,0.065
2008-01-17,1,1529,0.065
2008-01-18,1,1529,0.065
2008-01-21,1,1529,0.065
2008-01-22,1,1529,0.065
2008-01-23,1,1531,0.065
2008-01-24,1,1531,0.065
2008-01-25,1,1531,0.065
2008-01-28,1,1533,0.065
2008-01-29,1,1533,0.065
2008-01-30,1,1535,0.065
2008-01-31,1,1535,0.065
2008-02-01,1,1539,0.065
2008-02-04,1,1539,0.065
2008-02-05,1,1539,0.065
2008-02-13,1,1539,0.065
2008-02-14,1,1539,0.065
2008-02-15,1,1539,0.065
2008-02-18,1,1541,0.065
2008-02-19,1,1541,0.065
2008-02-20,1,1543,0.065
2008-02-21,1,1543,0.065
2008-02-22,1,1543,0.065
2008-02-25,1,1543,0.065
2008-02-26,1,1543,0.065
2008-02-27,1,1543,0.065
2008-02-28,1,1545,0.065
2008-02-29,1,1545,0.065
2008-03-03,1,1545,0.065
2008-03-04,1,1545,0.065
2008-03-05,1,1545,0.065
2008-03-06,1,1547,0.065
2008-03-07,1,1547,0.065
2008-03-10,1,1548,0.065
2008-03-11,1,1548,0.065
2008-03-12,1,1548,0.065
2008-03-13,1,1548,0.065
2008-03-14,1,1548,0.065
2008-03-17,1,1548,0.065
2008-03-18,1,1548,0.065
2008-03-19,1,1548,0.065
2008-03-20,1,1548,0.065
2008-03-21,1,1548,0.065
2008-03-24,1,1548,0.065
2008-03-25,1,1548,0.065
2008-03-26,1,1548,0.065
2008-03-27,1,1548,0.065
2008-03-28,1,1548,0.065
2008-03-31,1,1548,0.065
2008-04-01,0,1548,0.0
2008-04-02,0,1548,0.0
2008-04-03,0,1548,0.0
2008-04-07,0,1548,0.0
2008-04-08,0,1548,0.0
2008-04-09,0,1548,0.0
2008-04-10,0,1548,0.0
2008-04-11,0,1548,0.0
2008-04-14,0,1548,0.0
2008-04-15,0,1548,0.0
2008-04-16,0,1548,0.0
2008-04-17,0,1549,0.0
2008-04-18,1,1550,0.065
2008-04-21,1,1550,0.065
2008-04-22,1,1550,0.065
2008-04-23,2,1550,0.129
2008-04-24,2,1550,0.129
2008-04-25,0,1553,0.0
2008-04-28,0,1553,0.0
2008-04-29,0,1553,0.0
2008-04-30,0,1553,0.0
2008-05-05,0,1553,0.0
2008-05-06,0,1555,0.0
2008-05-07,0,1555,0.0
2008-05-08,0,1557,0.0
2008-05-09,0,1558,0.0
2008-05-12,0,1560,0.0
2008-05-13,0,1560,0.0
2008-05-14,0,1560,0.0
2008-05-15,0,1560,0.0
2008-05-16,0,1563,0.0
2008-05-19,0,1563,0.0
2008-05-20,0,1565,0.0
2008-05-21,0,1565,0.0
2008-05-22,0,1567,0.0
2008-05-23,0,1568,0.0
2008-05-26,0,1569,0.0
2008-05-27,1,1569,0.064
2008-05-28,1,1571,0.064
2008-05-29,0,1572,0.0
2008-05-30,1,1572,0.064
2008-06-02,1,1572,0.064
2008-06-03,1,1572,0.064
2008-06-04,1,1572,0.064
2008-06-05,1,1574,0.064
2008-06-06,1,1574,0.064
2008-06-10,1,1574,0.064
2008-06-11,2,1574,0.127
2008-06-12,3,1576,0.19
2008-06-13,3,1576,0.19
2008-06-16,3,1576,0.19
2008-06-17,5,1576,0.317
2008-06-18,6,1576,0.381
2008-06-19,6,1579,0.38
2008-06-20,11,1579,0.697
2008-06-23,8,1581,0.506
2008-06-24,8,1581,0.506
2008-06-25,8,1584,0.505
2008-06-26,6,1584,0.379
2008-06-27,6,1584,0.379
2008-06-30,8,1584,0.505
2008-07-01,7,1584,0.442
2008-07-02,9,1584,0.568
2008-07-03,7,1584,0.442
2008-07-04,5,1584,0.316
2008-07-07,6,1584,0.379
2008-07-08,3,1585,0.189
2008-07-09,3,1585,0.189
2008-07-10,2,1585,0.126
2008-07-11,3,1585,0.189
2008-07-14,3,1585,0.189
2008-07-15,3,1585,0.189
2008-07-16,4,1587,0.252
2008-07-17,6,1587,0.378
2008-07-18,7,1587,0.441
2008-07-21,4,1587,0.252
2008-07-22,2,1587,0.126
2008-07-23,2,1589,0.126
2008-07-24,3,1589,0.189
2008-07-25,2,1589,0.126
2008-07-28,2,1590,0.126
2008-07-29,2,1590,0.126
2008-07-30,2,1590,0.126
2008-07-31,2,1591,0.126
2008-08-01,3,1591,0.189
2008-08-04,2,1591,0.126
2008-08-05,3,1591,0.189
2008-08-06,8,1593,0.502
2008-08-07,7,1593,0.439
2008-08-08,7,1593,0.439
2008-08-11,14,1594,0.878
2008-08-12,20,1594,1.255
2008-08-13,21,1595,1.317
2008-08-14,21,1595,1.317
2008-08-15,21,1595,1.317
2008-08-18,20,1596,1.253
2008-08-19,36,1596,2.256
2008-08-20,29,1596,1.817
2008-08-21,16,1596,1.003
2008-08-22,20,1596,1.253
2008-08-25,25,1596,1.566
2008-08-26,25,1596,1.566
2008-08-27,36,1596,2.256
2008-08-28,34,1597,2.129
2008-08-29,31,1597,1.941
2008-09-01,30,1597,1.879
2008-09-02,31,1597,1.941
2008-09-03,29,1597,1.816
2008-09-04,25,1597,1.565
2008-09-05,24,1598,1.502
2008-09-08,37,1598,2.315
2008-09-09,51,1598,3.191
2008-09-10,45,1599,2.814
2008-09-11,43,1599,2.689
2008-09-12,50,1599,3.127
2008-09-16,47,1599,2.939
2008-09-17,53,1599,3.315
2008-09-18,67,1599,4.19
2008-09-19,83,1601,5.184
2008-09-22,46,1601,2.873
2008-09-23,36,1601,2.249
2008-09-24,56,1601,3.498
2008-09-25,53,1602,3.308
2008-09-26,46,1602,2.871
2008-10-06,41,1602,2.559
2008-10-07,62,1602,3.87
2008-10-08,61,1602,3.808
2008-10-09,73,1602,4.557
2008-10-10,77,1602,4.806
2008-10-13,107,1602,6.679
2008-10-14,99,1602,6.18
2008-10-15,108,1602,6.742
2008-10-16,111,1602,6.929
2008-10-17,145,1602,9.051
2008-10-20,130,1602,8.115
2008-10-21,112,1602,6.991
2008-10-22,113,1602,7.054
2008-10-23,125,1602,7.803
2008-10-24,121,1602,7.553
2008-10-27,134,1602,8.365
2008-10-28,186,1602,11.61
2008-10-29,175,1602,10.924
2008-10-30,196,1602,12.235
2008-10-31,187,1602,11.673
2008-11-03,206,1602,12.859
2008-11-04,213,1602,13.296
2008-11-05,226,1602,14.107
2008-11-06,202,1602,12.609
2008-11-07,214,1602,13.358
2008-11-10,197,1602,12.297
2008-11-11,136,1602,8.489
2008-11-12,139,1602,8.677
2008-11-13,130,1602,8.115
2008-11-14,109,1602,6.804
2008-11-17,83,1602,5.181
2008-11-18,57,1602,3.558
2008-11-19,103,1602,6.429
2008-11-20,62,1602,3.87
2008-11-21,60,1602,3.745
2008-11-24,71,1602,4.432
2008-11-25,99,1602,6.18
2008-11-26,103,1602,6.429
2008-11-27,96,1601,5.996
2008-11-28,88,1601,5.497
2008-12-01,92,1601,5.746
2008-12-02,74,1601,4.622
2008-12-03,65,1601,4.06
2008-12-04,50,1601,3.123
2008-12-05,52,1602,3.246
2008-12-08,44,1602,2.747
2008-12-09,35,1602,2.185
2008-12-10,42,1602,2.622
2008-12-11,35,1602,2.185
2008-12-12,42,1602,2.622
2008-12-15,57,1602,3.558
2008-12-16,51,1602,3.184
2008-12-17,49,1602,3.059
2008-12-18,47,1602,2.934
2008-12-19,40,1602,2.497
2008-12-22,39,1602,2.434
2008-12-23,40,1602,2.497
2008-12-24,58,1602,3.62
2008-12-25,65,1602,4.057
2008-12-26,71,1602,4.432
2008-12-29,72,1602,4.494
2008-12-30,78,1602,4.869
2008-12-31,84,1602,5.243
2009-01-05,74,1602,4.619
2009-01-06,57,1602,3.558
2009-01-07,41,1602,2.559
2009-01-08,42,1602,2.622
2009-01-09,49,1602,3.059
2009-01-12,42,1602,2.622
2009-01-13,34,1602,2.122
2009-01-14,39,1602,2.434
2009-01-15,31,1602,1.935
2009-01-16,28,1602,1.748
2009-01-19,28,1602,1.748
2009-01-20,28,1602,1.748
2009-01-21,27,1602,1.685
2009-01-22,27,1602,1.685
2009-01-23,25,1602,1.561
2009-02-02,25,1602,1.561
2009-02-03,24,1602,1.498
2009-02-04,18,1602,1.124
2009-02-05,14,1602,0.874
2009-02-06,16,1602,0.999
2009-02-09,13,1602,0.811
2009-02-10,10,1602,0.624
2009-02-11,9,1602,0.562
2009-02-12,8,1602,0.499
2009-02-13,9,1602,0.562
2009-02-16,5,1602,0.312
2009-02-17,4,1602,0.25
2009-02-18,5,1602,0.312
2009-02-19,10,1602,0.624
2009-02-20,8,1602,0.499
2009-02-23,6,1602,0.375
2009-02-24,6,1602,0.375
2009-02-25,8,1602,0.499
2009-02-26,8,1602,0.499
2009-02-27,11,1602,0.687
2009-03-02,17,1602,1.061
2009-03-03,15,1602,0.936
2009-03-04,15,1602,0.936
2009-03-05,10,1602,0.624
2009-03-06,9,1602,0.562
2009-03-09,9,1602,0.562
2009-03-10,12,1602,0.749
2009-03-11,12,1602,0.749
2009-03-12,11,1602,0.687
2009-03-13,12,1602,0.749
2009-03-16,12,1602,0.749
2009-03-17,11,1602,0.687
2009-03-18,8,1602,0.499
2009-03-19,8,1602,0.499
2009-03-20,8,1602,0.499
2009-03-23,8,1602,0.499
2009-03-24,8,1602,0.499
2009-03-25,8,1602,0.499
2009-03-26,8,1602,0.499
2009-03-27,8,1602,0.499
2009-03-30,7,1602,0.437
2009-03-31,8,1602,0.499
2009-04-01,8,1602,0.499
2009-04-02,8,1602,0.499
2009-04-03,8,1602,0.499
2009-04-07,9,1602,0.562
2009-04-08,9,1602,0.562
2009-04-09,10,1602,0.624
2009-04-10,10,1602,0.624
2009-04-13,10,1602,0.624
2009-04-14,8,1602,0.499
2009-04-15,8,1602,0.499
2009-04-16,6,1602,0.375
2009-04-17,6,1602,0.375
2009-04-20,6,1602,0.375
2009-04-21,5,1602,0.312
2009-04-22,4,1602,0.25
2009-04-23,7,1602,0.437
2009-04-24,7,1602,0.437
2009-04-27,7,1602,0.437
2009-04-28,9,1602,0.562
2009-04-29,8,1602,0.499
2009-04-30,8,1602,0.499
2009-05-04,8,1602,0.499
2009-05-05,5,1602,0.312
2009-05-06,5,1602,0.312
2009-05-07,4,1600,0.25
2009-05-08,4,1600,0.25
2009-05-11,4,1600,0.25
2009-05-12,6,1600,0.375
2009-05-13,5,1600,0.312
2009-05-14,3,1600,0.188
2009-05-15,5,1600,0.312
2009-05-18,4,1600,0.25
2009-05-19,4,1600,0.25
2009-05-20,4,1600,0.25
2009-05-21,4,1600,0.25
2009-05-22,5,1600,0.312
2009-05-25,5,1600,0.312
2009-05-26,5,1600,0.312
2009-05-27,5,1600,0.312
2009-06-01,5,1600,0.312
2009-06-02,5,1600,0.312
2009-06-03,4,1600,0.25
2009-06-04,4,1600,0.25
2009-06-05,3,1600,0.188
2009-06-08,2,1600,0.125
2009-06-09,3,1600,0.188
2009-06-10,3,1600,0.188
2009-06-11,2,1600,0.125
2009-06-12,3,1600,0.188
2009-06-15,4,1600,0.25
2009-06-16,3,1600,0.188
2009-06-17,3,1600,0.188
2009-06-18,3,1600,0.188
2009-06-19,2,1600,0.125
2009-06-22,2,1600,0.125
2009-06-23,2,1600,0.125
2009-06-24,2,1600,0.125
2009-06-25,2,1600,0.125
2009-06-26,2,1600,0.125
2009-06-29,1,1600,0.062
2009-06-30,1,1600,0.062
2009-07-01,3,1600,0.188
2009-07-02,1,1600,0.062
2009-07-03,1,1600,0.062
2009-07-06,1,1600,0.062
2009-07-07,1,1600,0.062
2009-07-08,1,1600,0.062
2009-07-09,1,1600,0.062
2009-07-10,1,1602,0.062
2009-07-13,1,1602,0.062
2009-07-14,1,1602,0.062
2009-07-15,1,1602,0.062
2009-07-16,1,1602,0.062
2009-07-17,1,1603,0.062
2009-07-20,1,1603,0.062
2009-07-21,1,1603,0.062
2009-07-22,1,1603,0.062
2009-07-23,1,1603,0.062
2009-07-24,1,1603,0.062
2009-07-27,1,1604,0.062
2009-07-28,1,1604,0.062
2009-07-29,1,1605,0.062
2009-07-30,1,1605,0.062
2009-07-31,1,1605,0.062
2009-08-03,1,1605,0.062
2009-08-04,1,1605,0.062
2009-08-05,1,1605,0.062
2009-08-06,1,1605,0.062
2009-08-07,1,1605,0.062
2009-08-10,1,1605,0.062
2009-08-11,1,1607,0.062
2009-08-12,1,1607,0.062
2009-08-13,1,1607,0.062
2009-08-14,1,1607,0.062
2009-08-17,1,1607,0.062
2009-08-18,2,1608,0.124
2009-08-19,2,1608,0.124
2009-08-20,3,1608,0.187
2009-08-21,3,1612,0.186
2009-08-24,2,1612,0.124
2009-08-25,2,1612,0.124
2009-08-26,2,1612,0.124
2009-08-27,1,1612,0.062
2009-08-28,1,1615,0.062
2009-08-31,1,1615,0.062
2009-09-01,3,1615,0.186
2009-09-02,3,1615,0.186
2009-09-03,3,1619,0.185
2009-09-04,2,1619,0.124
2009-09-07,2,1619,0.124
2009-09-08,1,1619,0.062
2009-09-09,1,1619,0.062
2009-09-10,1,1622,0.062
2009-09-11,2,1622,0.123
2009-09-14,0,1622,0.0
2009-09-15,0,1622,0.0
2009-09-16,0,1622,0.0
2009-09-17,0,1622,0.0
2009-09-18,0,1622,0.0
2009-09-21,0,1623,0.0
2009-09-22,0,1623,0.0
2009-09-23,0,1623,0.0
2009-09-24,0,1623,0.0
2009-09-25,1,1623,0.062
2009-09-28,0,1623,0.0
2009-09-29,1,1627,0.061
2009-09-30,1,1627,0.061
2009-10-09,1,1627,0.061
2009-10-12,1,1627,0.061
2009-10-13,1,1627,0.061
2009-10-14,1,1627,0.061
2009-10-15,1,1628,0.061
2009-10-16,1,1628,0.061
2009-10-19,1,1628,0.061
2009-10-20,1,1628,0.061
2009-10-21,0,1631,0.0
2009-10-22,1,1631,0.061
2009-10-23,0,1631,0.0
2009-10-26,0,1631,0.0
2009-10-27,0,1631,0.0
2009-10-28,1,1631,0.061
2009-10-29,0,1631,0.0
2009-10-30,0,1659,0.0
2009-11-02,0,1659,0.0
2009-11-03,0,1661,0.0
2009-11-04,0,1661,0.0
2009-11-05,0,1661,0.0
2009-11-06,0,1663,0.0
2009-11-09,0,1663,0.0
2009-11-10,0,1663,0.0
2009-11-11,0,1665,0.0
2009-11-12,0,1665,0.0
2009-11-13,0,1665,0.0
2009-11-16,0,1665,0.0
2009-11-17,0,1666,0.0
2009-11-18,0,1666,0.0
2009-11-19,0,1666,0.0
2009-11-20,0,1666,0.0
2009-11-23,0,1666,0.0
2009-11-24,0,1666,0.0
2009-11-25,0,1666,0.0
2009-11-26,0,1666,0.0
2009-11-27,0,1670,0.0
2009-11-30,0,1670,0.0
2009-12-01,0,1670,0.0
2009-12-02,0,1670,0.0
2009-12-03,0,1673,0.0
2009-12-04,0,1673,0.0
2009-12-07,0,1673,0.0
2009-12-08,0,1673,0.0
2009-12-09,0,1675,0.0
2009-12-10,0,1675,0.0
2009-12-11,0,1678,0.0
2009-12-14,0,1678,0.0
2009-12-15,0,1678,0.0
2009-12-16,0,1681,0.0
2009-12-17,0,1681,0.0
2009-12-18,0,1684,0.0
2009-12-21,0,1684,0.0
2009-12-22,0,1686,0.0
2009-12-23,0,1686,0.0
2009-12-24,0,1686,0.0
2009-12-25,0,1695,0.0
2009-12-28,0,1695,0.0
2009-12-29,0,1696,0.0
2009-12-30,0,1696,0.0
2009-12-31,0,1696,0.0
2010-01-04,1,1696,0.059
2010-01-05,1,1696,0.059
2010-01-06,1,1699,0.059
2010-01-07,1,1700,0.059
2010-01-08,1,1706,0.059
2010-01-11,1,1706,0.059
2010-01-12,1,1708,0.059
2010-01-13,1,1711,0.058
2010-01-14,1,1711,0.058
2010-01-15,1,1713,0.058
2010-01-18,1,1714,0.058
2010-01-19,1,1714,0.058
2010-01-20,1,1722,0.058
2010-01-21,1,1723,0.058
2010-01-22,1,1726,0.058
2010-01-25,1,1726,0.058
2010-01-26,0,1728,0.0
2010-01-27,0,1728,0.0
2010-01-28,0,1732,0.0
2010-01-29,0,1732,0.0
2010-02-01,0,1732,0.0
2010-02-02,0,1733,0.0
2010-02-03,0,1736,0.0
2010-02-04,0,1736,0.0
2010-02-05,0,1739,0.0
2010-02-08,0,1739,0.0
2010-02-09,0,1743,0.0
2010-02-10,0,1746,0.0
2010-02-11,0,1750,0.0
2010-02-12,0,1750,0.0
2010-02-22,0,1748,0.0
2010-02-23,0,1749,0.0
2010-02-24,0,1749,0.0
2010-02-25,0,1749,0.0
2010-02-26,0,1754,0.0
2010-03-01,0,1753,0.0
2010-03-02,0,1753,0.0
2010-03-03,0,1756,0.0
2010-03-04,0,1756,0.0
2010-03-05,0,1759,0.0
2010-03-08,0,1759,0.0
2010-03-09,0,1759,0.0
2010-03-10,0,1759,0.0
2010-03-11,0,1759,0.0
2010-03-12,0,1762,0.0
2010-03-15,0,1762,0.0
2010-03-16,0,1765,0.0
2010-03-17,0,1765,0.0
2010-03-18,0,1768,0.0
2010-03-19,0,1773,0.0
2010-03-22,0,1773,0.0
2010-03-23,0,1776,0.0
2010-03-24,0,1776,0.0
2010-03-25,0,1776,0.0
2010-03-26,0,1780,0.0
2010-03-29,0,1781,0.0
2010-03-30,0,1781,0.0
2010-03-31,0,1785,0.0
2010-04-01,0,1785,0.0
2010-04-02,0,1788,0.0
2010-04-06,0,1788,0.0
2010-04-07,0,1788,0.0
2010-04-08,0,1788,0.0
2010-04-09,0,1791,0.0
2010-04-12,0,1791,0.0
2010-04-13,0,1794,0.0
2010-04-14,0,1794,0.0
2010-04-15,0,1794,0.0
2010-04-16,0,1796,0.0
2010-04-19,0,1796,0.0
2010-04-20,0,1796,0.0
2010-04-21,0,1801,0.0
2010-04-22,0,1801,0.0
2010-04-23,0,1804,0.0
2010-04-26,0,1804,0.0
2010-04-27,0,1808,0.0
2010-04-28,1,1809,0.055
2010-04-29,0,1811,0.0
2010-04-30,0,1815,0.0
2010-05-04,0,1815,0.0
2010-05-05,1,1815,0.055
2010-05-06,1,1819,0.055
2010-05-07,2,1819,0.11
2010-05-10,2,1819,0.11
2010-05-11,2,1822,0.11
2010-05-12,2,1822,0.11
2010-05-13,2,1822,0.11
2010-05-14,2,1822,0.11
2010-05-17,2,1822,0.11
2010-05-18,5,1826,0.274
2010-05-19,4,1826,0.219
2010-05-20,5,1830,0.273
2010-05-21,5,1830,0.273
2010-05-24,4,1830,0.219
2010-05-25,2,1834,0.109
2010-05-26,3,1838,0.163
2010-05-27,4,1838,0.218
2010-05-28,3,1841,0.163
2010-05-31,4,1841,0.217
2010-06-01,6,1845,0.325
2010-06-02,5,1845,0.271
2010-06-03,5,1849,0.27
2010-06-04,5,1849,0.27
2010-06-07,5,1849,0.27
2010-06-08,6,1853,0.324
2010-06-09,5,1853,0.27
2010-06-10,5,1857,0.269
2010-06-11,5,1857,0.269
2010-06-17,5,1857,0.269
2010-06-18,5,1861,0.269
2010-06-21,7,1861,0.376
2010-06-22,5,1861,0.269
2010-06-23,5,1865,0.268
2010-06-24,5,1865,0.268
2010-06-25,5,1869,0.268
2010-06-28,5,1869,0.268
2010-06-29,6,1869,0.321
2010-06-30,8,1869,0.428
2010-07-01,7,1869,0.375
2010-07-02,8,1869,0.428
2010-07-05,8,1870,0.428
2010-07-06,8,1874,0.427
2010-07-07,7,1874,0.374
2010-07-08,7,1877,0.373
2010-07-09,7,1877,0.373
2010-07-12,6,1877,0.32
2010-07-13,6,1881,0.319
2010-07-14,7,1881,0.372
2010-07-15,7,1882,0.372
2010-07-16,7,1886,0.371
2010-07-19,6,1886,0.318
2010-07-20,4,1890,0.212
2010-07-21,4,1890,0.212
2010-07-22,4,1890,0.212
2010-07-23,4,1890,0.212
2010-07-26,4,1890,0.212
2010-07-27,4,1890,0.212
2010-07-28,4,1894,0.211
2010-07-29,2,1894,0.106
2010-07-30,3,1894,0.158
2010-08-02,3,1894,0.158
2010-08-03,2,1898,0.105
2010-08-04,3,1898,0.158
2010-08-05,3,1898,0.158
2010-08-06,4,1901,0.21
2010-08-09,3,1901,0.158
2010-08-10,3,1904,0.158
2010-08-11,4,1904,0.21
2010-08-12,4,1907,0.21
2010-08-13,4,1907,0.21
2010-08-16,4,1908,0.21
2010-08-17,3,1908,0.157
2010-08-18,3,1912,0.157
2010-08-19,3,1912,0.157
2010-08-20,3,1915,0.157
2010-08-23,4,1915,0.209
2010-08-24,4,1915,0.209
2010-08-25,3,1918,0.156
2010-08-26,4,1918,0.209
2010-08-27,4,1922,0.208
2010-08-30,4,1922,0.208
2010-08-31,4,1925,0.208
2010-09-01,4,1925,0.208
2010-09-02,4,1929,0.207
2010-09-03,4,1929,0.207
2010-09-06,4,1929,0.207
2010-09-07,2,1929,0.104
2010-09-08,2,1933,0.103
2010-09-09,2,1933,0.103
2010-09-10,3,1936,0.155
2010-09-13,3,1936,0.155
2010-09-14,3,1936,0.155
2010-09-15,3,1940,0.155
2010-09-16,3,1940,0.155
2010-09-17,3,1943,0.154
2010-09-20,3,1943,0.154
2010-09-21,3,1947,0.154
2010-09-27,3,1947,0.154
2010-09-28,3,1951,0.154
2010-09-29,4,1954,0.205
2010-09-30,3,1954,0.154
2010-10-08,3,1954,0.154
2010-10-11,3,1955,0.153
2010-10-12,3,1955,0.153
2010-10-13,3,1960,0.153
2010-10-14,3,1960,0.153
2010-10-15,3,1963,0.153
2010-10-18,2,1963,0.102
2010-10-19,2,1966,0.102
2010-10-20,2,1966,0.102
2010-10-21,3,1970,0.152
2010-10-22,2,1970,0.102
2010-10-25,3,1970,0.152
2010-10-26,2,1974,0.101
2010-10-27,3,1974,0.152
2010-10-28,2,1975,0.101
2010-10-29,2,1975,0.101
2010-11-01,2,1975,0.101
2010-11-02,2,1980,0.101
2010-11-03,2,1980,0.101
2010-11-04,2,1980,0.101
2010-11-05,2,1983,0.101
2010-11-08,2,1983,0.101
2010-11-09,2,1987,0.101
2010-11-10,2,1987,0.101
2010-11-11,2,1987,0.101
2010-11-12,2,1991,0.1
2010-11-15,3,1992,0.151
2010-11-16,3,1992,0.151
2010-11-17,3,1995,0.15
2010-11-18,3,1998,0.15
2010-11-19,3,1998,0.15
2010-11-22,3,1998,0.15
2010-11-23,3,2001,0.15
2010-11-24,5,2001,0.25
2010-11-25,4,2004,0.2
2010-11-26,3,2004,0.15
2010-11-29,4,2004,0.2
2010-11-30,5,2004,0.25
2010-12-01,5,2004,0.25
2010-12-02,5,2004,0.25
2010-12-03,5,2008,0.249
2010-12-06,5,2009,0.249
2010-12-07,5,2013,0.248
2010-12-08,5,2013,0.248
2010-12-09,5,2016,0.248
2010-12-10,4,2020,0.198
2010-12-13,4,2020,0.198
2010-12-14,4,2020,0.198
2010-12-15,3,2024,0.148
2010-12-16,4,2024,0.198
2010-12-17,4,2026,0.197
2010-12-20,3,2026,0.148
2010-12-21,4,2026,0.197
2010-12-22,4,2029,0.197
2010-12-23,4,2029,0.197
2010-12-24,4,2032,0.197
2010-12-27,4,2032,0.197
2010-12-28,5,2033,0.246
2010-12-29,6,2036,0.295
2010-12-30,5,2036,0.246
2010-12-31,5,2041,0.245
2011-01-04,5,2041,0.245
2011-01-05,5,2041,0.245
2011-01-06,5,2041,0.245
2011-01-07,5,2047,0.244
2011-01-10,5,2049,0.244
2011-01-11,5,2051,0.244
2011-01-12,4,2051,0.195
2011-01-13,4,2057,0.194
2011-01-14,4,2057,0.194
2011-01-17,4,2057,0.194
2011-01-18,6,2062,0.291
2011-01-19,6,2062,0.291
2011-01-20,6,2062,0.291
2011-01-21,7,2062,0.339
2011-01-24,6,2062,0.291
2011-01-25,7,2067,0.339
2011-01-26,7,2067,0.339
2011-01-27,6,2068,0.29
2011-01-28,5,2072,0.241
2011-01-31,5,2072,0.241
2011-02-01,4,2079,0.192
2011-02-09,4,2079,0.192
2011-02-10,5,2079,0.241
2011-02-11,4,2081,0.192
2011-02-14,3,2081,0.144
2011-02-15,3,2086,0.144
2011-02-16,3,2086,0.144
2011-02-17,3,2086,0.144
2011-02-18,3,2090,0.144
2011-02-21,4,2089,0.191
2011-02-22,3,2095,0.143
2011-02-23,3,2095,0.143
2011-02-24,3,2095,0.143
2011-02-25,3,2099,0.143
2011-02-28,3,2099,0.143
2011-03-01,3,2100,0.143
2011-03-02,3,2105,0.143
2011-03-03,3,2108,0.142
2011-03-04,3,2108,0.142
2011-03-07,3,2108,0.142
2011-03-08,3,2111,0.142
2011-03-09,3,2112,0.142
2011-03-10,3,2114,0.142
2011-03-11,3,2115,0.142
2011-03-14,3,2115,0.142
2011-03-15,3,2115,0.142
2011-03-16,3,2119,0.142
2011-03-17,3,2120,0.142
2011-03-18,2,2122,0.094
2011-03-21,2,2122,0.094
2011-03-22,2,2125,0.094
2011-03-23,2,2124,0.094
2011-03-24,2,2124,0.094
2011-03-25,2,2126,0.094
2011-03-28,2,2126,0.094
2011-03-29,2,2129,0.094
2011-03-30,2,2129,0.094
2011-03-31,2,2129,0.094
2011-04-01,3,2129,0.141
2011-04-06,3,2129,0.141
2011-04-07,2,2133,0.094
2011-04-08,2,2133,0.094
2011-04-11,2,2133,0.094
2011-04-12,1,2137,0.047
2011-04-13,0,2137,0.0
2011-04-14,1,2137,0.047
2011-04-15,1,2140,0.047
2011-04-18,1,2140,0.047
2011-04-19,0,2140,0.0
2011-04-20,1,2140,0.047
2011-04-21,1,2143,0.047
2011-04-22,1,2146,0.047
2011-04-25,1,2146,0.047
2011-04-26,1,2149,0.047
2011-04-27,1,2149,0.047
2011-04-28,1,2153,0.046
2011-04-29,2,2153,0.093
2011-05-03,1,2153,0.046
2011-05-04,1,2153,0.046
2011-05-05,2,2156,0.093
2011-05-06,1,2159,0.046
2011-05-09,1,2160,0.046
2011-05-10,2,2160,0.093
2011-05-11,1,2163,0.046
2011-05-12,1,2163,0.046
2011-05-13,2,2163,0.092
2011-05-16,2,2163,0.092
2011-05-17,2,2163,0.092
2011-05-18,2,2167,0.092
2011-05-19,2,2167,0.092
2011-05-20,2,2170,0.092
2011-05-23,3,2170,0.138
2011-05-24,4,2170,0.184
2011-05-25,4,2173,0.184
2011-05-26,5,2173,0.23
2011-05-27,5,2175,0.23
2011-05-30,5,2176,0.23
2011-05-31,5,2179,0.229
2011-06-01,4,2179,0.184
2011-06-02,4,2183,0.183
2011-06-03,4,2184,0.183
2011-06-07,4,2184,0.183
2011-06-08,4,2187,0.183
2011-06-09,4,2187,0.183
2011-06-10,6,2191,0.274
2011-06-13,5,2191,0.228
2011-06-14,5,2191,0.228
2011-06-15,5,2195,0.228
2011-06-16,5,2195,0.228
2011-06-17,5,2195,0.228
2011-06-20,6,2195,0.273
2011-06-21,6,2196,0.273
2011-06-22,5,2200,0.227
2011-06-23,5,2200,0.227
2011-06-24,5,2200,0.227
2011-06-27,5,2200,0.227
2011-06-28,5,2202,0.227
2011-06-29,5,2205,0.227
2011-06-30,5,2207,0.227
2011-07-01,7,2207,0.317
2011-07-04,7,2207,0.317
2011-07-05,6,2207,0.272
2011-07-06,6,2210,0.271
2011-07-07,7,2213,0.316
2011-07-08,7,2213,0.316
2011-07-11,6,2213,0.271
2011-07-12,6,2216,0.271
2011-07-13,7,2216,0.316
2011-07-14,6,2216,0.271
2011-07-15,5,2219,0.225
2011-07-18,5,2219,0.225
2011-07-19,5,2222,0.225
2011-07-20,6,2222,0.27
2011-07-21,6,2222,0.27
2011-07-22,6,2222,0.27
2011-07-25,6,2222,0.27
2011-07-26,7,2222,0.315
2011-07-27,7,2222,0.315
2011-07-28,6,2225,0.27
2011-07-29,6,2227,0.269
2011-08-01,7,2227,0.314
2011-08-02,7,2227,0.314
2011-08-03,6,2230,0.269
2011-08-04,6,2230,0.269
2011-08-05,6,2232,0.269
2011-08-08,6,2233,0.269
2011-08-09,13,2233,0.582
2011-08-10,14,2236,0.626
2011-08-11,13,2236,0.581
2011-08-12,11,2237,0.492
2011-08-15,8,2239,0.357
2011-08-16,7,2240,0.312
2011-08-17,8,2240,0.357
2011-08-18,8,2243,0.357
2011-08-19,12,2247,0.534
2011-08-22,13,2247,0.579
2011-08-23,13,2247,0.579
2011-08-24,12,2246,0.534
2011-08-25,12,2246,0.534
2011-08-26,8,2247,0.356
2011-08-29,8,2247,0.356
2011-08-30,12,2250,0.533
2011-08-31,12,2251,0.533
2011-09-01,12,2251,0.533
2011-09-02,12,2251,0.533
2011-09-05,16,2251,0.711
2011-09-06,17,2253,0.755
2011-09-07,17,2253,0.755
2011-09-08,15,2254,0.665
2011-09-09,16,2256,0.709
2011-09-13,16,2256,0.709
2011-09-14,15,2256,0.665
2011-09-15,13,2256,0.576
2011-09-16,15,2260,0.664
2011-09-19,16,2261,0.708
2011-09-20,17,2264,0.751
2011-09-21,17,2264,0.751
2011-09-22,14,2264,0.618
2011-09-23,17,2264,0.751
2011-09-26,17,2264,0.751
2011-09-27,18,2267,0.794
2011-09-28,18,2268,0.794
2011-09-29,18,2272,0.792
2011-09-30,19,2272,0.836
2011-10-10,21,2272,0.924
2011-10-11,22,2272,0.968
2011-10-12,21,2274,0.923
2011-10-13,18,2275,0.791
2011-10-14,17,2275,0.747
2011-10-17,19,2275,0.835
2011-10-18,19,2277,0.834
2011-10-19,21,2277,0.922
2011-10-20,23,2277,1.01
2011-10-21,25,2277,1.098
2011-10-24,25,2277,1.098
2011-10-25,23,2277,1.01
2011-10-26,21,2279,0.921
2011-10-27,20,2279,0.878
2011-10-28,19,2282,0.833
2011-10-31,19,2282,0.833
2011-11-01,19,2282,0.833
2011-11-02,19,2285,0.832
2011-11-03,17,2289,0.743
2011-11-04,16,2289,0.699
2011-11-07,15,2290,0.655
2011-11-08,17,2290,0.742
2011-11-09,18,2290,0.786
2011-11-10,16,2290,0.699
2011-11-11,20,2293,0.872
2011-11-14,20,2293,0.872
2011-11-15,17,2294,0.741
2011-11-16,17,2294,0.741
2011-11-17,19,2294,0.828
2011-11-18,20,2294,0.872
2011-11-21,21,2294,0.915
2011-11-22,20,2296,0.871
2011-11-23,20,2297,0.871
2011-11-24,21,2297,0.914
2011-11-25,20,2301,0.869
2011-11-28,20,2301,0.869
2011-11-29,21,2301,0.913
2011-11-30,20,2302,0.869
2011-12-01,26,2302,1.129
2011-12-02,24,2302,1.043
2011-12-05,25,2304,1.085
2011-12-06,30,2304,1.302
2011-12-07,30,2304,1.302
2011-12-08,29,2306,1.258
2011-12-09,28,2306,1.214
2011-12-12,31,2307,1.344
2011-12-13,31,2307,1.344
2011-12-14,35,2307,1.517
2011-12-15,39,2307,1.691
2011-12-16,43,2309,1.862
2011-12-19,40,2309,1.732
2011-12-20,40,2312,1.73
2011-12-21,41,2312,1.773
2011-12-22,43,2314,1.858
2011-12-23,45,2314,1.945
2011-12-26,41,2314,1.772
2011-12-27,41,2314,1.772
2011-12-28,47,2316,2.029
2011-12-29,47,2320,2.026
2011-12-30,50,2320,2.155
2012-01-04,42,2320,1.81
2012-01-05,58,2320,2.5
2012-01-06,66,2323,2.841
2012-01-09,61,2323,2.626
2012-01-10,53,2325,2.28
2012-01-11,39,2325,1.677
2012-01-12,40,2325,1.72
2012-01-13,41,2327,1.762
2012-01-16,48,2329,2.061
2012-01-17,54,2330,2.318
2012-01-18,40,2330,1.717
2012-01-19,47,2331,2.016
2012-01-20,41,2331,1.759
2012-01-30,38,2331,1.63
2012-01-31,41,2331,1.759
2012-02-01,44,2332,1.887
2012-02-02,45,2332,1.93
2012-02-03,43,2332,1.844
2012-02-06,39,2332,1.672
2012-02-07,38,2332,1.63
2012-02-08,41,2332,1.758
2012-02-09,38,2333,1.629
2012-02-10,35,2333,1.5
2012-02-13,34,2333,1.457
2012-02-14,34,2333,1.457
2012-02-15,33,2333,1.414
2012-02-16,29,2337,1.241
2012-02-17,31,2339,1.325
2012-02-20,32,2340,1.368
2012-02-21,30,2340,1.282
2012-02-22,30,2340,1.282
2012-02-23,28,2341,1.196
2012-02-24,25,2341,1.068
2012-02-27,21,2341,0.897
2012-02-28,21,2343,0.896
2012-02-29,21,2343,0.896
2012-03-01,24,2343,1.024
2012-03-02,23,2342,0.982
2012-03-05,20,2342,0.854
2012-03-06,22,2342,0.939
2012-03-07,24,2342,1.025
2012-03-08,25,2344,1.067
2012-03-09,26,2348,1.107
2012-03-12,24,2348,1.022
2012-03-13,22,2348,0.937
2012-03-14,22,2348,0.937
2012-03-15,28,2351,1.191
2012-03-16,32,2355,1.359
2012-03-19,29,2359,1.229
2012-03-20,28,2359,1.187
2012-03-21,29,2361,1.228
2012-03-22,30,2361,1.271
2012-03-23,29,2361,1.228
2012-03-26,29,2361,1.228
2012-03-27,31,2363,1.312
2012-03-28,31,2363,1.312
2012-03-29,37,2368,1.562
2012-03-30,39,2368,1.647
2012-04-05,38,2368,1.605
2012-04-06,38,2368,1.605
2012-04-09,37,2368,1.562
2012-04-10,40,2370,1.688
2012-04-11,37,2371,1.561
2012-04-12,35,2371,1.476
2012-04-13,34,2371,1.434
2012-04-16,33,2374,1.39
2012-04-17,32,2374,1.348
2012-04-18,35,2374,1.474
2012-04-19,31,2374,1.306
2012-04-20,32,2374,1.348
2012-04-23,31,2375,1.305
2012-04-24,31,2375,1.305
2012-04-25,32,2378,1.346
2012-04-26,30,2381,1.26
2012-04-27,30,2382,1.259
2012-05-02,31,2382,1.301
2012-05-03,30,2384,1.258
2012-05-04,30,2384,1.258
2012-05-07,30,2386,1.257
2012-05-08,30,2388,1.256
2012-05-09,29,2388,1.214
2012-05-10,34,2388,1.424
2012-05-11,34,2391,1.422
2012-05-14,35,2391,1.464
2012-05-15,35,2391,1.464
2012-05-16,35,2391,1.464
2012-05-17,35,2391,1.464
2012-05-18,31,2392,1.296
2012-05-21,30,2393,1.254
2012-05-22,31,2393,1.295
2012-05-23,31,2396,1.294
2012-05-24,30,2396,1.252
2012-05-25,33,2399,1.376
2012-05-28,35,2399,1.459
2012-05-29,32,2400,1.333
2012-05-30,29,2401,1.208
2012-05-31,29,2401,1.208
2012-06-01,31,2404,1.29
2012-06-04,32,2404,1.331
2012-06-05,37,2407,1.537
2012-06-06,36,2407,1.496
2012-06-07,35,2407,1.454
2012-06-08,38,2409,1.577
2012-06-11,38,2410,1.577
2012-06-12,37,2415,1.532
2012-06-13,36,2417,1.489
2012-06-14,36,2417,1.489
2012-06-15,37,2417,1.531
2012-06-18,35,2417,1.448
2012-06-19,35,2420,1.446
2012-06-20,35,2420,1.446
2012-06-21,36,2420,1.488
2012-06-25,37,2420,1.529
2012-06-26,42,2420,1.736
2012-06-27,43,2420,1.777
2012-06-28,44,2423,1.816
2012-06-29,45,2423,1.857
2012-07-02,43,2423,1.775
2012-07-03,46,2424,1.898
2012-07-04,45,2424,1.856
2012-07-05,45,2425,1.856
2012-07-06,49,2426,2.02
2012-07-09,46,2426,1.896
2012-07-10,59,2428,2.43
2012-07-11,61,2428,2.512
2012-07-12,60,2428,2.471
2012-07-13,57,2430,2.346
2012-07-16,59,2430,2.428
2012-07-17,70,2432,2.878
2012-07-18,65,2434,2.671
2012-07-19,64,2434,2.629
2012-07-20,65,2434,2.671
2012-07-23,67,2434,2.753
2012-07-24,70,2434,2.876
2012-07-25,68,2434,2.794
2012-07-26,70,2438,2.871
2012-07-27,73,2438,2.994
2012-07-30,72,2438,2.953
2012-07-31,75,2441,3.073
2012-08-01,79,2444,3.232
2012-08-02,77,2444,3.151
2012-08-03,78,2444,3.191
2012-08-06,75,2444,3.069
2012-08-07,74,2445,3.027
2012-08-08,70,2448,2.859
2012-08-09,72,2448,2.941
2012-08-10,69,2449,2.817
2012-08-13,70,2449,2.858
2012-08-14,73,2449,2.981
2012-08-15,73,2449,2.981
2012-08-16,74,2450,3.02
2012-08-17,74,2454,3.015
2012-08-20,74,2454,3.015
2012-08-21,74,2455,3.014
2012-08-22,72,2455,2.933
2012-08-23,74,2455,3.014
2012-08-24,70,2456,2.85
2012-08-27,74,2456,3.013
2012-08-28,76,2456,3.094
2012-08-29,76,2456,3.094
2012-08-30,79,2456,3.217
2012-08-31,84,2456,3.42
2012-09-03,82,2456,3.339
2012-09-04,80,2456,3.257
2012-09-05,84,2459,3.416
2012-09-06,86,2460,3.496
2012-09-07,81,2460,3.293
2012-09-10,67,2460,2.724
2012-09-11,66,2462,2.681
2012-09-12,67,2463,2.72
2012-09-13,66,2463,2.68
2012-09-14,68,2463,2.761
2012-09-17,67,2463,2.72
2012-09-18,76,2463,3.086
2012-09-19,80,2463,3.248
2012-09-20,76,2465,3.083
2012-09-21,90,2466,3.65
2012-09-24,89,2466,3.609
2012-09-25,89,2466,3.609
2012-09-26,89,2466,3.609
2012-09-27,92,2468,3.728
2012-09-28,85,2468,3.444
2012-10-08,78,2468,3.16
2012-10-09,83,2470,3.36
2012-10-10,76,2470,3.077
2012-10-11,74,2472,2.994
2012-10-12,76,2472,3.074
2012-10-15,75,2472,3.034
2012-10-16,77,2472,3.115
2012-10-17,75,2472,3.034
2012-10-18,76,2472,3.074
2012-10-19,73,2472,2.953
2012-10-22,73,2472,2.953
2012-10-23,71,2472,2.872
2012-10-24,72,2472,2.913
2012-10-25,66,2472,2.67
2012-10-26,69,2472,2.791
2012-10-29,72,2472,2.913
2012-10-30,75,2472,3.034
2012-10-31,76,2472,3.074
2012-11-01,79,2472,3.196
2012-11-02,71,2473,2.871
2012-11-05,67,2473,2.709
2012-11-06,69,2473,2.79
2012-11-07,73,2473,2.952
2012-11-08,73,2473,2.952
2012-11-09,82,2473,3.316
2012-11-12,81,2473,3.275
2012-11-13,77,2473,3.114
2012-11-14,84,2473,3.397
2012-11-15,81,2473,3.275
2012-11-16,93,2473,3.761
2012-11-19,96,2473,3.882
2012-11-20,96,2473,3.882
2012-11-21,97,2473,3.922
2012-11-22,89,2473,3.599
2012-11-23,94,2473,3.801
2012-11-26,91,2473,3.68
2012-11-27,94,2473,3.801
2012-11-28,113,2473,4.569
2012-11-29,131,2473,5.297
2012-11-30,134,2473,5.419
2012-12-03,127,2473,5.135
2012-12-04,137,2473,5.54
2012-12-05,127,2473,5.135
2012-12-06,102,2473,4.125
2012-12-07,100,2473,4.044
2012-12-10,86,2473,3.478
2012-12-11,76,2473,3.073
2012-12-12,81,2473,3.275
2012-12-13,81,2473,3.275
2012-12-14,89,2473,3.599
2012-12-17,64,2473,2.588
2012-12-18,63,2473,2.548
2012-12-19,66,2473,2.669
2012-12-20,65,2473,2.628
2012-12-21,65,2473,2.628
2012-12-24,68,2473,2.75
2012-12-25,63,2473,2.548
2012-12-26,56,2473,2.264
2012-12-27,56,2473,2.264
2012-12-28,57,2473,2.305
2012-12-31,53,2473,2.143
2013-01-04,55,2473,2.224
2013-01-07,54,2473,2.184
2013-01-08,53,2473,2.143
2013-01-09,54,2473,2.184
2013-01-10,56,2473,2.264
2013-01-11,56,2473,2.264
2013-01-14,62,2473,2.507
2013-01-15,52,2473,2.103
2013-01-16,50,2473,2.022
2013-01-17,51,2473,2.062
2013-01-18,53,2473,2.143
2013-01-21,49,2473,1.981
2013-01-22,48,2473,1.941
2013-01-23,47,2473,1.901
2013-01-24,48,2473,1.941
2013-01-25,52,2473,2.103
2013-01-28,52,2473,2.103
2013-01-29,47,2473,1.901
2013-01-30,47,2473,1.901
2013-01-31,43,2473,1.739
2013-02-01,43,2473,1.739
2013-02-04,43,2473,1.739
2013-02-05,42,2473,1.698
2013-02-06,40,2473,1.617
2013-02-07,39,2473,1.577
2013-02-08,37,2473,1.496
2013-02-18,36,2472,1.456
2013-02-19,40,2472,1.618
2013-02-20,42,2472,1.699
2013-02-21,42,2472,1.699
2013-02-22,48,2472,1.942
2013-02-25,48,2472,1.942
2013-02-26,49,2472,1.982
2013-02-27,52,2472,2.104
2013-02-28,52,2472,2.104
2013-03-01,44,2472,1.78
2013-03-04,46,2472,1.861
2013-03-05,58,2472,2.346
2013-03-06,53,2472,2.144
2013-03-07,51,2472,2.063
2013-03-08,52,2472,2.104
2013-03-11,54,2472,2.184
2013-03-12,52,2472,2.104
2013-03-13,56,2472,2.265
2013-03-14,60,2472,2.427
2013-03-15,60,2472,2.427
2013-03-18,60,2472,2.427
2013-03-19,67,2472,2.71
2013-03-20,62,2472,2.508
2013-03-21,54,2472,2.184
2013-03-22,53,2472,2.144
2013-03-25,53,2472,2.144
2013-03-26,53,2472,2.144
2013-03-27,56,2472,2.265
2013-03-28,56,2471,2.266
2013-03-29,66,2471,2.671
2013-04-01,68,2471,2.752
2013-04-02,72,2471,2.914
2013-04-03,72,2471,2.914
2013-04-08,71,2471,2.873
2013-04-09,75,2471,3.035
2013-04-10,72,2471,2.914
2013-04-11,75,2471,3.035
2013-04-12,75,2471,3.035
2013-04-15,75,2471,3.035
2013-04-16,82,2471,3.318
2013-04-17,78,2471,3.157
2013-04-18,81,2471,3.278
2013-04-19,81,2471,3.278
2013-04-22,71,2471,2.873
2013-04-23,70,2471,2.833
2013-04-24,84,2471,3.399
2013-04-25,79,2471,3.197
2013-04-26,85,2471,3.44
2013-05-02,86,2470,3.482
2013-05-03,84,2470,3.401
2013-05-06,79,2470,3.198
2013-05-07,74,2470,2.996
2013-05-08,75,2470,3.036
2013-05-09,76,2470,3.077
2013-05-10,78,2470,3.158
2013-05-13,78,2470,3.158
2013-05-14,73,2470,2.955
2013-05-15,78,2470,3.158
2013-05-16,78,2470,3.158
2013-05-17,73,2470,2.955
2013-05-20,63,2470,2.551
2013-05-21,62,2470,2.51
2013-05-22,61,2470,2.47
2013-05-23,62,2470,2.51
2013-05-24,67,2470,2.713
2013-05-27,65,2470,2.632
2013-05-28,66,2470,2.672
2013-05-29,61,2470,2.47
2013-05-30,59,2470,2.389
2013-05-31,60,2470,2.429
2013-06-03,65,2470,2.632
2013-06-04,64,2470,2.591
2013-06-05,75,2470,3.036
2013-06-06,74,2470,2.996
2013-06-07,81,2470,3.279
2013-06-13,83,2470,3.36
2013-06-14,100,2470,4.049
2013-06-17,96,2470,3.887
2013-06-18,98,2470,3.968
2013-06-19,97,2470,3.927
2013-06-20,99,2470,4.008
2013-06-21,108,2470,4.372
2013-06-24,112,2470,4.534
2013-06-25,149,2470,6.032
2013-06-26,159,2470,6.437
2013-06-27,157,2470,6.356
2013-06-28,164,2470,6.64
2013-07-01,157,2470,6.356
2013-07-02,153,2470,6.194
2013-07-03,151,2470,6.113
2013-07-04,157,2470,6.356
2013-07-05,149,2470,6.032
2013-07-08,144,2470,5.83
2013-07-09,168,2470,6.802
2013-07-10,167,2470,6.761
2013-07-11,153,2470,6.194
2013-07-12,128,2470,5.182
2013-07-15,144,2470,5.83
2013-07-16,135,2469,5.468
2013-07-17,129,2469,5.225
2013-07-18,139,2469,5.63
2013-07-19,145,2469,5.873
2013-07-22,161,2469,6.521
2013-07-23,155,2469,6.278
2013-07-24,143,2469,5.792
2013-07-25,146,2469,5.913
2013-07-26,148,2469,5.994
2013-07-29,153,2469,6.197
2013-07-30,162,2469,6.561
2013-07-31,159,2469,6.44
2013-08-01,159,2469,6.44
2013-08-02,151,2469,6.116
2013-08-05,149,2469,6.035
2013-08-06,139,2469,5.63
2013-08-07,139,2469,5.63
2013-08-08,139,2469,5.63
2013-08-09,138,2469,5.589
2013-08-12,134,2469,5.427
2013-08-13,127,2469,5.144
2013-08-14,120,2469,4.86
2013-08-15,126,2468,5.105
2013-08-16,126,2468,5.105
2013-08-19,132,2468,5.348
2013-08-20,126,2468,5.105
2013-08-21,130,2468,5.267
2013-08-22,126,2468,5.105
2013-08-23,128,2468,5.186
2013-08-26,132,2468,5.348
2013-08-27,127,2468,5.146
2013-08-28,115,2468,4.66
2013-08-29,115,2468,4.66
2013-08-30,114,2468,4.619
2013-09-02,111,2468,4.498
2013-09-03,106,2468,4.295
2013-09-04,99,2468,4.011
2013-09-05,100,2468,4.052
2013-09-06,107,2468,4.335
2013-09-09,102,2468,4.133
2013-09-10,91,2468,3.687
2013-09-11,85,2468,3.444
2013-09-12,81,2468,3.282
2013-09-13,79,2468,3.201
2013-09-16,86,2468,3.485
2013-09-17,87,2468,3.525
2013-09-18,96,2469,3.888
2013-09-23,91,2468,3.687
2013-09-24,90,2468,3.647
2013-09-25,88,2468,3.566
2013-09-26,91,2468,3.687
2013-09-27,97,2468,3.93
2013-09-30,97,2468,3.93
2013-10-08,103,2468,4.173
2013-10-09,98,2468,3.971
2013-10-10,97,2468,3.93
2013-10-11,98,2468,3.971
2013-10-14,92,2468,3.728
2013-10-15,88,2468,3.566
2013-10-16,92,2468,3.728
2013-10-17,97,2468,3.93
2013-10-18,98,2468,3.971
2013-10-21,96,2468,3.89
2013-10-22,93,2468,3.768
2013-10-23,94,2468,3.809
2013-10-24,102,2468,4.133
2013-10-25,105,2468,4.254
2013-10-28,112,2468,4.538
2013-10-29,110,2468,4.457
2013-10-30,123,2468,4.984
2013-10-31,115,2468,4.66
2013-11-01,114,2468,4.619
2013-11-04,115,2468,4.66
2013-11-05,113,2468,4.579
2013-11-06,112,2468,4.538
2013-11-07,115,2468,4.66
2013-11-08,117,2468,4.741
2013-11-11,116,2468,4.7
2013-11-12,116,2468,4.7
2013-11-13,114,2468,4.619
2013-11-14,121,2468,4.903
2013-11-15,119,2468,4.822
2013-11-18,111,2468,4.498
2013-11-19,106,2468,4.295
2013-11-20,105,2468,4.254
2013-11-21,101,2468,4.092
2013-11-22,98,2468,3.971
2013-11-25,98,2468,3.971
2013-11-26,101,2468,4.092
2013-11-27,102,2468,4.133
2013-11-28,99,2468,4.011
2013-11-29,97,2468,3.93
2013-12-02,96,2468,3.89
2013-12-03,101,2468,4.092
2013-12-04,95,2468,3.849
2013-12-05,88,2468,3.566
2013-12-06,90,2468,3.647
2013-12-09,92,2468,3.728
2013-12-10,90,2468,3.647
2013-12-11,88,2468,3.566
2013-12-12,97,2468,3.93
2013-12-13,96,2468,3.89
2013-12-16,95,2468,3.849
2013-12-17,103,2468,4.173
2013-12-18,102,2468,4.133
2013-12-19,103,2469,4.172
2013-12-20,104,2469,4.212
2013-12-23,118,2469,4.779
2013-12-24,119,2469,4.82
2013-12-25,117,2469,4.739
2013-12-26,116,2469,4.698
2013-12-27,123,2469,4.982
2013-12-30,118,2469,4.779
2013-12-31,117,2469,4.739
2014-01-02,121,2469,4.901
2014-01-03,126,2469,5.103
2014-01-06,128,2469,5.184
2014-01-07,137,2469,5.549
2014-01-08,138,2469,5.589
2014-01-09,141,2469,5.711
2014-01-10,145,2469,5.873
2014-01-13,155,2469,6.278
2014-01-14,153,2469,6.197
2014-01-15,144,2469,5.832
2014-01-16,149,2469,6.035
2014-01-17,145,2470,5.87
2014-01-20,156,2470,6.316
2014-01-21,158,2478,6.376
2014-01-22,153,2479,6.172
2014-01-23,133,2487,5.348
2014-01-24,135,2488,5.426
2014-01-27,133,2496,5.329
2014-01-28,136,2505,5.429
2014-01-29,135,2512,5.374
2014-01-30,136,2512,5.414
2014-02-07,139,2512,5.533
2014-02-10,137,2513,5.452
2014-02-11,125,2514,4.972
2014-02-12,125,2514,4.972
2014-02-13,120,2514,4.773
2014-02-14,125,2514,4.972
2014-02-17,122,2514,4.853
2014-02-18,118,2514,4.694
2014-02-19,123,2517,4.887
2014-02-20,118,2517,4.688
2014-02-21,118,2517,4.688
2014-02-24,127,2517,5.046
2014-02-25,136,2517,5.403
2014-02-26,141,2517,5.602
2014-02-27,141,2517,5.602
2014-02-28,143,2517,5.681
2014-03-03,140,2517,5.562
2014-03-04,137,2517,5.443
2014-03-05,136,2517,5.403
2014-03-06,136,2517,5.403
2014-03-07,132,2517,5.244
2014-03-10,135,2517,5.364
2014-03-11,156,2517,6.198
2014-03-12,146,2517,5.801
2014-03-13,144,2517,5.721
2014-03-14,141,2517,5.602
2014-03-17,144,2517,5.721
2014-03-18,141,2517,5.602
2014-03-19,140,2517,5.562
2014-03-20,139,2517,5.522
2014-03-21,144,2517,5.721
2014-03-24,131,2517,5.205
2014-03-25,119,2517,4.728
2014-03-26,122,2517,4.847
2014-03-27,126,2517,5.006
2014-03-28,128,2517,5.085
2014-03-31,129,2517,5.125
2014-04-01,140,2517,5.562
2014-04-02,139,2517,5.522
2014-04-03,133,2517,5.284
2014-04-04,138,2517,5.483
2014-04-08,137,2517,5.443
2014-04-09,127,2517,5.046
2014-04-10,125,2517,4.966
2014-04-11,121,2517,4.807
2014-04-14,125,2517,4.966
2014-04-15,125,2517,4.966
2014-04-16,128,2517,5.085
2014-04-17,129,2517,5.125
2014-04-18,131,2517,5.205
2014-04-21,129,2517,5.125
2014-04-22,136,2517,5.403
2014-04-23,134,2517,5.324
2014-04-24,135,2517,5.364
2014-04-25,134,2517,5.324
2014-04-28,142,2517,5.642
2014-04-29,151,2517,5.999
2014-04-30,146,2517,5.801
2014-05-05,141,2517,5.602
2014-05-06,145,2517,5.761
2014-05-07,144,2517,5.721
2014-05-08,152,2517,6.039
2014-05-09,148,2517,5.88
2014-05-12,151,2517,5.999
2014-05-13,136,2517,5.403
2014-05-14,133,2517,5.284
2014-05-15,136,2517,5.403
2014-05-16,146,2517,5.801
2014-05-19,141,2517,5.602
2014-05-20,149,2517,5.92
2014-05-21,150,2517,5.959
2014-05-22,146,2517,5.801
2014-05-23,146,2517,5.801
2014-05-26,139,2517,5.522
2014-05-27,139,2517,5.522
2014-05-28,139,2517,5.522
2014-05-29,137,2517,5.443
2014-05-30,142,2517,5.642
2014-06-03,144,2517,5.721
2014-06-04,144,2517,5.721
2014-06-05,155,2517,6.158
2014-06-06,145,2516,5.763
2014-06-09,153,2516,6.081
2014-06-10,154,2516,6.121
2014-06-11,144,2516,5.723
2014-06-12,143,2516,5.684
2014-06-13,143,2516,5.684
2014-06-16,142,2516,5.644
2014-06-17,138,2516,5.485
2014-06-18,142,2516,5.644
2014-06-19,148,2516,5.882
2014-06-20,161,2516,6.399
2014-06-23,160,2516,6.359
2014-06-24,157,2516,6.24
2014-06-25,156,2516,6.2
2014-06-26,158,2519,6.272
2014-06-27,154,2519,6.114
2014-06-30,151,2520,5.992
2014-07-01,146,2521,5.791
2014-07-02,145,2524,5.745
2014-07-03,145,2525,5.743
2014-07-04,139,2525,5.505
2014-07-07,142,2525,5.624
2014-07-08,141,2525,5.584
2014-07-09,138,2525,5.465
2014-07-10,148,2525,5.861
2014-07-11,146,2525,5.782
2014-07-14,141,2525,5.584
2014-07-15,134,2525,5.307
2014-07-16,133,2525,5.267
2014-07-17,131,2525,5.188
2014-07-18,131,2526,5.186
2014-07-21,126,2526,4.988
2014-07-22,136,2526,5.384
2014-07-23,126,2526,4.988
2014-07-24,125,2526,4.949
2014-07-25,119,2526,4.711
2014-07-28,113,2526,4.473
2014-07-29,105,2526,4.157
2014-07-30,102,2526,4.038
2014-07-31,102,2529,4.033
2014-08-01,99,2534,3.907
2014-08-04,102,2534,4.025
2014-08-05,95,2535,3.748
2014-08-06,94,2535,3.708
2014-08-07,95,2535,3.748
2014-08-08,99,2536,3.904
2014-08-11,100,2536,3.943
2014-08-12,96,2536,3.785
2014-08-13,95,2536,3.746
2014-08-14,95,2536,3.746
2014-08-15,96,2536,3.785
2014-08-18,93,2536,3.667
2014-08-19,89,2536,3.509
2014-08-20,90,2536,3.549
2014-08-21,88,2536,3.47
2014-08-22,92,2537,3.626
2014-08-25,88,2538,3.467
2014-08-26,91,2538,3.586
2014-08-27,94,2538,3.704
2014-08-28,98,2538,3.861
2014-08-29,102,2538,4.019
2014-09-01,96,2538,3.783
2014-09-02,95,2538,3.743
2014-09-03,87,2538,3.428
2014-09-04,87,2538,3.428
2014-09-05,83,2539,3.269
2014-09-09,79,2540,3.11
2014-09-10,79,2544,3.105
2014-09-11,80,2544,3.145
2014-09-12,81,2546,3.181
2014-09-15,76,2546,2.985
2014-09-16,73,2546,2.867
2014-09-17,78,2546,3.064
2014-09-18,73,2546,2.867
2014-09-19,72,2546,2.828
2014-09-22,69,2546,2.71
2014-09-23,76,2546,2.985
2014-09-24,73,2546,2.867
2014-09-25,69,2546,2.71
2014-09-26,70,2547,2.748
2014-09-29,69,2548,2.708
2014-09-30,68,2549,2.668
2014-10-08,70,2549,2.746
2014-10-09,68,2554,2.662
2014-10-10,65,2558,2.541
2014-10-13,66,2559,2.579
2014-10-14,65,2559,2.54
2014-10-15,65,2560,2.539
2014-10-16,63,2560,2.461
2014-10-17,67,2560,2.617
2014-10-20,72,2560,2.812
2014-10-21,70,2560,2.734
2014-10-22,72,2560,2.812
2014-10-23,73,2560,2.852
2014-10-24,80,2560,3.125
2014-10-27,79,2560,3.086
2014-10-28,81,2560,3.164
2014-10-29,71,2560,2.773
2014-10-30,64,2563,2.497
2014-10-31,63,2564,2.457
2014-11-03,60,2564,2.34
2014-11-04,56,2567,2.182
2014-11-05,47,2568,1.83
2014-11-06,54,2569,2.102
2014-11-07,50,2570,1.946
2014-11-10,57,2570,2.218
2014-11-11,49,2571,1.906
2014-11-12,53,2571,2.061
2014-11-13,48,2571,1.867
2014-11-14,47,2571,1.828
2014-11-17,54,2571,2.1
2014-11-18,52,2571,2.023
2014-11-19,56,2571,2.178
2014-11-20,57,2571,2.217
2014-11-21,56,2571,2.178
2014-11-24,49,2571,1.906
2014-11-25,45,2571,1.75
2014-11-26,43,2571,1.673
2014-11-27,40,2572,1.555
2014-11-28,38,2572,1.477
2014-12-01,31,2572,1.205
2014-12-02,30,2572,1.166
2014-12-03,23,2578,0.892
2014-12-04,22,2579,0.853
2014-12-05,18,2581,0.697
2014-12-08,21,2581,0.814
2014-12-09,17,2582,0.658
2014-12-10,22,2582,0.852
2014-12-11,19,2583,0.736
2014-12-12,16,2583,0.619
2014-12-15,16,2583,0.619
2014-12-16,17,2583,0.658
2014-12-17,15,2583,0.581
2014-12-18,14,2583,0.542
2014-12-19,17,2583,0.658
2014-12-22,10,2583,0.387
2014-12-23,9,2583,0.348
2014-12-24,14,2583,0.542
2014-12-25,15,2583,0.581
2014-12-26,15,2583,0.581
2014-12-29,10,2585,0.387
2014-12-30,9,2588,0.348
2014-12-31,12,2593,0.463
2015-01-05,8,2593,0.309
2015-01-06,7,2593,0.27
2015-01-07,6,2593,0.231
2015-01-08,6,2593,0.231
2015-01-09,9,2593,0.347
2015-01-12,10,2593,0.386
2015-01-13,11,2593,0.424
2015-01-14,12,2593,0.463
2015-01-15,12,2593,0.463
2015-01-16,9,2593,0.347
2015-01-19,9,2593,0.347
2015-01-20,21,2594,0.81
2015-01-21,16,2598,0.616
2015-01-22,10,2604,0.384
2015-01-23,10,2607,0.384
2015-01-26,12,2610,0.46
2015-01-27,10,2612,0.383
2015-01-28,10,2614,0.383
2015-01-29,11,2615,0.421
2015-01-30,11,2615,0.421
2015-02-02,12,2615,0.459
2015-02-03,15,2615,0.574
2015-02-04,14,2615,0.535
2015-02-05,13,2615,0.497
2015-02-06,14,2615,0.535
2015-02-09,16,2615,0.612
2015-02-10,16,2615,0.612
2015-02-11,16,2615,0.612
2015-02-12,15,2615,0.574
2015-02-13,14,2615,0.535
2015-02-16,13,2618,0.497
2015-02-17,12,2632,0.456
2015-02-25,13,2633,0.494
2015-02-26,12,2635,0.455
2015-02-27,12,2636,0.455
2015-03-02,11,2638,0.417
2015-03-03,9,2639,0.341
2015-03-04,11,2639,0.417
2015-03-05,11,2639,0.417
2015-03-06,16,2639,0.606
2015-03-09,13,2639,0.493
2015-03-10,10,2639,0.379
2015-03-11,10,2639,0.379
2015-03-12,10,2639,0.379
2015-03-13,9,2639,0.341
2015-03-16,10,2639,0.379
2015-03-17,8,2639,0.303
2015-03-18,7,2640,0.265
2015-03-19,6,2648,0.227
2015-03-20,6,2653,0.226
2015-03-23,6,2654,0.226
2015-03-24,2,2658,0.075
2015-03-25,4,2660,0.15
2015-03-26,5,2663,0.188
2015-03-27,5,2663,0.188
2015-03-30,3,2663,0.113
2015-03-31,2,2663,0.075
2015-04-01,4,2663,0.15
2015-04-02,3,2663,0.113
2015-04-03,3,2663,0.113
2015-04-07,3,2663,0.113
2015-04-08,3,2663,0.113
2015-04-09,2,2663,0.075
2015-04-10,2,2663,0.075
2015-04-13,1,2663,0.038
2015-04-14,1,2663,0.038
2015-04-15,1,2663,0.038
2015-04-16,1,2663,0.038
2015-04-17,1,2663,0.038
2015-04-20,1,2663,0.038
2015-04-21,1,2663,0.038
2015-04-22,1,2673,0.037
2015-04-23,1,2681,0.037
2015-04-24,1,2691,0.037
2015-04-27,1,2692,0.037
2015-04-28,1,2693,0.037
2015-04-29,1,2693,0.037
2015-04-30,1,2693,0.037
2015-05-04,1,2693,0.037
2015-05-05,1,2693,0.037
2015-05-06,1,2693,0.037
2015-05-07,1,2693,0.037
2015-05-08,2,2693,0.074
2015-05-11,1,2693,0.037
2015-05-12,1,2693,0.037
2015-05-13,1,2696,0.037
2015-05-14,1,2699,0.037
2015-05-15,1,2710,0.037
2015-05-18,1,2715,0.037
2015-05-19,2,2717,0.074
2015-05-20,1,2717,0.037
2015-05-21,1,2715,0.037
2015-05-22,1,2714,0.037
2015-05-25,1,2714,0.037
2015-05-26,1,2714,0.037
2015-05-27,1,2723,0.037
2015-05-28,1,2731,0.037
2015-05-29,1,2734,0.037
2015-06-01,1,2734,0.037
2015-06-02,0,2734,0.0
2015-06-03,0,2734,0.0
2015-06-04,0,2734,0.0
2015-06-05,0,2734,0.0
2015-06-08,0,2734,0.0
2015-06-09,0,2734,0.0
2015-06-10,0,2742,0.0
2015-06-11,0,2751,0.0
2015-06-12,0,2757,0.0
2015-06-15,0,2757,0.0
2015-06-16,0,2757,0.0
2015-06-17,0,2757,0.0
2015-06-18,0,2757,0.0
2015-06-19,0,2757,0.0
2015-06-23,1,2757,0.036
2015-06-24,1,2757,0.036
2015-06-25,1,2757,0.036
2015-06-26,1,2762,0.036
2015-06-29,1,2768,0.036
2015-06-30,1,2777,0.036
2015-07-01,1,2780,0.036
2015-07-02,1,2782,0.036
2015-07-03,3,2782,0.108
2015-07-06,8,2782,0.288
2015-07-07,7,2782,0.252
2015-07-08,16,2782,0.575
2015-07-09,24,2782,0.863
2015-07-10,15,2782,0.539
2015-07-13,7,2782,0.252
2015-07-14,1,2781,0.036
2015-07-15,2,2781,0.072
2015-07-16,8,2781,0.288
2015-07-17,5,2781,0.18
2015-07-20,1,2781,0.036
2015-07-21,1,2781,0.036
2015-07-22,1,2781,0.036
2015-07-23,1,2781,0.036
2015-07-24,1,2781,0.036
2015-07-27,1,2781,0.036
2015-07-28,9,2781,0.324
2015-07-29,7,2781,0.252
2015-07-30,6,2781,0.216
2015-07-31,8,2781,0.288
2015-08-03,7,2781,0.252
2015-08-04,5,2781,0.18
2015-08-05,3,2781,0.108
2015-08-06,4,2781,0.144
2015-08-07,6,2781,0.216
2015-08-10,3,2781,0.108
2015-08-11,1,2781,0.036
2015-08-12,1,2781,0.036
2015-08-13,2,2781,0.072
2015-08-14,1,2781,0.036
2015-08-17,2,2781,0.072
2015-08-18,1,2781,0.036
2015-08-19,9,2781,0.324
2015-08-20,5,2781,0.18
2015-08-21,8,2781,0.288
2015-08-24,13,2781,0.467
2015-08-25,23,2781,0.827
2015-08-26,41,2781,1.474
2015-08-27,45,2781,1.618
2015-08-28,31,2781,1.115
2015-08-31,23,2781,0.827
2015-09-01,23,2781,0.827
2015-09-02,23,2781,0.827
2015-09-07,25,2781,0.899
2015-09-08,31,2781,1.115
2015-09-09,23,2781,0.827
2015-09-10,19,2781,0.683
2015-09-11,23,2781,0.827
2015-09-14,23,2781,0.827
2015-09-15,32,2781,1.151
2015-09-16,49,2781,1.762
2015-09-17,30,2781,1.079
2015-09-18,36,2781,1.294
2015-09-21,37,2781,1.33
2015-09-22,29,2781,1.043
2015-09-23,26,2781,0.935
2015-09-24,36,2781,1.294
2015-09-25,30,2781,1.079
2015-09-28,34,2781,1.223
2015-09-29,34,2781,1.223
2015-09-30,39,2781,1.402
2015-10-08,37,2781,1.33
2015-10-09,33,2781,1.187
2015-10-12,28,2781,1.007
2015-10-13,17,2781,0.611
2015-10-14,17,2781,0.611
2015-10-15,22,2781,0.791
2015-10-16,17,2781,0.611
2015-10-19,17,2781,0.611
2015-10-20,17,2781,0.611
2015-10-21,17,2781,0.611
2015-10-22,21,2781,0.755
2015-10-23,20,2781,0.719
2015-10-26,17,2781,0.611
2015-10-27,16,2781,0.575
2015-10-28,16,2781,0.575
2015-10-29,18,2781,0.647
2015-10-30,18,2781,0.647
2015-11-02,22,2782,0.791
2015-11-03,27,2781,0.971
2015-11-04,29,2781,1.043
2015-11-05,16,2781,0.575
2015-11-06,15,2781,0.539
2015-11-09,14,2781,0.503
2015-11-10,12,2781,0.431
2015-11-11,11,2781,0.396
2015-11-12,12,2781,0.431
2015-11-13,14,2781,0.503
2015-11-16,15,2781,0.539
2015-11-17,13,2781,0.467
2015-11-18,14,2781,0.503
2015-11-19,15,2781,0.539
2015-11-20,13,2781,0.467
2015-11-23,13,2781,0.467
2015-11-24,13,2781,0.467
2015-11-25,13,2781,0.467
2015-11-26,13,2781,0.467
2015-11-27,13,2781,0.467
2015-11-30,24,2781,0.863
2015-12-01,23,2781,0.827
2015-12-02,22,2781,0.791
2015-12-03,16,2781,0.575
2015-12-04,14,2782,0.503
2015-12-07,16,2782,0.575
2015-12-08,16,2782,0.575
2015-12-09,24,2788,0.861
2015-12-10,24,2792,0.86
2015-12-11,25,2792,0.895
2015-12-14,26,2792,0.931
2015-12-15,18,2792,0.645
2015-12-16,21,2792,0.752
2015-12-17,19,2792,0.681
2015-12-18,15,2792,0.537
2015-12-21,15,2792,0.537
2015-12-22,15,2798,0.536
2015-12-23,14,2801,0.5
2015-12-24,15,2802,0.535
2015-12-25,15,2802,0.535
2015-12-28,15,2802,0.535
2015-12-29,18,2802,0.642
2015-12-30,16,2803,0.571
2015-12-31,16,2809,0.57
2016-01-04,16,2809,0.57
2016-01-05,30,2809,1.068
2016-01-06,30,2810,1.068
2016-01-07,14,2810,0.498
2016-01-08,28,2810,0.996
2016-01-11,19,2810,0.676
2016-01-12,25,2810,0.89
2016-01-13,28,2810,0.996
2016-01-14,30,2810,1.068
2016-01-15,25,2810,0.89
2016-01-18,34,2810,1.21
2016-01-19,37,2810,1.317
2016-01-20,33,2810,1.174
2016-01-21,36,2810,1.281
2016-01-22,38,2810,1.352
2016-01-25,36,2810,1.281
2016-01-26,33,2810,1.174
2016-01-27,45,2810,1.601
2016-01-28,51,2810,1.815
2016-01-29,59,2810,2.1
2016-02-01,53,2810,1.886
2016-02-02,61,2811,2.17
2016-02-03,52,2811,1.85
2016-02-04,53,2813,1.884
2016-02-05,47,2814,1.67
2016-02-15,49,2815,1.741
2016-02-16,53,2815,1.883
2016-02-17,41,2815,1.456
2016-02-18,39,2817,1.384
2016-02-19,38,2817,1.349
2016-02-22,37,2817,1.313
2016-02-23,34,2817,1.207
2016-02-24,34,2817,1.207
2016-02-25,33,2817,1.171
2016-02-26,49,2817,1.739
2016-02-29,45,2817,1.597
2016-03-01,54,2817,1.917
2016-03-02,46,2817,1.633
2016-03-03,38,2818,1.348
2016-03-04,39,2818,1.384
2016-03-07,36,2819,1.277
2016-03-08,34,2820,1.206
2016-03-09,35,2822,1.24
2016-03-10,40,2823,1.417
2016-03-11,42,2824,1.487
2016-03-14,42,2824,1.487
2016-03-15,38,2825,1.345
2016-03-16,37,2826,1.309
2016-03-17,39,2826,1.38
2016-03-18,35,2826,1.238
2016-03-21,32,2826,1.132
2016-03-22,31,2828,1.096
2016-03-23,34,2828,1.202
2016-03-24,33,2829,1.166
2016-03-25,34,2829,1.202
2016-03-28,34,2830,1.201
2016-03-29,34,2831,1.201
2016-03-30,37,2831,1.307
2016-03-31,32,2833,1.13
2016-04-01,33,2833,1.165
2016-04-05,33,2833,1.165
2016-04-06,31,2834,1.094
2016-04-07,31,2834,1.094
2016-04-08,32,2834,1.129
2016-04-11,32,2834,1.129
2016-04-12,29,2835,1.023
2016-04-13,27,2835,0.952
2016-04-14,25,2835,0.882
2016-04-15,25,2836,0.882
2016-04-18,25,2837,0.881
2016-04-19,26,2838,0.916
2016-04-20,26,2838,0.916
2016-04-21,31,2839,1.092
2016-04-22,30,2839,1.057
2016-04-25,30,2840,1.056
2016-04-26,30,2840,1.056
2016-04-27,29,2841,1.021
2016-04-28,31,2843,1.09
2016-04-29,32,2844,1.125
2016-05-03,32,2845,1.125
2016-05-04,32,2846,1.124
2016-05-05,32,2846,1.124
2016-05-06,32,2848,1.124
2016-05-09,34,2848,1.194
2016-05-10,45,2849,1.58
2016-05-11,44,2850,1.544
2016-05-12,45,2849,1.58
2016-05-13,46,2849,1.615
2016-05-16,48,2850,1.684
2016-05-17,46,2851,1.613
2016-05-18,46,2851,1.613
2016-05-19,52,2852,1.823
2016-05-20,53,2852,1.858
2016-05-23,48,2852,1.683
2016-05-24,46,2852,1.613
2016-05-25,47,2853,1.647
2016-05-26,48,2854,1.682
2016-05-27,47,2854,1.647
2016-05-30,48,2856,1.681
2016-05-31,50,2856,1.751
2016-06-01,42,2856,1.471
2016-06-02,42,2857,1.47
2016-06-03,40,2858,1.4
2016-06-06,42,2859,1.469
2016-06-07,42,2860,1.469
2016-06-08,41,2862,1.433
2016-06-13,43,2862,1.502
2016-06-14,50,2862,1.747
2016-06-15,51,2863,1.781
2016-06-16,47,2863,1.642
2016-06-17,47,2863,1.642
2016-06-20,46,2863,1.607
2016-06-21,47,2863,1.642
2016-06-22,49,2864,1.711
2016-06-23,44,2864,1.536
2016-06-24,47,2866,1.64
2016-06-27,52,2866,1.814
2016-06-28,50,2867,1.744
2016-06-29,47,2869,1.638
2016-06-30,44,2869,1.534
2016-07-01,46,2870,1.603
2016-07-04,45,2870,1.568
2016-07-05,39,2872,1.358
2016-07-06,37,2873,1.288
2016-07-07,38,2874,1.322
2016-07-08,38,2875,1.322
2016-07-11,39,2875,1.357
2016-07-12,39,2877,1.356
2016-07-13,35,2877,1.217
2016-07-14,34,2877,1.182
2016-07-15,34,2877,1.182
2016-07-18,32,2877,1.112
2016-07-19,35,2878,1.216
2016-07-20,37,2878,1.286
2016-07-21,38,2878,1.32
2016-07-22,38,2878,1.32
2016-07-25,40,2878,1.39
2016-07-26,39,2881,1.354
2016-07-27,38,2881,1.319
2016-07-28,40,2882,1.388
2016-07-29,39,2882,1.353
2016-08-01,39,2883,1.353
2016-08-02,39,2886,1.351
2016-08-03,40,2886,1.386
2016-08-04,37,2886,1.282
2016-08-05,39,2887,1.351
2016-08-08,40,2889,1.385
2016-08-09,35,2892,1.21
2016-08-10,35,2893,1.21
2016-08-11,36,2893,1.244
2016-08-12,37,2896,1.278
2016-08-15,32,2897,1.105
2016-08-16,29,2898,1.001
2016-08-17,29,2899,1.0
2016-08-18,28,2902,0.965
2016-08-19,29,2903,0.999
2016-08-22,28,2904,0.964
2016-08-23,29,2906,0.998
2016-08-24,29,2906,0.998
2016-08-25,30,2906,1.032
2016-08-26,29,2909,0.997
2016-08-29,30,2909,1.031
2016-08-30,31,2911,1.065
2016-08-31,31,2912,1.065
2016-09-01,31,2913,1.064
2016-09-02,32,2914,1.098
2016-09-05,33,2915,1.132
2016-09-06,33,2915,1.132
2016-09-07,31,2915,1.063
2016-09-08,31,2917,1.063
2016-09-09,30,2918,1.028
2016-09-12,31,2919,1.062
2016-09-13,35,2922,1.198
2016-09-14,34,2924,1.163
2016-09-19,35,2925,1.197
2016-09-20,34,2927,1.162
2016-09-21,34,2927,1.162
2016-09-22,33,2927,1.127
2016-09-23,32,2928,1.093
2016-09-26,32,2928,1.093
2016-09-27,35,2928,1.195
2016-09-28,34,2931,1.16
2016-09-29,34,2931,1.16
2016-09-30,34,2934,1.159
2016-10-10,34,2935,1.158
2016-10-11,30,2936,1.022
2016-10-12,29,2940,0.986
2016-10-13,30,2941,1.02
2016-10-14,30,2942,1.02
2016-10-17,30,2943,1.019
2016-10-18,31,2946,1.052
2016-10-19,30,2946,1.018
2016-10-20,29,2946,0.984
2016-10-21,29,2949,0.983
2016-10-24,28,2949,0.949
2016-10-25,26,2952,0.881
2016-10-26,24,2953,0.813
2016-10-27,26,2954,0.88
2016-10-28,26,2955,0.88
2016-10-31,29,2956,0.981
2016-11-01,29,2959,0.98
2016-11-02,29,2959,0.98
2016-11-03,29,2959,0.98
2016-11-04,29,2960,0.98
2016-11-07,30,2962,1.013
2016-11-08,27,2963,0.911
2016-11-09,29,2965,0.978
2016-11-10,29,2966,0.978
2016-11-11,25,2968,0.842
2016-11-14,24,2969,0.808
2016-11-15,19,2970,0.64
2016-11-16,21,2972,0.707
2016-11-17,20,2974,0.672
2016-11-18,20,2977,0.672
2016-11-21,22,2978,0.739
2016-11-22,21,2981,0.704
2016-11-23,21,2982,0.704
2016-11-24,21,2984,0.704
2016-11-25,21,2986,0.703
2016-11-28,21,2986,0.703
2016-11-29,20,2989,0.669
2016-11-30,20,2990,0.669
2016-12-01,24,2992,0.802
2016-12-02,24,2993,0.802
2016-12-05,25,2993,0.835
2016-12-06,26,2996,0.868
2016-12-07,27,2997,0.901
2016-12-08,25,3000,0.833
2016-12-09,24,3003,0.799
2016-12-12,23,3004,0.766
2016-12-13,26,3008,0.864
2016-12-14,24,3009,0.798
2016-12-15,25,3010,0.831
2016-12-16,26,3012,0.863
2016-12-19,26,3013,0.863
2016-12-20,24,3017,0.795
2016-12-21,27,3019,0.894
2016-12-22,27,3020,0.894
2016-12-23,26,3023,0.86
2016-12-26,26,3024,0.86
2016-12-27,26,3025,0.86
2016-12-28,27,3030,0.891
2016-12-29,26,3033,0.857
2016-12-30,27,3035,0.89
2017-01-03,27,3037,0.889
2017-01-04,26,3039,0.856
2017-01-05,25,3043,0.822
2017-01-06,25,3046,0.821
2017-01-09,24,3047,0.788
2017-01-10,23,3051,0.754
2017-01-11,22,3054,0.72
2017-01-12,24,3058,0.785
2017-01-13,26,3062,0.849
2017-01-16,27,3063,0.881
2017-01-17,28,3066,0.913
2017-01-18,28,3066,0.913
2017-01-19,27,3070,0.879
2017-01-20,27,3075,0.878
2017-01-23,24,3078,0.78
2017-01-24,23,3080,0.747
2017-01-25,23,3085,0.746
2017-01-26,23,3088,0.745
2017-02-03,22,3088,0.712
2017-02-06,23,3090,0.744
2017-02-07,23,3093,0.744
2017-02-08,23,3098,0.742
2017-02-09,23,3101,0.742
2017-02-10,23,3102,0.741
2017-02-13,23,3107,0.74
2017-02-14,20,3107,0.644
2017-02-15,21,3111,0.675
2017-02-16,20,3111,0.643
2017-02-17,17,3113,0.546
2017-02-20,22,3116,0.706
2017-02-21,17,3117,0.545
2017-02-22,17,3119,0.545
2017-02-23,15,3119,0.481
2017-02-24,16,3119,0.513
2017-02-27,17,3119,0.545
2017-02-28,20,3120,0.641
2017-03-01,20,3121,0.641
2017-03-02,20,3122,0.641
2017-03-03,21,3122,0.673
2017-03-06,22,3126,0.704
2017-03-07,21,3128,0.671
2017-03-08,20,3129,0.639
2017-03-09,21,3129,0.671
2017-03-10,24,3133,0.766
2017-03-13,24,3135,0.766
2017-03-14,21,3138,0.669
2017-03-15,21,3140,0.669
2017-03-16,21,3141,0.669
2017-03-17,20,3145,0.636
2017-03-20,24,3148,0.762
2017-03-21,22,3151,0.698
2017-03-22,22,3151,0.698
2017-03-23,22,3153,0.698
2017-03-24,22,3158,0.697
2017-03-27,20,3159,0.633
2017-03-28,23,3162,0.727
2017-03-29,24,3163,0.759
2017-03-30,24,3165,0.758
2017-03-31,24,3168,0.758
2017-04-05,24,3169,0.757
2017-04-06,22,3172,0.694
2017-04-07,20,3174,0.63
2017-04-10,20,3176,0.63
2017-04-11,18,3177,0.567
2017-04-12,18,3181,0.566
2017-04-13,19,3184,0.597
2017-04-14,19,3186,0.596
2017-04-17,20,3188,0.627
2017-04-18,22,3191,0.689
2017-04-19,23,3191,0.721
2017-04-20,24,3193,0.752
2017-04-21,24,3198,0.75
2017-04-24,23,3198,0.719
2017-04-25,28,3201,0.875
2017-04-26,28,3204,0.874
2017-04-27,27,3206,0.842
2017-04-28,29,3206,0.905
2017-05-02,30,3207,0.935
2017-05-03,32,3211,0.997
2017-05-04,34,3212,1.059
2017-05-05,35,3215,1.089
2017-05-08,36,3215,1.12
2017-05-09,36,3218,1.119
2017-05-10,36,3220,1.118
2017-05-11,40,3223,1.241
2017-05-12,40,3224,1.241
2017-05-15,40,3227,1.24
2017-05-16,40,3230,1.238
2017-05-17,37,3232,1.145
2017-05-18,35,3232,1.083
2017-05-19,36,3236,1.112
2017-05-22,35,3237,1.081
2017-05-23,39,3239,1.204
2017-05-24,41,3240,1.265
2017-05-25,41,3242,1.265
2017-05-26,29,3243,0.894
2017-05-31,29,3244,0.894
2017-06-01,33,3246,1.017
2017-06-02,33,3249,1.016
2017-06-05,31,3250,0.954
2017-06-06,29,3252,0.892
2017-06-07,28,3253,0.861
2017-06-08,26,3255,0.799
2017-06-09,26,3255,0.799
2017-06-12,26,3255,0.799
2017-06-13,29,3258,0.89
2017-06-14,27,3259,0.828
2017-06-15,27,3262,0.828
2017-06-16,27,3264,0.827
2017-06-19,27,3267,0.826
2017-06-20,27,3269,0.826
2017-06-21,28,3270,0.856
2017-06-22,27,3272,0.825
2017-06-23,27,3272,0.825
2017-06-26,30,3273,0.917
2017-06-27,27,3277,0.824
2017-06-28,28,3278,0.854
2017-06-29,27,3279,0.823
2017-06-30,27,3280,0.823
2017-07-03,28,3282,0.853
2017-07-04,24,3282,0.731
2017-07-05,24,3284,0.731
2017-07-06,22,3285,0.67
2017-07-07,22,3285,0.67
2017-07-10,21,3286,0.639
2017-07-11,20,3289,0.608
2017-07-12,22,3291,0.668
2017-07-13,22,3291,0.668
2017-07-14,21,3292,0.638
2017-07-17,20,3294,0.607
2017-07-18,21,3295,0.637
2017-07-19,18,3297,0.546
2017-07-20,16,3298,0.485
2017-07-21,17,3301,0.515
2017-07-24,18,3301,0.545
2017-07-25,14,3303,0.424
2017-07-26,17,3303,0.515
2017-07-27,18,3303,0.545
2017-07-28,18,3306,0.544
2017-07-31,16,3309,0.484
2017-08-01,16,3312,0.483
2017-08-02,14,3316,0.422
2017-08-03,13,3317,0.392
2017-08-04,13,3318,0.392
2017-08-07,14,3320,0.422
2017-08-08,12,3323,0.361
2017-08-09,12,3325,0.361
2017-08-10,13,3327,0.391
2017-08-11,15,3329,0.451
2017-08-14,17,3329,0.511
2017-08-15,17,3329,0.511
2017-08-16,17,3330,0.511
2017-08-17,18,3332,0.54
2017-08-18,17,3334,0.51
2017-08-21,16,3337,0.479
2017-08-22,16,3340,0.479
2017-08-23,17,3341,0.509
2017-08-24,18,3342,0.539
2017-08-25,17,3344,0.508
2017-08-28,14,3343,0.419
2017-08-29,14,3344,0.419
2017-08-30,14,3344,0.419
2017-08-31,12,3345,0.359
2017-09-01,14,3347,0.418
2017-09-04,14,3348,0.418
2017-09-05,12,3349,0.358
2017-09-06,13,3350,0.388
2017-09-07,15,3353,0.447
2017-09-08,15,3355,0.447
2017-09-11,15,3356,0.447
2017-09-12,13,3359,0.387
2017-09-13,14,3360,0.417
2017-09-14,12,3360,0.357
2017-09-15,13,3364,0.386
2017-09-18,13,3365,0.386
2017-09-19,14,3367,0.416
2017-09-20,14,3368,0.416
2017-09-21,14,3370,0.415
2017-09-22,13,3373,0.385
2017-09-25,13,3374,0.385
2017-09-26,14,3377,0.415
2017-09-27,15,3378,0.444
2017-09-28,15,3379,0.444
2017-09-29,15,3382,0.444
2017-10-09,14,3382,0.414
2017-10-10,14,3384,0.414
2017-10-11,13,3384,0.384
2017-10-12,13,3385,0.384
2017-10-13,13,3388,0.384
2017-10-16,13,3391,0.383
2017-10-17,13,3392,0.383
2017-10-18,13,3393,0.383
2017-10-19,14,3395,0.412
2017-10-20,17,3399,0.5
2017-10-23,16,3400,0.471
2017-10-24,18,3401,0.529
2017-10-25,16,3403,0.47
2017-10-26,16,3405,0.47
2017-10-27,18,3405,0.529
2017-10-30,17,3406,0.499
2017-10-31,19,3409,0.557
2017-11-01,22,3412,0.645
2017-11-02,22,3413,0.645
2017-11-03,23,3414,0.674
2017-11-06,23,3419,0.673
2017-11-07,24,3420,0.702
2017-11-08,22,3420,0.643
2017-11-09,23,3422,0.672
2017-11-10,21,3426,0.613
2017-11-13,23,3428,0.671
2017-11-14,22,3428,0.642
2017-11-15,23,3430,0.671
2017-11-16,23,3433,0.67
2017-11-17,25,3435,0.728
2017-11-20,27,3436,0.786
2017-11-21,26,3439,0.756
2017-11-22,27,3441,0.785
2017-11-23,25,3441,0.727
2017-11-24,28,3441,0.814
2017-11-27,28,3443,0.813
2017-11-28,29,3444,0.842
2017-11-29,27,3444,0.784
2017-11-30,25,3445,0.726
2017-12-01,28,3448,0.812
2017-12-04,25,3449,0.725
2017-12-05,28,3451,0.811
2017-12-06,32,3451,0.927
2017-12-07,32,3451,0.927
2017-12-08,32,3453,0.927
2017-12-11,30,3453,0.869
2017-12-12,30,3455,0.868
2017-12-13,32,3456,0.926
2017-12-14,31,3456,0.897
2017-12-15,30,3457,0.868
2017-12-18,32,3459,0.925
2017-12-19,33,3460,0.954
2017-12-20,30,3460,0.867
2017-12-21,34,3460,0.983
2017-12-22,36,3460,1.04
2017-12-25,35,3462,1.011
2017-12-26,36,3462,1.04
2017-12-27,34,3464,0.982
2017-12-28,33,3464,0.953
2017-12-29,32,3468,0.923
2018-01-02,32,3468,0.923
2018-01-03,31,3469,0.894
2018-01-04,30,3469,0.865
2018-01-05,29,3472,0.835
2018-01-08,27,3472,0.778
2018-01-09,25,3473,0.72
2018-01-10,26,3473,0.749
2018-01-11,26,3473,0.749
2018-01-12,27,3473,0.777
2018-01-15,25,3474,0.72
2018-01-16,28,3476,0.806
2018-01-17,25,3477,0.719
2018-01-18,26,3478,0.748
2018-01-19,22,3479,0.632
2018-01-22,23,3480,0.661
2018-01-23,24,3480,0.69
2018-01-24,22,3481,0.632
2018-01-25,22,3482,0.632
2018-01-26,22,3482,0.632
2018-01-29,23,3482,0.661
2018-01-30,25,3482,0.718
2018-01-31,27,3483,0.775
2018-02-01,33,3485,0.947
2018-02-02,41,3486,1.176
2018-02-05,40,3487,1.147
2018-02-06,38,3489,1.089
2018-02-07,46,3489,1.318
2018-02-08,46,3491,1.318
2018-02-09,51,3491,1.461
2018-02-12,67,3492,1.919
2018-02-13,55,3492,1.575
2018-02-14,56,3492,1.604
2018-02-22,54,3492,1.546
2018-02-23,49,3493,1.403
2018-02-26,49,3494,1.402
2018-02-27,45,3495,1.288
2018-02-28,43,3495,1.23
2018-03-01,46,3497,1.315
2018-03-02,42,3499,1.2
2018-03-05,45,3499,1.286
2018-03-06,44,3499,1.258
2018-03-07,45,3499,1.286
2018-03-08,44,3499,1.258
2018-03-09,43,3499,1.229
2018-03-12,43,3499,1.229
2018-03-13,42,3499,1.2
2018-03-14,42,3499,1.2
2018-03-15,42,3499,1.2
2018-03-16,43,3499,1.229
2018-03-19,44,3499,1.258
2018-03-20,46,3499,1.315
2018-03-21,46,3499,1.315
2018-03-22,47,3499,1.343
2018-03-23,48,3500,1.371
2018-03-26,67,3501,1.914
2018-03-27,63,3501,1.799
2018-03-28,59,3502,1.685
2018-03-29,63,3502,1.799
2018-03-30,56,3504,1.598
2018-04-02,59,3504,1.684
2018-04-03,58,3505,1.655
2018-04-04,62,3505,1.769
2018-04-09,61,3505,1.74
2018-04-10,62,3506,1.768
2018-04-11,59,3506,1.683
2018-04-12,56,3507,1.597
2018-04-13,61,3507,1.739
2018-04-16,62,3507,1.768
2018-04-17,64,3508,1.824
2018-04-18,69,3509,1.966
2018-04-19,71,3509,2.023
2018-04-20,68,3510,1.937
2018-04-23,75,3510,2.137
2018-04-24,77,3510,2.194
2018-04-25,71,3510,2.023
2018-04-26,71,3511,2.022
2018-04-27,78,3513,2.22
2018-05-02,77,3513,2.192
2018-05-03,83,3513,2.363
2018-05-04,81,3513,2.306
2018-05-07,81,3513,2.306
2018-05-08,74,3515,2.105
2018-05-09,73,3516,2.076
2018-05-10,74,3516,2.105
2018-05-11,74,3516,2.105
2018-05-14,75,3516,2.133
2018-05-15,77,3516,2.19
2018-05-16,75,3517,2.132
2018-05-17,77,3518,2.189
2018-05-18,77,3518,2.189
2018-05-21,74,3518,2.103
2018-05-22,71,3518,2.018
2018-05-23,71,3519,2.018
2018-05-24,75,3519,2.131
2018-05-25,75,3520,2.131
2018-05-28,83,3521,2.357
2018-05-29,87,3521,2.471
2018-05-30,89,3521,2.528
2018-05-31,108,3521,3.067
2018-06-01,103,3521,2.925
2018-06-04,106,3521,3.011
2018-06-05,108,3521,3.067
2018-06-06,103,3521,2.925
2018-06-07,99,3521,2.812
2018-06-08,102,3522,2.896
2018-06-11,116,3524,3.292
2018-06-12,118,3525,3.348
2018-06-13,112,3526,3.176
2018-06-14,122,3526,3.46
2018-06-15,127,3526,3.602
2018-06-19,138,3526,3.914
2018-06-20,191,3527,5.415
2018-06-21,189,3527,5.359
2018-06-22,207,3528,5.867
2018-06-25,197,3529,5.582
2018-06-26,199,3529,5.639
2018-06-27,193,3530,5.467
2018-06-28,195,3530,5.524
2018-06-29,204,3530,5.779
2018-07-02,186,3530,5.269
2018-07-03,200,3531,5.664
2018-07-04,196,3531,5.551
2018-07-05,203,3531,5.749
2018-07-06,226,3531,6.4
2018-07-09,222,3533,6.284
2018-07-10,205,3534,5.801
2018-07-11,204,3534,5.772
2018-07-12,220,3534,6.225
2018-07-13,201,3535,5.686
2018-07-16,198,3533,5.604
2018-07-17,201,3533,5.689
2018-07-18,199,3532,5.634
2018-07-19,203,3532,5.747
2018-07-20,212,3533,6.001
2018-07-23,202,3533,5.718
2018-07-24,195,3533,5.519
2018-07-25,178,3533,5.038
2018-07-26,174,3533,4.925
2018-07-27,167,3533,4.727
2018-07-30,172,3534,4.867
2018-07-31,181,3534,5.122
2018-08-01,176,3534,4.98
2018-08-02,196,3534,5.546
2018-08-03,206,3534,5.829
2018-08-06,218,3535,6.167
2018-08-07,224,3535,6.337
2018-08-08,204,3535,5.771
2018-08-09,209,3535,5.912
2018-08-10,194,3536,5.486
2018-08-13,197,3536,5.571
2018-08-14,198,3536,5.6
2018-08-15,198,3536,5.6
2018-08-16,212,3536,5.995
2018-08-17,219,3536,6.193
2018-08-20,237,3536,6.702
2018-08-21,239,3536,6.759
2018-08-22,227,3536,6.42
2018-08-23,240,3536,6.787
2018-08-24,239,3536,6.759
2018-08-27,234,3537,6.616
2018-08-28,219,3539,6.188
2018-08-29,218,3539,6.16
2018-08-30,222,3539,6.273
2018-08-31,235,3540,6.638
2018-09-03,246,3541,6.947
2018-09-04,250,3541,7.06
2018-09-05,235,3541,6.637
2018-09-06,252,3541,7.117
2018-09-07,255,3541,7.201
2018-09-10,242,3542,6.832
2018-09-11,264,3542,7.453
2018-09-12,265,3543,7.48
2018-09-13,260,3543,7.338
2018-09-14,245,3543,6.915
2018-09-17,255,3544,7.195
2018-09-18,273,3545,7.701
2018-09-19,252,3546,7.107
2018-09-20,238,3546,6.712
2018-09-21,241,3548,6.793
2018-09-25,226,3549,6.368
2018-09-26,232,3551,6.533
2018-09-27,228,3551,6.421
2018-09-28,243,3551,6.843
2018-10-08,241,3551,6.787
2018-10-09,272,3551,7.66
2018-10-10,272,3551,7.66
2018-10-11,265,3551,7.463
2018-10-12,390,3551,10.983
2018-10-15,403,3552,11.346
2018-10-16,429,3553,12.074
2018-10-17,462,3553,13.003
2018-10-18,444,3553,12.496
2018-10-19,496,3554,13.956
2018-10-22,458,3554,12.887
2018-10-23,389,3555,10.942
2018-10-24,416,3555,11.702
2018-10-25,406,3555,11.421
2018-10-26,408,3556,11.474
2018-10-29,391,3556,10.996
2018-10-30,426,3556,11.98
2018-10-31,400,3556,11.249
2018-11-01,394,3556,11.08
2018-11-02,388,3556,10.911
2018-11-05,363,3556,10.208
2018-11-06,345,3556,9.702
2018-11-07,349,3557,9.812
2018-11-08,356,3557,10.008
2018-11-09,353,3558,9.921
2018-11-12,355,3558,9.978
2018-11-14,280,3558,7.87
2018-11-15,278,3559,7.811
2018-11-16,261,3560,7.331
2018-11-19,252,3560,7.079
2018-11-20,243,3560,6.826
2018-11-21,277,3560,7.781
2018-11-22,262,3560,7.36
2018-11-23,266,3560,7.472
2018-11-26,340,3560,9.551
2018-11-27,333,3560,9.354
2018-11-28,323,3561,9.07
2018-11-29,308,3563,8.644
2018-11-30,340,3564,9.54
2018-12-03,330,3564,9.259
2018-12-04,290,3564,8.137
2018-12-05,280,3565,7.854
2018-12-06,291,3565,8.163
2018-12-07,316,3565,8.864
2018-12-10,310,3565,8.696
2018-12-11,341,3565,9.565
2018-12-12,332,3565,9.313
2018-12-13,327,3566,9.17
2018-12-14,316,3566,8.861
2018-12-17,346,3566,9.703
2018-12-18,349,3566,9.787
2018-12-19,357,3566,10.011
2018-12-20,372,3566,10.432
2018-12-21,369,3566,10.348
2018-12-24,380,3567,10.653
2018-12-25,377,3567,10.569
2018-12-26,401,3568,11.239
2018-12-27,403,3567,11.298
2018-12-28,426,3568,11.939
2019-01-02,421,3567,11.803
2019-01-03,431,3568,12.08
2019-01-04,419,3568,11.743
2019-01-07,387,3568,10.846
2019-01-08,366,3570,10.252
2019-01-09,358,3570,10.028
2019-01-10,358,3570,10.028
2019-01-11,355,3571,9.941
2019-01-14,342,3571,9.577
2019-01-15,349,3571,9.773
2019-01-16,337,3573,9.432
2019-01-17,339,3575,9.483
2019-01-18,356,3576,9.955
2019-01-21,341,3577,9.533
2019-01-22,334,3578,9.335
2019-01-23,351,3579,9.807
2019-01-24,353,3579,9.863
2019-01-25,357,3580,9.972
2019-01-28,367,3581,10.249
2019-01-29,385,3582,10.748
2019-01-30,399,3583,11.136
2019-01-31,420,3583,11.722
2019-02-01,451,3584,12.584
2019-02-11,411,3584,11.468
2019-02-12,375,3584,10.463
2019-02-13,357,3584,9.961
2019-02-14,339,3584,9.459
2019-02-15,333,3585,9.289
2019-02-18,334,3586,9.314
2019-02-19,289,3586,8.059
2019-02-20,289,3586,8.059
2019-02-21,279,3586,7.78
2019-02-22,283,3588,7.887
2019-02-25,250,3588,6.968
2019-02-26,199,3589,5.545
2019-02-27,193,3589,5.378
2019-02-28,188,3589,5.238
2019-03-01,184,3590,5.125
2019-03-04,175,3590,4.875
2019-03-05,161,3590,4.485
2019-03-06,148,3590,4.123
2019-03-07,132,3590,3.677
2019-03-08,124,3590,3.454
2019-03-11,166,3591,4.623
2019-03-12,136,3591,3.787
2019-03-13,126,3591,3.509
2019-03-14,138,3592,3.842
2019-03-15,152,3593,4.23
2019-03-18,133,3593,3.702
2019-03-20,122,3594,3.395
2019-03-21,118,3594,3.283
2019-03-22,113,3595,3.143
2019-03-25,110,3596,3.059
2019-03-26,121,3598,3.363
2019-03-27,147,3598,4.086
2019-03-28,142,3599,3.946
2019-03-29,152,3600,4.222
2019-04-01,136,3600,3.778
2019-04-02,108,3601,2.999
2019-04-03,106,3601,2.944
2019-04-04,99,3601,2.749
2019-04-08,97,3601,2.694
2019-04-09,97,3601,2.694
2019-04-10,100,3601,2.777
2019-04-11,97,3601,2.694
2019-04-12,103,3602,2.86
2019-04-15,106,3604,2.941
2019-04-16,106,3605,2.94
2019-04-17,101,3605,2.802
2019-04-18,100,3605,2.774
2019-04-19,99,3606,2.745
2019-04-22,95,3607,2.634
2019-04-23,101,3607,2.8
2019-04-24,109,3607,3.022
2019-04-25,102,3608,2.827
2019-04-26,124,3609,3.436
2019-04-29,146,3610,4.044
2019-04-30,175,3610,4.848
2019-05-07,210,3611,5.816
2019-05-09,226,3613,6.255
2019-05-10,206,3613,5.702
2019-05-13,218,3613,6.034
2019-05-15,206,3616,5.697
2019-05-16,194,3617,5.364
2019-05-17,228,3617,6.304
2019-05-20,236,3618,6.523
2019-05-21,222,3620,6.133
2019-05-22,228,3622,6.295
2019-05-23,250,3622,6.902
2019-05-24,248,3621,6.849
2019-05-27,224,3621,6.186
2019-05-28,226,3621,6.241
2019-05-29,230,3621,6.352
2019-05-30,237,3622,6.543
2019-05-31,234,3622,6.461
2019-06-03,260,3622,7.178
2019-06-04,277,3622,7.648
2019-06-05,274,3623,7.563
2019-06-06,303,3623,8.363
2019-06-10,290,3623,8.004
2019-06-11,240,3623,6.624
2019-06-12,253,3623,6.983
2019-06-13,243,3624,6.705
2019-06-14,270,3624,7.45
2019-06-17,259,3625,7.145
2019-06-18,264,3626,7.281
2019-06-19,248,3627,6.838
2019-06-20,224,3628,6.174
2019-06-21,214,3628,5.899
2019-06-24,215,3628,5.926
2019-06-25,222,3629,6.117
2019-06-26,226,3630,6.226
2019-06-27,221,3631,6.086
2019-06-28,235,3631,6.472
2019-07-01,210,3631,5.784
2019-07-02,210,3631,5.784
2019-07-03,212,3631,5.839
2019-07-04,208,3633,5.725
2019-07-05,210,3633,5.78
2019-07-08,247,3633,6.799
2019-07-09,247,3631,6.803
2019-07-10,254,3631,6.995
2019-07-11,253,3632,6.966
2019-07-12,251,3632,6.911
2019-07-15,243,3633,6.689
2019-07-16,242,3633,6.661
2019-07-17,242,3633,6.661
2019-07-18,268,3634,7.375
2019-07-19,262,3659,7.16
2019-07-22,286,3660,7.814
2019-07-23,283,3660,7.732
2019-07-24,268,3661,7.32
2019-07-25,268,3663,7.316
2019-07-26,271,3664,7.396
2019-07-29,270,3665,7.367
2019-07-30,266,3665,7.258
2019-07-31,277,3665,7.558
2019-08-01,281,3666,7.665
2019-08-02,307,3667,8.372
2019-08-05,317,3668,8.642
2019-08-06,367,3668,10.005
2019-08-07,363,3670,9.891
2019-08-08,353,3672,9.613
2019-08-09,372,3673,10.128
2019-08-12,349,3673,9.502
2019-08-13,368,3673,10.019
2019-08-14,360,3674,9.799
2019-08-15,359,3674,9.771
2019-08-16,357,3674,9.717
2019-08-19,318,3674,8.655
2019-08-20,321,3674,8.737
2019-08-21,316,3674,8.601
2019-08-22,310,3675,8.435
2019-08-23,316,3677,8.594
2019-08-26,334,3677,9.083
2019-08-27,313,3679,8.508
2019-08-28,308,3679,8.372
2019-08-29,316,3680,8.587
2019-08-30,330,3680,8.967
2019-09-02,305,3680,8.288
2019-09-03,305,3680,8.288
2019-09-04,291,3681,7.905
2019-09-05,283,3682,7.686
2019-09-06,282,3683,7.657
2019-09-09,268,3683,7.277
2019-09-10,267,3683,7.25
2019-09-11,270,3683,7.331
2019-09-12,260,3683,7.059
2019-09-16,261,3684,7.085
2019-09-17,283,3684,7.682
2019-09-18,286,3684,7.763
2019-09-19,283,3685,7.68
2019-09-20,282,3685,7.653
2019-09-23,294,3685,7.978
2019-09-24,293,3687,7.947
2019-09-25,317,3687,8.598
2019-09-26,339,3688,9.192
2019-09-27,331,3691,8.968
2019-09-30,348,3691,9.428
2019-10-08,342,3691,9.266
2019-10-09,327,3691,8.859
2019-10-10,321,3691,8.697
2019-10-11,308,3692,8.342
2019-10-14,291,3693,7.88
2019-10-15,299,3693,8.096
2019-10-16,309,3692,8.369
2019-10-17,313,3693,8.475
2019-10-18,331,3694,8.96
2019-10-21,338,3695,9.147
2019-10-22,327,3695,8.85
2019-10-23,335,3695,9.066
2019-10-24,328,3697,8.872
2019-10-25,322,3699,8.705
2019-10-28,306,3702,8.266
2019-10-29,328,3704,8.855
2019-10-30,343,3706,9.255
2019-10-31,363,3708,9.79
2019-11-01,346,3707,9.334
2019-11-04,346,3712,9.321
2019-11-05,347,3717,9.335
2019-11-06,359,3717,9.658
2019-11-07,354,3720,9.516
2019-11-08,356,3721,9.567
2019-11-11,393,3721,10.562
2019-11-12,381,3721,10.239
2019-11-13,390,3722,10.478
2019-11-14,391,3725,10.497
2019-11-15,403,3727,10.813
2019-11-18,391,3727,10.491
2019-11-19,370,3728,9.925
2019-11-20,378,3730,10.134
2019-11-21,374,3731,10.024
2019-11-22,378,3733,10.126
2019-11-25,358,3734,9.588
2019-11-26,364,3734,9.748
2019-11-27,367,3734,9.829
2019-11-28,376,3735,10.067
2019-11-29,370,3734,9.909
2019-12-02,372,3738,9.952
2019-12-03,365,3741,9.757
2019-12-04,367,3742,9.808
2019-12-05,357,3743,9.538
2019-12-06,357,3745,9.533
2019-12-09,352,3746,9.397
2019-12-10,355,3748,9.472
2019-12-11,357,3748,9.525
2019-12-12,363,3748,9.685
2019-12-13,348,3748,9.285
2019-12-16,332,3750,8.853
2019-12-17,322,3750,8.587
2019-12-18,319,3752,8.502
2019-12-19,313,3753,8.34
2019-12-20,320,3754,8.524
2019-12-23,339,3755,9.028
2019-12-24,324,3755,8.628
2019-12-25,328,3756,8.733
2019-12-26,322,3757,8.571
2019-12-27,322,3759,8.566
2019-12-30,315,3760,8.378
2019-12-31,310,3760,8.245
2020-01-02,294,3760,7.819
2020-01-03,294,3763,7.813
2020-01-06,288,3763,7.653
2020-01-07,280,3762,7.443
2020-01-08,294,3763,7.813
2020-01-09,286,3763,7.6
2020-01-10,293,3764,7.784
2020-01-13,284,3766,7.541
2020-01-14,288,3767,7.645
2020-01-15,296,3768,7.856
2020-01-16,311,3769,8.252
2020-01-17,316,3770,8.382
2020-01-20,308,3771,8.168
2020-01-21,323,3772,8.563
2020-01-22,327,3775,8.662
2020-01-23,364,3775,9.642
2020-02-03,466,3776,12.341
2020-02-04,487,3778,12.89
2020-02-05,467,3779,12.358
2020-02-06,444,3780,11.746
2020-02-07,435,3781,11.505
2020-02-10,410,3783,10.838
2020-02-11,421,3785,11.123
2020-02-12,407,3787,10.747
2020-02-13,419,3787,11.064
2020-02-14,422,3788,11.14
2020-02-17,395,3790,10.422
2020-02-18,378,3790,9.974
2020-02-19,382,3790,10.079
2020-02-20,367,3793,9.676
2020-02-21,358,3794,9.436
2020-02-24,360,3794,9.489
2020-02-25,374,3796,9.852
2020-02-26,366,3797,9.639
2020-02-27,359,3797,9.455
2020-02-28,397,3798,10.453
2020-03-02,358,3798,9.426
2020-03-03,344,3798,9.057
2020-03-04,334,3798,8.794
2020-03-05,311,3799,8.186
2020-03-06,314,3799,8.265
2020-03-09,345,3800,9.079
2020-03-10,328,3800,8.632
2020-03-11,335,3802,8.811
2020-03-12,351,3803,9.23
2020-03-13,356,3803,9.361
2020-03-16,376,3804,9.884
2020-03-17,381,3804,10.016
2020-03-18,406,3805,10.67
2020-03-19,409,3806,10.746
2020-03-20,396,3807,10.402
2020-03-23,436,3807,11.453
2020-03-24,411,3807,10.796
2020-03-25,388,3808,10.189
2020-03-26,400,3810,10.499
2020-03-27,400,3810,10.499
2020-03-30,412,3810,10.814
2020-03-31,412,3810,10.814
2020-04-01,421,3810,11.05
2020-04-02,407,3811,10.68
2020-04-03,413,3812,10.834
2020-04-07,390,3813,10.228
2020-04-08,381,3815,9.987
2020-04-09,383,3816,10.037
2020-04-10,400,3816,10.482
2020-04-13,410,3816,10.744
2020-04-14,392,3818,10.267
2020-04-15,404,3819,10.579
2020-04-16,397,3821,10.39
2020-04-17,398,3822,10.413
2020-04-20,395,3824,10.329
2020-04-21,400,3826,10.455
2020-04-22,390,3826,10.193
2020-04-23,393,3827,10.269
2020-04-24,407,3828,10.632
2020-04-27,401,3830,10.47
2020-04-28,424,3833,11.062
2020-04-29,419,3834,10.929
2020-04-30,392,3835,10.222
2020-05-06,381,3837,9.93
2020-05-07,386,3838,10.057
2020-05-08,384,3839,10.003
2020-05-11,376,3840,9.792
2020-05-12,388,3840,10.104
2020-05-13,388,3840,10.104
2020-05-14,395,3840,10.286
2020-05-15,395,3842,10.281
2020-05-18,392,3843,10.2
2020-05-19,388,3844,10.094
2020-05-20,399,3845,10.377
2020-05-21,405,3846,10.53
2020-05-22,420,3848,10.915
2020-05-25,423,3849,10.99
2020-05-26,408,3849,10.6
2020-05-27,409,3851,10.621
2020-05-28,410,3851,10.647
2020-05-29,402,3852,10.436
2020-06-01,381,3854,9.886
2020-06-02,373,3855,9.676
2020-06-03,366,3854,9.497
2020-06-04,367,3856,9.518
2020-06-05,373,3858,9.668
2020-06-08,369,3860,9.56
2020-06-09,365,3862,9.451
2020-06-10,370,3862,9.581
2020-06-11,384,3863,9.94
2020-06-12,384,3863,9.94
2020-06-15,385,3865,9.961
2020-06-16,374,3865,9.677
2020-06-17,372,3867,9.62
2020-06-18,365,3869,9.434
2020-06-19,366,3871,9.455
2020-06-22,363,3872,9.375
2020-06-23,376,3872,9.711
2020-06-24,374,3874,9.654
2020-06-29,381,3876,9.83
2020-06-30,371,3878,9.567
2020-07-01,368,3879,9.487
2020-07-02,346,3881,8.915
2020-07-03,324,3881,8.348
2020-07-06,284,3881,7.318
2020-07-07,284,3884,7.312
2020-07-08,268,3886,6.897
2020-07-09,254,3889,6.531
2020-07-10,269,3891,6.913
2020-07-13,249,3892,6.398
2020-07-14,243,3894,6.24
2020-07-15,271,3896,6.956
2020-07-16,298,3899,7.643
2020-07-17,300,3902,7.688
2020-07-20,269,3902,6.894
2020-07-21,267,3909,6.83
2020-07-22,272,3910,6.957
2020-07-23,277,3911,7.083
2020-07-24,301,3913,7.692
2020-07-27,305,3914,7.793
2020-07-28,297,3915,7.586
2020-07-29,288,3917,7.353
2020-07-30,285,3922,7.267
2020-07-31,283,3924,7.212
2020-08-03,259,3924,6.6
2020-08-04,262,3926,6.673
2020-08-05,257,3928,6.543
2020-08-06,261,3930,6.641
2020-08-07,271,3932,6.892
2020-08-10,260,3934,6.609
2020-08-11,272,3936,6.911
2020-08-12,264,3937,6.706
2020-08-13,266,3937,6.756
2020-08-14,256,3941,6.496
2020-08-19,248,3949,6.28
2020-08-20,251,3951,6.353
2020-08-21,247,3969,6.223
2020-08-24,252,3971,6.346
2020-08-25,254,3970,6.398
2020-08-26,275,3970,6.927
2020-08-27,259,3974,6.517
2020-08-28,257,3975,6.465
2020-08-31,260,3979,6.534
2020-09-01,260,3982,6.529
2020-09-02,259,3986,6.498
2020-09-03,261,3987,6.546
2020-09-04,265,3988,6.645
2020-09-07,268,3990,6.717
2020-09-08,256,3991,6.414
2020-09-09,263,3995,6.583
2020-09-10,286,3998,7.154
2020-09-11,281,3999,7.027
2020-09-14,275,4000,6.875
2020-09-15,275,4005,6.866
2020-09-16,278,4008,6.936
2020-09-17,279,4010,6.958
2020-09-18,267,4015,6.65
2020-09-21,272,4019,6.768
2020-09-22,282,4021,7.013
2020-09-23,281,4025,6.981
2020-09-24,299,4029,7.421
2020-09-25,302,4036,7.483
2020-09-28,308,4038,7.628
2020-09-29,310,4041,7.671
2020-09-30,315,4041,7.795
2020-10-09,294,4042,7.274
2020-10-12,274,4042,6.779
2020-10-13,275,4043,6.802
2020-10-14,287,4043,7.099
2020-10-15,288,4048,7.115
2020-10-16,282,4048,6.966
2020-10-19,289,4050,7.136
2020-10-20,284,4053,7.007
2020-10-21,288,4055,7.102
2020-10-22,292,4055,7.201
2020-10-23,299,4059,7.366
2020-10-26,301,4060,7.414
2020-10-27,310,4060,7.635
2020-10-28,308,4065,7.577
2020-10-29,316,4065,7.774
2020-10-30,346,4068,8.505
2020-11-02,349,4068,8.579
2020-11-03,330,4068,8.112
2020-11-04,332,4071,8.155
2020-11-05,320,4072,7.859
2020-11-06,322,4073,7.906
2020-11-09,313,4074,7.683
2020-11-10,314,4075,7.706
2020-11-11,315,4077,7.726
2020-11-12,312,4077,7.653
2020-11-13,316,4077,7.751
2020-11-16,300,4078,7.357
2020-11-17,303,4081,7.425
2020-11-18,301,4081,7.376
2020-11-19,300,4081,7.351
2020-11-20,296,4083,7.25
2020-11-23,288,4084,7.052
2020-11-24,285,4085,6.977
2020-11-25,295,4086,7.22
2020-11-26,291,4087,7.12
2020-11-27,291,4087,7.12
2020-11-30,295,4088,7.216
2020-12-01,287,4092,7.014
2020-12-02,280,4094,6.839
2020-12-03,287,4096,7.007
2020-12-04,288,4100,7.024
2020-12-07,292,4102,7.118
2020-12-08,298,4102,7.265
2020-12-09,320,4103,7.799
2020-12-10,316,4106,7.696
2020-12-11,330,4107,8.035
2020-12-14,331,4110,8.054
2020-12-16,346,4112,8.414
2020-12-17,331,4114,8.046
2020-12-18,335,4116,8.139
2020-12-21,328,4120,7.961
2020-12-22,345,4122,8.37
2020-12-23,335,4126,8.119
2020-12-24,349,4130,8.45
2020-12-25,338,4133,8.178
2020-12-28,343,4134,8.297
2020-12-29,346,4137,8.364
2020-12-30,343,4140,8.285
2020-12-31,335,4141,8.09
2021-01-04,334,4141,8.066
2021-01-05,337,4144,8.132
2021-01-06,351,4147,8.464
2021-01-07,368,4147,8.874
2021-01-08,370,4147,8.922
2021-01-11,391,4149,9.424
2021-01-12,393,4150,9.47
2021-01-13,406,4150,9.783
2021-01-14,400,4150,9.639
2021-01-15,391,4152,9.417
2021-01-18,382,4154,9.196
2021-01-19,376,4157,9.045
2021-01-20,379,4160,9.111
2021-01-21,383,4163,9.2
2021-01-22,390,4164,9.366
2021-01-25,409,4165,9.82
2021-01-26,410,4168,9.837
2021-01-27,417,4171,9.998
2021-01-28,428,4172,10.259
2021-01-29,444,4174,10.637
2021-02-01,442,4174,10.589
2021-02-02,441,4175,10.563
2021-02-03,454,4176,10.872
2021-02-04,468,4178,11.202
2021-02-05,477,4182,11.406
2021-02-08,470,4187,11.225
2021-02-09,459,4192,10.949
2021-02-10,457,4192,10.902
2021-02-18,417,4192,9.948
2021-02-19,391,4192,9.327
2021-02-22,384,4193,9.158
2021-02-23,385,4195,9.178
2021-02-24,386,4197,9.197
2021-02-25,388,4200,9.238
2021-02-26,391,4203,9.303
2021-03-01,379,4204,9.015
2021-03-02,383,4205,9.108
2021-03-03,362,4205,8.609
2021-03-04,366,4205,8.704
2021-03-05,366,4207,8.7
2021-03-08,367,4209,8.719
2021-03-09,377,4210,8.955
2021-03-10,397,4212,9.425
2021-03-11,375,4213,8.901
2021-03-12,364,4213,8.64
2021-03-15,360,4214,8.543
2021-03-16,343,4215,8.138
2021-03-17,348,4216,8.254
2021-03-18,354,4217,8.395
2021-03-19,356,4219,8.438
2021-03-22,339,4219,8.035
2021-03-23,359,4221,8.505
2021-03-24,356,4223,8.43
2021-03-25,364,4226,8.613
2021-03-26,353,4230,8.345
2021-03-29,349,4232,8.247
2021-03-30,361,4234,8.526
2021-03-31,354,4236,8.357
2021-04-01,349,4237,8.237
2021-04-02,353,4241,8.324
2021-04-06,348,4242,8.204
2021-04-07,339,4244,7.988
2021-04-08,350,4248,8.239
2021-04-09,339,4253,7.971
2021-04-12,338,4255,7.944
2021-04-13,347,4255,8.155
2021-04-14,346,4259,8.124
2021-04-15,338,4260,7.934
2021-04-16,318,4263,7.46
2021-04-19,316,4267,7.406
2021-04-20,320,4272,7.491
2021-04-21,329,4273,7.7
2021-04-22,327,4273,7.653
2021-04-23,333,4276,7.788
2021-04-26,335,4279,7.829
2021-04-27,341,4282,7.964
2021-04-28,338,4285,7.888
2021-04-29,328,4288,7.649
2021-04-30,344,4290,8.019
2021-05-06,335,4292,7.805
2021-05-07,324,4292,7.549
2021-05-10,321,4295,7.474
2021-05-11,317,4299,7.374
2021-05-12,317,4302,7.369
2021-05-13,328,4302,7.624
2021-05-14,314,4304,7.296
2021-05-17,326,4307,7.569
2021-05-18,323,4308,7.498
2021-05-19,328,4310,7.61
2021-05-20,339,4312,7.862
2021-05-21,332,4313,7.698
2021-05-24,328,4317,7.598
2021-05-25,326,4319,7.548
2021-05-26,323,4320,7.477
2021-05-27,321,4325,7.422
2021-05-28,321,4326,7.42
2021-05-31,323,4326,7.466
2021-06-01,319,4328,7.371
2021-06-02,324,4330,7.483
2021-06-03,321,4330,7.413
2021-06-04,323,4334,7.453
2021-06-07,320,4336,7.38
2021-06-08,314,4338,7.238
2021-06-09,312,4339,7.191
2021-06-10,315,4341,7.256
2021-06-11,313,4344,7.205
2021-06-15,319,4347,7.338
2021-06-16,328,4350,7.54
2021-06-17,325,4354,7.464
2021-06-18,322,4355,7.394
2021-06-21,322,4357,7.39
2021-06-22,316,4360,7.248
2021-06-23,313,4361,7.177
2021-06-24,312,4364,7.149
2021-06-25,305,4367,6.984
2021-06-28,314,4368,7.189
2021-06-29,317,4373,7.249
2021-06-30,317,4374,7.247
2021-07-01,323,4375,7.383
2021-07-02,324,4377,7.402
2021-07-05,318,4380,7.26
2021-07-06,316,4384,7.208
2021-07-07,314,4386,7.159
2021-07-08,318,4389,7.245
2021-07-09,316,4390,7.198
2021-07-12,316,4392,7.195
2021-07-13,313,4392,7.127
2021-07-14,315,4394,7.169
2021-07-15,317,4396,7.211
2021-07-16,317,4397,7.209
2021-07-19,321,4400,7.295
2021-07-20,326,4400,7.409
2021-07-21,317,4404,7.198
2021-07-22,309,4405,7.015
2021-07-23,318,4407,7.216
2021-07-26,337,4408,7.645
2021-07-27,348,4410,7.891
2021-07-28,366,4413,8.294
2021-07-29,357,4416,8.084
2021-07-30,358,4418,8.103
2021-08-02,348,4419,7.875
2021-08-03,345,4422,7.802
2021-08-04,342,4426,7.727
2021-08-05,349,4427,7.883
2021-08-06,346,4427,7.816
2021-08-09,340,4428,7.678
2021-08-10,330,4431,7.448
2021-08-11,325,4434,7.33
2021-08-12,321,4437,7.235
2021-08-13,320,4440,7.207
2021-08-16,316,4440,7.117
2021-08-17,327,4444,7.358
2021-08-18,319,4446,7.175
2021-08-19,326,4447,7.331
2021-08-20,327,4449,7.35
2021-08-23,319,4452,7.165
2021-08-24,315,4452,7.075
2021-08-25,310,4453,6.962
2021-08-26,304,4454,6.825
2021-08-27,306,4454,6.87
2021-08-30,313,4455,7.026
2021-08-31,305,4457,6.843
2021-09-01,302,4457,6.776
2021-09-02,288,4457,6.462
2021-09-03,286,4460,6.413
2021-09-06,279,4462,6.253
2021-09-07,269,4464,6.026
2021-09-08,259,4468,5.797
2021-09-09,256,4469,5.728
2021-09-10,260,4473,5.813
2021-09-13,250,4476,5.585
2021-09-14,267,4477,5.964
2021-09-15,258,4480,5.759
2021-09-16,266,4481,5.936
2021-09-17,270,4483,6.023
2021-09-22,259,4484,5.776
2021-09-23,254,4486,5.662
2021-09-24,266,4487,5.928
2021-09-27,295,4489,6.572
2021-09-28,288,4492,6.411
2021-09-29,306,4494,6.809
2021-09-30,296,4494,6.587
2021-10-08,284,4495,6.318
2021-10-11,287,4495,6.385
2021-10-12,299,4496,6.65
2021-10-13,304,4497,6.76
2021-10-14,307,4499,6.824
2021-10-15,315,4502,6.997
2021-10-18,303,4505,6.726
2021-10-19,305,4508,6.766
2021-10-20,304,4511,6.739
2021-10-21,310,4512,6.871
2021-10-22,320,4514,7.089
2021-10-25,323,4517,7.151
2021-10-26,335,4522,7.408
2021-10-27,347,4524,7.67
2021-10-28,363,4525,8.022
2021-10-29,353,4527,7.798
2021-11-01,351,4529,7.75
2021-11-02,371,4530,8.19
2021-11-03,362,4530,7.991
2021-11-04,358,4530,7.903
2021-11-05,367,4530,8.102
2021-11-08,367,4530,8.102
2021-11-09,363,4533,8.008
2021-11-10,365,4535,8.049
2021-11-11,347,4538,7.647
2021-11-12,351,4540,7.731
2021-11-15,346,4543,7.616
2021-11-16,348,4545,7.657
2021-11-17,337,4548,7.41
2021-11-18,339,4549,7.452
2021-11-19,334,4552,7.337
2021-11-22,336,4552,7.381
2021-11-23,335,4553,7.358
2021-11-24,332,4553,7.292
2021-11-25,333,4556,7.309
2021-11-26,342,4557,7.505
2021-11-29,347,4558,7.613
2021-11-30,337,4560,7.39
2021-12-01,325,4561,7.126
2021-12-02,320,4562,7.014
2021-12-03,316,4565,6.922
2021-12-06,321,4568,7.027
2021-12-07,311,4569,6.807
2021-12-08,312,4570,6.827
2021-12-09,307,4573,6.713
2021-12-10,307,4573,6.713
2021-12-13,306,4574,6.69
2021-12-14,304,4578,6.64
2021-12-15,295,4580,6.441
2021-12-16,291,4581,6.352
2021-12-17,285,4583,6.219
2021-12-20,290,4583,6.328
2021-12-21,268,4587,5.843
2021-12-22,277,4590,6.035
2021-12-23,277,4594,6.03
2021-12-24,284,4595,6.181
2021-12-27,278,4599,6.045
2021-12-28,286,4599,6.219
2021-12-29,285,4602,6.193
2021-12-30,281,4603,6.105
2021-12-31,280,4603,6.083
2022-01-04,267,4604,5.799
2022-01-05,267,4605,5.798
2022-01-06,262,4607,5.687
2022-01-07,268,4607,5.817
2022-01-10,263,4610,5.705
2022-01-11,262,4612,5.681
2022-01-12,260,4613,5.636
2022-01-13,258,4614,5.592
2022-01-14,278,4617,6.021
2022-01-17,272,4619,5.889
2022-01-18,276,4619,5.975
2022-01-19,263,4620,5.693
2022-01-20,275,4621,5.951
2022-01-21,281,4622,6.08
2022-01-24,282,4624,6.099
2022-01-25,316,4626,6.831
2022-01-26,311,4629,6.719
2022-01-27,333,4632,7.189
2022-01-28,323,4632,6.973
2022-02-07,307,4632,6.628
2022-02-08,282,4633,6.087
2022-02-09,276,4635,5.955
2022-02-10,273,4635,5.89
2022-02-11,282,4635,6.084
2022-02-14,288,4636,6.212
2022-02-15,285,4639,6.144
2022-02-16,280,4639,6.036
2022-02-17,284,4641,6.119
2022-02-18,274,4642,5.903
2022-02-21,270,4644,5.814
2022-02-22,283,4645,6.093
2022-02-23,280,4645,6.028
2022-02-24,299,4645,6.437
2022-02-25,299,4647,6.434
2022-02-28,294,4647,6.327
2022-03-01,290,4647,6.241
2022-03-02,280,4647,6.025
2022-03-03,269,4647,5.789
2022-03-04,280,4649,6.023
2022-03-07,279,4650,6.0
2022-03-08,304,4651,6.536
2022-03-09,324,4652,6.965
2022-03-10,318,4654,6.833
2022-03-11,312,4656,6.701
2022-03-14,330,4659,7.083
2022-03-15,397,4660,8.519
2022-03-16,360,4662,7.722
2022-03-17,346,4665,7.417
2022-03-18,320,4665,6.86
2022-03-21,321,4670,6.874
2022-03-22,313,4672,6.699
2022-03-23,314,4673,6.719
2022-03-24,321,4675,6.866
2022-03-25,320,4676,6.843
2022-03-28,319,4679,6.818
2022-03-29,327,4680,6.987
2022-03-30,313,4681,6.687
2022-03-31,301,4682,6.429
2022-04-01,297,4683,6.342
2022-04-06,271,4685,5.784
2022-04-07,295,4686,6.295
2022-04-08,285,4687,6.081
2022-04-11,304,4690,6.482
2022-04-12,289,4692,6.159
2022-04-13,302,4692,6.436
2022-04-14,294,4693,6.265
2022-04-15,310,4693,6.606
2022-04-18,318,4698,6.769
2022-04-19,305,4701,6.488
2022-04-20,329,4704,6.994
2022-04-21,367,4708,7.795
2022-04-22,363,4709,7.709
2022-04-25,459,4710,9.745
2022-04-26,509,4710,10.807
2022-04-27,474,4712,10.059
2022-04-28,494,4714,10.479
2022-04-29,421,4714,8.931
2022-05-05,400,4715,8.484
2022-05-06,437,4715,9.268
2022-05-09,401,4715,8.505
2022-05-10,389,4715,8.25
2022-05-11,398,4717,8.438
2022-05-12,390,4717,8.268
2022-05-13,376,4717,7.971
2022-05-16,375,4718,7.948
2022-05-17,386,4719,8.18
2022-05-18,381,4719,8.074
2022-05-19,374,4722,7.92
2022-05-20,355,4722,7.518
2022-05-23,347,4723,7.347
2022-05-24,392,4721,8.303
2022-05-25,364,4723,7.707
2022-05-26,354,4724,7.494
2022-05-27,353,4724,7.472
2022-05-30,351,4724,7.43
2022-05-31,346,4724,7.324
2022-06-01,340,4724,7.197
2022-06-02,340,4729,7.19
2022-06-06,340,4729,7.19
2022-06-07,334,4733,7.057
2022-06-08,334,4733,7.057
2022-06-09,335,4733,7.078
2022-06-10,327,4733,6.909
2022-06-13,335,4734,7.076
2022-06-14,332,4732,7.016
2022-06-15,324,4732,6.847
2022-06-16,332,4734,7.013
2022-06-17,338,4732,7.143
2022-06-20,332,4732,7.016
2022-06-21,324,4733,6.846
2022-06-22,340,4729,7.19
2022-06-23,334,4728,7.064
2022-06-24,332,4728,7.022
2022-06-27,326,4724,6.901
2022-06-28,312,4723,6.606
2022-06-29,325,4723,6.881
2022-06-30,322,4721,6.821
2022-07-01,321,4721,6.799
2022-07-04,318,4720,6.737
2022-07-05,322,4722,6.819
2022-07-06,332,4724,7.028
2022-07-07,325,4725,6.878
2022-07-08,320,4726,6.771
2022-07-11,319,4727,6.748
2022-07-12,320,4728,6.768
2022-07-13,316,4727,6.685
2022-07-14,324,4730,6.85
2022-07-15,350,4730,7.4
2022-07-18,329,4730,6.956
2022-07-19,322,4729,6.809
2022-07-20,316,4729,6.682
2022-07-21,319,4731,6.743
2022-07-22,315,4734,6.654
2022-07-25,321,4735,6.779
2022-07-26,318,4736,6.715
2022-07-27,318,4737,6.713
2022-07-28,317,4740,6.688
2022-07-29,321,4741,6.771
2022-08-01,321,4743,6.768
2022-08-02,361,4743,7.611
2022-08-03,371,4744,7.82
2022-08-04,361,4749,7.602
2022-08-05,347,4752,7.302
2022-08-08,340,4753,7.153
2022-08-09,338,4755,7.108
2022-08-10,343,4757,7.21
2022-08-11,322,4759,6.766
2022-08-12,321,4760,6.744
2022-08-15,321,4762,6.741
2022-08-16,315,4764,6.612
2022-08-17,306,4770,6.415
2022-08-18,318,4773,6.662
2022-08-19,316,4774,6.619
2022-08-22,313,4775,6.555
2022-08-23,313,4775,6.555
2022-08-24,326,4778,6.823
2022-08-25,313,4780,6.548
2022-08-26,326,4782,6.817
2022-08-29,320,4782,6.692
2022-08-30,315,4787,6.58
2022-08-31,331,4787,6.915
2022-09-01,330,4790,6.889
2022-09-02,320,4791,6.679
2022-09-05,314,4791,6.554
2022-09-06,308,4791,6.429
2022-09-07,309,4794,6.446
2022-09-08,312,4799,6.501
2022-09-09,303,4801,6.311
2022-09-13,304,4802,6.331
2022-09-14,309,4803,6.433
2022-09-15,321,4803,6.683
2022-09-16,361,4808,7.508
2022-09-19,368,4809,7.652
2022-09-20,360,4813,7.48
2022-09-21,350,4814,7.27
2022-09-22,358,4815,7.435
2022-09-23,371,4819,7.699
2022-09-26,403,4821,8.359
2022-09-27,388,4823,8.045
2022-09-28,408,4826,8.454
2022-09-29,419,4829,8.677
2022-09-30,418,4830,8.654
2022-10-10,432,4832,8.94
2022-10-11,425,4834,8.792
2022-10-12,399,4836,8.251
2022-10-13,397,4836,8.209
2022-10-14,385,4836,7.961
2022-10-17,376,4838,7.772
2022-10-18,377,4842,7.786
2022-10-19,389,4842,8.034
2022-10-20,391,4842,8.075
2022-10-21,392,4842,8.096
2022-10-24,418,4845,8.627
2022-10-25,422,4849,8.703
2022-10-26,414,4849,8.538
2022-10-27,410,4850,8.454
2022-10-28,446,4853,9.19
2022-10-31,445,4856,9.164
2022-11-01,427,4856,8.793
2022-11-02,425,4856,8.752
2022-11-03,426,4856,8.773
2022-11-04,406,4858,8.357
2022-11-07,393,4859,8.088
2022-11-08,388,4861,7.982
2022-11-09,392,4862,8.063
2022-11-10,386,4863,7.937
2022-11-11,365,4864,7.504
2022-11-14,363,4864,7.463
2022-11-15,356,4868,7.313
2022-11-16,355,4868,7.293
2022-11-17,353,4871,7.247
2022-11-18,360,4872,7.389
2022-11-21,363,4874,7.448
2022-11-22,363,4874,7.448
2022-11-23,363,4874,7.448
2022-11-24,357,4875,7.323
2022-11-25,348,4875,7.138
2022-11-28,350,4875,7.179
2022-11-29,331,4877,6.787
2022-11-30,333,4878,6.827
2022-12-01,337,4879,6.907
2022-12-02,336,4880,6.885
2022-12-05,316,4880,6.475
2022-12-06,326,4880,6.68
2022-12-07,329,4883,6.738
2022-12-08,327,4885,6.694
2022-12-09,323,4887,6.609
2022-12-12,336,4887,6.875
2022-12-13,334,4887,6.834
2022-12-14,341,4889,6.975
2022-12-15,345,4891,7.054
2022-12-16,341,4891,6.972
2022-12-19,369,4891,7.544
2022-12-20,375,4892,7.666
2022-12-21,382,4893,7.807
2022-12-22,398,4895,8.131
2022-12-23,395,4897,8.066
2022-12-26,390,4899,7.961
2022-12-27,378,4902,7.711
2022-12-28,385,4902,7.854
2022-12-29,400,4905,8.155
2022-12-30,388,4905,7.91
2023-01-03,375,4905,7.645
2023-01-04,368,4905,7.503
2023-01-05,366,4906,7.46
2023-01-06,373,4906,7.603
2023-01-09,363,4906,7.399
2023-01-10,373,4906,7.603
2023-01-11,376,4906,7.664
2023-01-12,382,4906,7.786
2023-01-13,375,4906,7.644
2023-01-16,366,4906,7.46
2023-01-17,369,4907,7.52
2023-01-18,363,4909,7.395
2023-01-19,359,4909,7.313
2023-01-20,349,4910,7.108
2023-01-30,346,4911,7.045
2023-01-31,342,4912,6.963
2023-02-01,331,4912,6.739
2023-02-02,335,4912,6.82
2023-02-03,333,4912,6.779
2023-02-06,336,4912,6.84
2023-02-07,323,4914,6.573
2023-02-08,332,4916,6.753
2023-02-09,323,4915,6.572
2023-02-10,319,4916,6.489
2023-02-13,310,4917,6.305
2023-02-14,307,4917,6.244
2023-02-15,314,4920,6.382
2023-02-16,324,4921,6.584
2023-02-17,323,4922,6.562
2023-02-20,315,4923,6.399
2023-02-21,306,4924,6.214
2023-02-22,308,4924,6.255
2023-02-23,309,4924,6.275
2023-02-24,307,4925,6.234
2023-02-27,314,4925,6.376
2023-02-28,306,4927,6.211
2023-03-01,301,4927,6.109
2023-03-02,294,4929,5.965
2023-03-03,295,4930,5.984
2023-03-06,301,4931,6.104
2023-03-07,310,4932,6.285
2023-03-08,305,4934,6.182
2023-03-09,303,4935,6.14
2023-03-10,323,4937,6.542
2023-03-13,320,4937,6.482
2023-03-14,337,4938,6.825
2023-03-15,308,4939,6.236
2023-03-16,323,4940,6.538
2023-03-17,306,4941,6.193
2023-03-20,318,4943,6.433
2023-03-21,311,4941,6.294
2023-03-22,305,4941,6.173
2023-03-23,309,4941,6.254
2023-03-24,312,4942,6.313
2023-03-27,319,4943,6.454
2023-03-28,319,4946,6.45
2023-03-29,335,4946,6.773
2023-03-30,343,4947,6.933
2023-03-31,336,4948,6.791
2023-04-03,324,4951,6.544
2023-04-04,328,4951,6.625
2023-04-06,337,4952,6.805
2023-04-07,329,4962,6.63
2023-04-10,341,4962,6.872
2023-04-11,342,4962,6.892
2023-04-12,332,4962,6.691
2023-04-13,332,4962,6.691
2023-04-14,333,4964,6.708
2023-04-17,323,4968,6.502
2023-04-18,326,4968,6.562
2023-04-19,332,4969,6.681
2023-04-20,335,4970,6.74
2023-04-21,355,4972,7.14
2023-04-24,357,4973,7.179
2023-04-25,366,4973,7.36
2023-04-26,353,4973,7.098
2023-04-27,350,4973,7.038
2023-04-28,323,4973,6.495
2023-05-04,302,4975,6.07
2023-05-05,299,4976,6.009
2023-05-08,294,4976,5.908
2023-05-09,293,4978,5.886
2023-05-10,302,4979,6.065
2023-05-11,297,4980,5.964
2023-05-12,304,4980,6.104
2023-05-15,302,4982,6.062
2023-05-16,307,4983,6.161
2023-05-17,311,4985,6.239
2023-05-18,313,4988,6.275
2023-05-19,324,4990,6.493
2023-05-22,319,4992,6.39
2023-05-23,336,4994,6.728
2023-05-24,349,4994,6.988
2023-05-25,350,4995,7.007
2023-05-26,347,4995,6.947
2023-05-29,351,4996,7.026
2023-05-30,347,4995,6.947
2023-05-31,351,4996,7.026
2023-06-01,349,4998,6.983
2023-06-02,340,4999,6.801
2023-06-05,333,5001,6.659
2023-06-06,352,5001,7.039
2023-06-07,345,5002,6.897
2023-06-08,336,5005,6.713
2023-06-09,340,5005,6.793
2023-06-12,337,5005,6.733
2023-06-13,340,5006,6.792
2023-06-14,342,5007,6.83
2023-06-15,345,5008,6.889
2023-06-16,339,5009,6.768
2023-06-19,348,5011,6.945
2023-06-20,365,5012,7.283
2023-06-21,362,5009,7.227
2023-06-26,379,5013,7.56
2023-06-27,357,5016,7.117
2023-06-28,355,5017,7.076
2023-06-29,356,5019,7.093
2023-06-30,340,5018,6.776
2023-07-03,332,5019,6.615
2023-07-04,328,5020,6.534
2023-07-05,334,5018,6.656
2023-07-06,331,5017,6.598
2023-07-07,331,5019,6.595
2023-07-10,326,5017,6.498
2023-07-11,328,5021,6.533
2023-07-12,333,5018,6.636
2023-07-13,325,5015,6.481
2023-07-14,323,5017,6.438
2023-07-17,323,5018,6.437
2023-07-18,321,5021,6.393
2023-07-19,317,5022,6.312
2023-07-20,318,5023,6.331
2023-07-21,315,5025,6.269
2023-07-24,312,5027,6.206
2023-07-25,293,5030,5.825
2023-07-26,289,5031,5.744
2023-07-27,293,5031,5.824
2023-07-28,282,5030,5.606
2023-07-31,271,5031,5.387
2023-08-01,266,5031,5.287
2023-08-02,275,5033,5.464
2023-08-03,272,5033,5.404
2023-08-04,274,5034,5.443
2023-08-07,285,5035,5.66
2023-08-08,286,5038,5.677
2023-08-09,289,5039,5.735
2023-08-10,290,5039,5.755
2023-08-11,300,5038,5.955
2023-08-14,298,5040,5.913
2023-08-15,298,5041,5.912
2023-08-16,297,5043,5.889
2023-08-17,296,5045,5.867
2023-08-18,310,5046,6.143
2023-08-21,315,5046,6.243
2023-08-22,315,5047,6.241
2023-08-23,324,5047,6.42
2023-08-24,330,5048,6.537
2023-08-25,343,5049,6.793
2023-08-28,321,5049,6.358
2023-08-29,306,5050,6.059
2023-08-30,316,5050,6.257
2023-09-01,322,5051,6.375
2023-09-04,303,5052,5.998
2023-09-05,314,5053,6.214
2023-09-06,311,5053,6.155
2023-09-07,325,5053,6.432
2023-09-08,330,5056,6.527
2023-09-11,311,5056,6.151
2023-09-12,312,5056,6.171
2023-09-13,320,5057,6.328
2023-09-14,324,5058,6.406
2023-09-15,320,5058,6.327
2023-09-18,316,5058,6.248
2023-09-19,320,5060,6.324
2023-09-20,324,5061,6.402
2023-09-21,328,5061,6.481
2023-09-22,318,5063,6.281
2023-09-25,328,5063,6.478
2023-09-26,331,5063,6.538
2023-09-27,331,5065,6.535
2023-09-28,327,5065,6.456
2023-10-09,339,5066,6.692
2023-10-10,349,5067,6.888
2023-10-11,361,5067,7.125
2023-10-12,344,5067,6.789
2023-10-13,362,5067,7.144
2023-10-16,360,5069,7.102
2023-10-17,364,5069,7.181
2023-10-18,381,5069,7.516
2023-10-19,390,5069,7.694
2023-10-20,395,5070,7.791
2023-10-23,421,5071,8.302
2023-10-24,394,5071,7.77
2023-10-25,383,5070,7.554
2023-10-26,383,5070,7.554
2023-10-27,367,5071,7.237
2023-10-30,364,5072,7.177
2023-10-31,372,5073,7.333
2023-11-01,364,5073,7.175
2023-11-02,370,5074,7.292
2023-11-03,370,5074,7.292
2023-11-06,356,5075,7.015
2023-11-07,357,5075,7.034
2023-11-08,360,5076,7.092
2023-11-09,367,5076,7.23
2023-11-10,361,5077,7.11
2023-11-13,357,5077,7.032
2023-11-14,360,5077,7.091
2023-11-15,352,5077,6.933
2023-11-16,357,5079,7.029
2023-11-17,356,5079,7.009
2023-11-20,349,5079,6.871
2023-11-21,344,5079,6.773
2023-11-22,354,5079,6.97
2023-11-23,339,5079,6.675
2023-11-24,343,5079,6.753
2023-11-27,350,5080,6.89
2023-11-28,346,5081,6.81
2023-11-29,352,5081,6.928
2023-11-30,355,5082,6.985
2023-12-01,353,5082,6.946
2023-12-04,350,5083,6.886
2023-12-05,359,5084,7.061
2023-12-06,357,5084,7.022
2023-12-07,361,5085,7.099
2023-12-08,366,5085,7.198
2023-12-11,365,5086,7.177
2023-12-12,358,5087,7.038
2023-12-13,363,5087,7.136
2023-12-14,365,5088,7.174
2023-12-15,365,5089,7.172
2023-12-18,375,5089,7.369
2023-12-19,376,5090,7.387
2023-12-20,382,5091,7.503
2023-12-21,375,5092,7.364
2023-12-22,390,5092,7.659
2023-12-25,396,5093,7.775
2023-12-26,410,5094,8.049
2023-12-27,402,5095,7.89
2023-12-28,390,5096,7.653
2023-12-29,381,5096,7.476
2024-01-02,373,5097,7.318
2024-01-03,365,5097,7.161
2024-01-04,361,5097,7.083
2024-01-05,376,5097,7.377
2024-01-08,395,5097,7.75
2024-01-09,391,5098,7.67
2024-01-10,401,5099,7.864
2024-01-11,389,5099,7.629
2024-01-12,391,5099,7.668
2024-01-15,390,5100,7.647
2024-01-16,395,5100,7.745
2024-01-17,411,5101,8.057
2024-01-18,425,5102,8.33
2024-01-19,434,5102,8.506
2024-01-22,523,5102,10.251
2024-01-23,516,5103,10.112
2024-01-24,480,5103,9.406
2024-01-25,420,5103,8.23
2024-01-26,415,5103,8.132
2024-01-29,450,5104,8.817
2024-01-30,491,5104,9.62
2024-01-31,547,5104,10.717
2024-02-01,582,5105,11.401
2024-02-02,657,5105,12.87
2024-02-05,828,5105,16.219
2024-02-06,794,5106,15.55
2024-02-07,850,5107,16.644
2024-02-08,704,5107,13.785
2024-02-19,648,5107,12.688
2024-02-20,627,5107,12.277
2024-02-21,601,5107,11.768
2024-02-22,570,5107,11.161
2024-02-23,532,5107,10.417
2024-02-26,524,5107,10.26
2024-02-27,492,5108,9.632
2024-02-28,584,5108,11.433
2024-02-29,521,5109,10.198
2024-03-01,520,5109,10.178
2024-03-04,526,5108,10.298
2024-03-05,548,5108,10.728
2024-03-06,538,5108,10.532
2024-03-07,544,5108,10.65
2024-03-08,532,5108,10.415
2024-03-11,505,5108,9.886
2024-03-12,493,5110,9.648
2024-03-13,497,5110,9.726
2024-03-14,500,5110,9.785
2024-03-15,483,5110,9.452
2024-03-18,466,5109,9.121
2024-03-19,467,5111,9.137
2024-03-20,457,5111,8.941
2024-03-21,458,5111,8.961
2024-03-22,469,5110,9.178
2024-03-25,491,5110,9.609
2024-03-26,488,5110,9.55
2024-03-27,516,5112,10.094
2024-03-28,503,5112,9.84
2024-03-29,480,5112,9.39
2024-04-01,457,5113,8.938
2024-04-02,443,5113,8.664
2024-04-03,442,5114,8.643
2024-04-08,465,5114,9.093
2024-04-09,449,5114,8.78
2024-04-10,470,5115,9.189
2024-04-11,464,5115,9.071
2024-04-12,477,5116,9.324
2024-04-15,524,5116,10.242
2024-04-16,647,5116,12.647
2024-04-17,545,5116,10.653
2024-04-18,549,5115,10.733
2024-04-19,547,5114,10.696
2024-04-22,577,5114,11.283
2024-04-23,561,5114,10.97
2024-04-24,551,5114,10.774
2024-04-25,533,5114,10.422
2024-04-26,516,5113,10.092
2024-04-29,485,5113,9.486
2024-04-30,484,5113,9.466
2024-05-06,449,5113,8.782
2024-05-08,464,5114,9.073
2024-05-09,446,5114,8.721
2024-05-10,460,5115,8.993
2024-05-13,466,5115,9.11
2024-05-14,459,5115,8.974
2024-05-15,468,5115,9.15
2024-05-16,456,5115,8.915
2024-05-17,443,5115,8.661
2024-05-20,449,5115,8.778
2024-05-21,458,5115,8.954
2024-05-22,457,5115,8.935
2024-05-23,490,5115,9.58
2024-05-24,498,5115,9.736
2024-05-27,490,5115,9.58
2024-05-28,514,5115,10.049
2024-05-29,507,5115,9.912
2024-05-30,516,5115,10.088
2024-05-31,511,5115,9.99
2024-06-03,548,5115,10.714
2024-06-04,563,5114,11.009
2024-06-05,599,5114,11.713
2024-06-06,675,5115,13.196
2024-06-07,627,5114,12.26
2024-06-11,629,5115,12.297
2024-06-12,612,5115,11.965
2024-06-13,623,5115,12.18
2024-06-14,626,5115,12.239
2024-06-17,644,5115,12.59
2024-06-18,628,5115,12.278
2024-06-19,637,5116,12.451
2024-06-20,665,5115,13.001
2024-06-21,666,5114,13.023
2024-06-24,744,5114,14.548
2024-06-25,730,5116,14.269
2024-06-26,679,5116,13.272
2024-06-27,701,5113,13.71
2024-06-28,699,5111,13.676
2024-07-01,674,5111,13.187
2024-07-02,672,5112,13.146
2024-07-03,673,5112,13.165
2024-07-04,733,5112,14.339
2024-07-05,713,5110,13.953
2024-07-08,764,5110,14.951
2024-07-09,749,5111,14.655
2024-07-10,774,5110,15.147
2024-07-11,700,5110,13.699
2024-07-12,700,5109,13.701
2024-07-15,742,5109,14.523
2024-07-16,749,5109,14.66
2024-07-17,765,5109,14.974
2024-07-18,765,5108,14.977
2024-07-19,763,5109,14.934
2024-07-22,759,5108,14.859
2024-07-23,790,5108,15.466
2024-07-24,818,5106,16.02
2024-07-25,807,5107,15.802
2024-07-26,769,5106,15.061
2024-07-29,772,5106,15.119
2024-07-30,758,5107,14.842
2024-07-31,694,5108,13.587
2024-08-01,700,5107,13.707
2024-08-02,710,5107,13.902
2024-08-05,748,5107,14.647
2024-08-06,715,5107,14.0
2024-08-07,720,5107,14.098
2024-08-08,709,5107,13.883
2024-08-09,727,5106,14.238
2024-08-12,734,5103,14.384
2024-08-13,718,5104,14.067
2024-08-14,740,5104,14.498
2024-08-15,724,5103,14.188
2024-08-19,737,5100,14.451
2024-08-20,783,5101,15.35
2024-08-21,794,5101,15.566
2024-08-22,818,5100,16.039
2024-08-23,831,5100,16.294
2024-08-26,810,5099,15.885
2024-08-27,817,5099,16.023
2024-08-28,812,5099,15.925
2024-08-29,781,5099,15.317
2024-08-30,748,5098,14.672
2024-09-02,772,5099,15.14
2024-09-03,763,5100,14.961
2024-09-04,772,5100,15.137
2024-09-05,762,5099,14.944
2024-09-06,790,5099,15.493
2024-09-09,798,5099,15.65
2024-09-10,795,5100,15.588
2024-09-11,800,5100,15.686
2024-09-12,796,5100,15.608
2024-09-13,817,5100,16.02
2024-09-18,838,5099,16.435
2024-09-19,787,5100,15.431
2024-09-20,796,5099,15.611
2024-09-23,796,5099,15.611
2024-09-24,711,5099,13.944
2024-09-25,694,5101,13.605
2024-09-26,614,5101,12.037
2024-09-27,554,5101,10.861
2024-09-30,415,5101,8.136
2024-10-08,361,5101,7.077
2024-10-09,476,5101,9.332
2024-10-10,459,5102,8.996
2024-10-11,513,5100,10.059
2024-10-14,463,5100,9.078
2024-10-15,496,5101,9.724
2024-10-16,484,5102,9.486
2024-10-17,515,5102,10.094
2024-10-18,477,5102,9.349
2024-10-21,475,5102,9.31
2024-10-22,456,5102,8.938
2024-10-23,447,5104,8.758
2024-10-24,445,5105,8.717
2024-10-25,423,5105,8.286
2024-10-28,389,5106,7.618
2024-10-29,426,5106,8.343
2024-10-30,429,5107,8.4
2024-10-31,415,5107,8.126
2024-11-01,437,5107,8.557
2024-11-04,419,5107,8.204
2024-11-05,390,5107,7.637
2024-11-06,388,5109,7.594
2024-11-07,345,5109,6.753
2024-11-08,357,5109,6.988
2024-11-11,343,5109,6.714
2024-11-12,350,5109,6.851
2024-11-13,357,5109,6.988
2024-11-14,382,5109,7.477
2024-11-15,401,5109,7.849
2024-11-18,397,5109,7.771
2024-11-19,379,5110,7.417
2024-11-20,357,5110,6.986
2024-11-21,352,5111,6.887
2024-11-22,403,5111,7.885
2024-11-25,382,5112,7.473
2024-11-26,395,5112,7.727
2024-11-27,383,5112,7.492
2024-11-28,378,5113,7.393
2024-11-29,363,5113,7.1
2024-12-02,340,5113,6.65
2024-12-03,336,5114,6.57
2024-12-04,356,5115,6.96
2024-12-05,342,5115,6.686
2024-12-06,325,5115,6.354
2024-12-09,332,5115,6.491
2024-12-10,325,5116,6.353
2024-12-11,309,5117,6.039
2024-12-12,294,5117,5.746
2024-12-13,318,5117,6.215
2024-12-16,319,5117,6.234
2024-12-17,356,5117,6.957
2024-12-18,352,5117,6.879
2024-12-19,364,5119,7.111
2024-12-20,363,5119,7.091
2024-12-23,404,5120,7.891
2024-12-24,390,5120,7.617
2024-12-25,406,5120,7.93
2024-12-26,403,5120,7.871
2024-12-27,384,5121,7.499
2024-12-30,386,5121,7.538
2024-12-31,418,5121,8.162
2025-01-02,453,5123,8.842
2025-01-03,503,5123,9.818
2025-01-06,501,5123,9.779
2025-01-07,481,5123,9.389
2025-01-08,491,5123,9.584
2025-01-09,493,5125,9.62
2025-01-10,526,5125,10.263
2025-01-13,519,5125,10.127
2025-01-14,474,5127,9.245
2025-01-15,471,5127,9.187
2025-01-16,466,5127,9.089
2025-01-17,463,5127,9.031
2025-01-20,461,5127,8.992
2025-01-21,463,5129,9.027
2025-01-22,483,5130,9.415
2025-01-23,471,5130,9.181
2025-01-24,466,5132,9.08
2025-01-27,463,5132,9.022
2025-02-05,472,5132,9.197
2025-02-06,455,5132,8.866
2025-02-07,437,5132,8.515
2025-02-10,427,5131,8.322
2025-02-11,425,5131,8.283
2025-02-12,425,5131,8.283
2025-02-13,430,5131,8.38
2025-02-14,433,5131,8.439
2025-02-17,423,5131,8.244
2025-02-18,450,5131,8.77
2025-02-19,435,5131,8.478
2025-02-20,435,5131,8.478
2025-02-21,436,5131,8.497
2025-02-24,421,5131,8.205
2025-02-25,431,5131,8.4
2025-02-26,414,5131,8.069
2025-02-27,413,5131,8.049
2025-02-28,433,5132,8.437
2025-03-03,424,5133,8.26
2025-03-04,420,5132,8.184
2025-03-05,421,5131,8.205
2025-03-06,409,5131,7.971
2025-03-07,418,5131,8.147
2025-03-10,411,5133,8.007
2025-03-11,405,5133,7.89
2025-03-12,399,5133,7.773
2025-03-13,397,5133,7.734
2025-03-14,381,5133,7.423
2025-03-17,376,5134,7.324
2025-03-18,369,5135,7.186
2025-03-19,372,5136,7.243
2025-03-20,371,5136,7.224
2025-03-21,381,5137,7.417
2025-03-24,389,5138,7.571
2025-03-25,387,5138,7.532
2025-03-26,375,5140,7.296
2025-03-27,385,5140,7.49
2025-03-28,402,5140,7.821
2025-03-31,414,5140,8.054
2025-04-01,403,5141,7.839
2025-04-02,401,5141,7.8
2025-04-03,390,5141,7.586
2025-04-07,553,5142,10.755
2025-04-08,546,5143,10.616
2025-04-09,522,5143,10.15
2025-04-10,489,5144,9.506
2025-04-11,484,5144,9.409
2025-04-14,467,5145,9.077
2025-04-15,466,5146,9.056
2025-04-16,480,5147,9.326
2025-04-17,473,5147,9.19
2025-04-18,469,5147,9.112
2025-04-21,458,5147,8.898
2025-04-22,451,5147,8.762
2025-04-23,444,5149,8.623
2025-04-24,440,5150,8.544
2025-04-25,440,5150,8.544
2025-04-28,468,5150,9.087
2025-04-29,451,5150,8.757
2025-04-30,450,5146,8.745
2025-05-06,427,5146,8.298
2025-05-07,409,5146,7.948
2025-05-08,403,5146,7.831
2025-05-09,407,5146,7.909
2025-05-12,407,5146,7.909
2025-05-13,400,5146,7.773
2025-05-14,392,5146,7.618
2025-05-15,396,5148,7.692
2025-05-16,398,5150,7.728
2025-05-19,391,5150,7.592
2025-05-20,384,5150,7.456
2025-05-21,386,5149,7.497
2025-05-22,400,5149,7.768
2025-05-23,406,5149,7.885
2025-05-26,403,5147,7.83
2025-05-27,401,5147,7.791
2025-05-28,400,5148,7.77
2025-05-29,387,5147,7.519
2025-05-30,395,5147,7.674
2025-06-03,391,5147,7.597
2025-06-04,386,5149,7.497
2025-06-05,386,5149,7.497
2025-06-06,384,5149,7.458
2025-06-09,376,5149,7.302
2025-06-10,382,5150,7.417
2025-06-11,377,5151,7.319
2025-06-12,381,5151,7.397
2025-06-13,391,5151,7.591
2025-06-16,388,5151,7.533
2025-06-17,385,5151,7.474
2025-06-18,390,5151,7.571
2025-06-19,401,5153,7.782
2025-06-20,407,5153,7.898
2025-06-23,398,5153,7.724
2025-06-24,389,5153,7.549
2025-06-25,381,5153,7.394
2025-06-26,385,5153,7.471
2025-06-27,382,5152,7.415
2025-06-30,380,5153,7.374
2025-07-01,375,5153,7.277
2025-07-02,370,5153,7.18
2025-07-03,365,5150,7.087
2025-07-04,373,5150,7.243
2025-07-07,366,5151,7.105
2025-07-08,354,5151,6.872
2025-07-09,353,5152,6.852
2025-07-10,342,5150,6.641
2025-07-11,339,5150,6.583
2025-07-14,339,5150,6.583
2025-07-15,349,5150,6.777
2025-07-16,343,5150,6.66
2025-07-17,345,5150,6.699
2025-07-18,338,5149,6.564
2025-07-21,316,5148,6.138
2025-07-22,304,5150,5.903
2025-07-23,308,5150,5.981
2025-07-24,298,5149,5.788
2025-07-25,299,5149,5.807
2025-07-28,300,5149,5.826
2025-07-29,306,5150,5.942
2025-07-30,314,5150,6.097
2025-07-31,332,5150,6.447
2025-08-01,332,5150,6.447
2025-08-04,325,5150,6.311
2025-08-05,314,5151,6.096
2025-08-06,316,5151,6.135
2025-08-07,317,5152,6.153
2025-08-08,312,5152,6.056
2025-08-11,306,5153,5.938
2025-08-12,304,5153,5.899
2025-08-13,304,5153,5.899
2025-08-14,321,5153,6.229
2025-08-20,294,5153,5.705
2025-08-21,289,5153,5.608
2025-08-22,290,5153,5.628
2025-08-25,280,5153,5.434
2025-08-26,276,5153,5.356
2025-08-27,300,5153,5.822
2025-08-28,300,5153,5.822
2025-08-29,299,5153,5.802
2025-09-01,295,5153,5.725
2025-09-02,299,5153,5.802
2025-09-03,307,5153,5.958
2025-09-04,307,5153,5.958
2025-09-05,301,5153,5.841
2025-09-08,296,5153,5.744
2025-09-09,295,5154,5.724
2025-09-10,293,5154,5.685
2025-09-11,293,5154,5.685
2025-09-12,291,5154,5.646
2025-09-15,295,5154,5.724
2025-09-16,291,5154,5.646
2025-09-17,292,5154,5.666
2025-09-18,297,5154,5.763
2025-09-19,300,5154,5.821
2025-09-22,311,5155,6.033
2025-09-23,323,5155,6.266
2025-09-24,307,5157,5.953
2025-09-25,317,5158,6.146
2025-09-26,323,5158,6.262
2025-09-29,311,5159,6.028
2025-09-30,313,5159,6.067
2025-10-09,302,5159,5.854
2025-10-10,288,5159,5.582
2025-10-13,294,5159,5.699
2025-10-14,293,5158,5.68
2025-10-15,289,5158,5.603
2025-10-16,289,5159,5.602
2025-10-17,301,5159,5.834
2025-10-20,292,5159,5.66
2025-10-21,281,5160,5.446
2025-10-22,281,5160,5.446
2025-10-23,272,5161,5.27
2025-10-24,284,5161,5.503
2025-10-27,282,5164,5.461
2025-10-28,283,5164,5.48
2025-10-29,283,5164,5.48
2025-10-30,283,5164,5.48
2025-10-31,282,5164,5.461
2025-11-03,274,5164,5.306
2025-11-04,276,5165,5.344
2025-11-05,273,5166,5.285
2025-11-06,269,5167,5.206
2025-11-07,263,5167,5.09
2025-11-10,254,5167,4.916
2025-11-11,250,5166,4.839
2025-11-12,254,5166,4.917
2025-11-13,248,5166,4.801
2025-11-14,245,5166,4.743
2025-11-17,245,5168,4.741
2025-11-18,266,5168,5.147
2025-11-19,273,5168,5.283
2025-11-20,278,5168,5.379
2025-11-21,300,5168,5.805
2025-11-24,299,5169,5.784
2025-11-25,293,5169,5.668
2025-11-26,295,5169,5.707
2025-11-27,296,5169,5.726
2025-11-28,290,5169,5.61
2025-12-01,288,5169,5.572
2025-12-02,288,5170,5.571
2025-12-03,289,5170,5.59
2025-12-04,290,5170,5.609
2025-12-05,284,5170,5.493
2025-12-08,287,5170,5.551
2025-12-09,294,5171,5.686
2025-12-10,295,5171,5.705
2025-12-11,301,5171,5.821
2025-12-12,310,5171,5.995
2025-12-15,307,5172,5.936
2025-12-16,317,5173,6.128
2025-12-17,312,5174,6.03
2025-12-18,307,5175,5.932
2025-12-19,292,5175,5.643
2025-12-22,294,5178,5.678
2025-12-23,296,5179,5.715
2025-12-24,294,5179,5.677
2025-12-25,290,5179,5.6
2025-12-26,291,5179,5.619
2025-12-29,293,5182,5.654
2025-12-30,296,5182,5.712
2025-12-31,302,5182,5.828
2026-01-05,288,5183,5.557
2026-01-06,282,5183,5.441
2026-01-07,283,5183,5.46
2026-01-08,280,5183,5.402
2026-01-09,272,5183,5.248
2026-01-12,269,5183,5.19
2026-01-13,265,5183,5.113
2026-01-14,267,5184,5.15
2026-01-15,270,5184,5.208
2026-01-16,276,5184,5.324
2026-01-19,260,5184,5.015
2026-01-20,256,5184,4.938
2026-01-21,254,5183,4.901
2026-01-22,250,5183,4.823
2026-01-23,245,5183,4.727
2026-01-26,247,5183,4.766
2026-01-27,253,5184,4.88
2026-01-28,254,5185,4.899
2026-01-29,250,5185,4.822
2026-01-30,256,5185,4.937
2026-02-02,267,5186,5.148
2026-02-03,261,5186,5.033
2026-02-04,254,5187,4.897
2026-02-05,256,5187,4.935
2026-02-06,258,5187,4.974
2026-02-09,254,5189,4.895
2026-02-10,254,5190,4.894
2026-02-11,256,5190,4.933
2026-02-12,259,5190,4.99
2026-02-13,263,5190,5.067
2026-02-24,258,5190,4.971
2026-02-25,249,5190,4.798
2026-02-26,249,5190,4.798
2026-03-03,258,5190,4.971
2026-03-04,272,5190,5.241
2026-03-05,264,5191,5.086
2026-03-06,244,5191,4.7
2026-03-09,252,5191,4.855
2026-03-10,248,5191,4.777
2026-03-11,243,5191,4.681
2026-03-12,238,5191,4.585
2026-03-13,241,5191,4.643
2026-03-16,252,5191,4.855
2026-03-17,257,5191,4.951
2026-03-18,255,5191,4.912
2026-03-19,270,5191,5.201
2026-03-20,282,5191,5.432
2026-03-23,332,5191,6.396
2026-03-24,304,5193,5.854
2026-03-25,283,5193,5.45
2026-03-26,290,5192,5.586
2026-03-27,284,5192,5.47
2026-03-30,286,5193,5.507
2026-03-31,291,5194,5.603
2026-04-01,290,5194,5.583
2026-04-02,296,5194,5.699
2026-04-03,321,5194,6.18
2026-04-07,306,5195,5.89
2026-04-08,287,5195,5.525
2026-04-09,299,5197,5.753
2026-04-10,294,5197,5.657
2026-04-13,300,5196,5.774
2026-04-14,297,5196,5.716
2026-04-15,294,5198,5.656
2026-04-16,291,5199,5.597
2026-04-17,295,5199,5.674
2026-04-20,291,5201,5.595
2026-04-21,290,5200,5.577
2026-04-22,284,5200,5.462
2026-04-23,289,5201,5.557
2026-04-24,303,5200,5.827
2026-04-27,305,5200,5.865
2026-04-28,297,5200,5.712
2026-04-29,284,5201,5.46
2026-04-30,289,5201,5.557
2026-05-06,284,5201,5.46
2026-05-07,287,5201,5.518
2026-05-08,288,5201,5.537
2026-05-11,285,5203,5.478
2026-05-12,291,5203,5.593
2026-05-13,292,5203,5.612
2026-05-14,304,5204,5.842
2026-05-15,318,5204,6.111
2026-05-18,323,5205,6.206
2026-05-19,319,5205,6.129
2026-05-20,327,5205,6.282
2026-05-21,348,5207,6.683
2026-05-22,346,5207,6.645
2026-05-25,343,5207,6.587
2026-05-26,347,5208,6.663
2026-05-27,368,5208,7.066
2026-05-28,368,5208,7.066
2026-05-29,367,5208,7.047
2026-06-01,341,5208,6.548
2026-06-02,356,5207,6.837
2026-06-03,369,5207,7.087
2026-06-04,380,5207,7.298
2026-06-05,376,5207,7.221
2026-06-08,405,5208,7.776
2026-06-09,407,5207,7.816
2026-06-10,422,5207,8.104
2026-06-11,436,5207,8.373
2026-06-12,414,5207,7.951
2026-06-15,412,5207,7.912
2026-06-16,417,5207,8.008
2026-06-17,436,5207,8.373
2026-06-18,451,5207,8.661
2026-06-22,435,5207,8.354
2026-06-23,438,5208,8.41
2026-06-24,465,5208,8.929
2026-06-25,482,5207,9.257
2026-06-26,511,5205,9.817
2026-06-29,508,5205,9.76
2026-06-30,520,5205,9.99
2026-07-01,485,5206,9.316
2026-07-02,486,5204,9.339
2026-07-03,471,5203,9.052
2026-07-06,464,5203,8.918
2026-07-07,499,5203,9.591
2026-07-08,498,5203,9.571
2026-07-09,505,5203,9.706
2026-07-10,492,5203,9.456
2026-07-13,508,5201,9.767
2026-07-14,481,5201,9.248
2026-07-15,460,5201,8.844
2026-07-16,457,5200,8.788
2026-07-17,483,5200,9.288
2026-07-20,488,5201,9.383
2026-07-21,504,5201,9.69
2026-07-22,514,5201,9.883
2026-07-23,477,5201,9.171
2026-07-24,518,5201,9.96
2026-07-27,490,5202,9.419
2026-07-28,477,5202,9.17
2026-07-29,453,5203,8.707
2026-07-30,455,5203,8.745
2026-07-31,445,5203,8.553
2026-08-03,421,5204,8.09
2026-08-04,432,5204,8.301
2026-08-05,433,5205,8.319
2026-08-06,437,5206,8.394
2026-08-07,436,5206,8.375
2026-08-10,420,5208,8.065
2026-08-11,423,5208,8.122
2026-08-12,413,5208,7.93
2026-08-13,424,5208,8.141
2026-08-14,438,5208,8.41
2026-08-17,420,5209,8.063
2026-08-18,420,5210,8.061
2026-08-19,446,5211,8.559
2026-08-20,432,5211,8.29
2026-08-21,441,5211,8.463
2026-08-24,443,5211,8.501
2026-08-25,418,5212,8.02
2026-08-26,409,5212,7.847
2026-08-27,413,5212,7.924
2026-08-28,400,5212,7.675
2026-08-31,401,5214,7.691
2026-09-01,383,5215,7.344
2026-09-02,402,5215,7.709
2026-09-03,413,5215,7.919
2026-09-04,401,5215,7.689
2026-09-07,400,5216,7.669
2026-09-08,380,5217,7.284
2026-09-09,386,5218,7.397
2026-09-10,403,5219,7.722
2026-09-11,433,5219,8.297
2026-09-14,428,5219,8.201
2026-09-15,451,5220,8.64
2026-09-16,443,5221,8.485
